work_A,work_B,jaccardSimilarity
26686,36905,0.23578899499772624
26686,46184,0.2213192612137203
26686,47311,0.15308514896780465
26686,52912,0.22581387323133556
26686,5323,0.219134918361501
26686,53628,0.19602074785166834
26686,75277,0.20188069350573024
26686,10353,0.09213830403708712
26686,10354,0.1068568079703067
26686,10425,0.18820616003714596
26686,10426,0.17412935323383086
26686,10428,0.187751677852349
26686,17657,0.17531534408430466
26686,17664,0.19079539769884943
26686,18101,0.10055966781007403
26686,2054,0.15963806753918242
26686,21000,0.18852147472443936
26686,2146,0.2037224065791372
26686,2228,0.2025772481640571
26686,2229,0.18031746031746032
26686,2230,0.16346059955082512
26686,2312,0.1959018938217945
26686,2319,0.16714244932914646
26686,2320,0.15037462972643317
26686,2321,0.19023833309547594
26686,2335,0.20467234792829855
26686,2336,0.2118568894145476
26686,2337,0.19708255741775293
26686,2338,0.2107367218732153
26686,2339,0.206307102858827
26686,2340,0.19316952557564518
26686,2341,0.206546795758414
26686,2342,0.210989010989011
26686,2402,0.18421463110279207
26686,2403,0.19940689232027814
26686,2404,0.16698148847752173
26686,2405,0.18736922198972797
26686,2406,0.11317799099275504
26686,2407,0.19065420560747665
26686,2408,0.2055733211512106
26686,2409,0.2132135681361541
26686,2410,0.1956813604833296
26686,2411,0.19707483719440588
26686,2420,0.1746031746031746
26686,312160,0.14937266870125465
26686,34059,0.040268456375838924
26686,46021,0.17643271088216356
26686,48148,0.20204168438962145
26686,48919,0.19568184638292593
26686,49024,0.16389021101062987
26686,49593,0.1719640179910045
26686,5325,0.1178951228456179
26686,5326,0.13862397820163488
26686,5653,0.15291175419792782
26686,7875,0.11791507198833606
26686,9260,0.0673865226954609
26686,24249,0.18401655243760506
26686,3498,0.16214565004887585
26686,39792,0.015031315240083507
26686,45600,0.16003398951989803
26686,5607,0.1590428491930996
26686,6079,0.1637462235649547
26686,17622,0.2144721577726218
26686,2499,0.19783479163577042
26686,41051,0.2027563395810364
26686,41818,0.19498276067055048
26686,41907,0.2141125430649483
26686,42311,0.17481146304675715
26686,42338,0.19702238643773093
26686,46135,0.11068211068211069
26686,47818,0.2033898305084746
26686,49908,0.20035424046676392
26686,55321,0.20698590381426202
26686,60437,0.2016750096264921
26686,61266,0.21717731020056602
26686,64449,0.1900545785324439
26686,64466,0.20614784093681385
26686,64513,0.18401486988847585
26686,64522,0.20735694822888284
26686,64525,0.1938210030479357
26686,75802,0.19114035949317357
26686,79173,0.19368899838908368
26686,22492,0.1428680164408586
26686,22659,0.06343577620173364
26686,22761,0.08040027605244997
26686,24746,0.14426585915055518
26686,28280,0.1471315911550951
26686,38638,0.14347463410935013
26686,16304,0.16521739130434782
26686,21593,0.11912653538701501
26686,21989,0.18178923909582936
26686,22367,0.20173326913818007
26686,23532,0.13799516458992003
26686,25791,0.16063469424139776
26686,30570,0.013044393014937934
26686,30655,0.10289264220539701
26686,30753,0.03907380607814761
26686,38395,0.1262905604719764
26686,69327,0.2092010824802918
26686,30821,0.08276266875366856
26686,36076,0.1546360616128058
26686,38295,0.14046822742474915
26686,38754,0.09992500937382827
26686,38755,0.07180487804878048
26686,41197,0.15363128491620112
26686,46873,0.12904696762425902
26686,49543,0.15933442581621077
26686,55925,0.16130047194546407
26686,56182,0.1605881012081149
26686,6342,0.15030541012216406
26686,6343,0.15040085515766968
26686,10055,0.13474194665742986
26686,6820,0.027072053311120368
26686,6822,0.13293103448275861
26686,6831,0.10726770929162834
26686,6889,0.12099137570124759
26686,9108,0.17625356364246184
26686,9110,0.14343360234776228
26686,9157,0.18280600830936403
26686,9158,0.13584288052373159
26686,9159,0.12138400453771979
26686,9160,0.11146737080347038
26686,9186,0.19412921773339387
26686,9187,0.17913975106349456
26686,9325,0.17560568086883876
26686,9326,0.09410166860690726
26686,9369,0.1737751704455367
26686,9375,0.12956441149212233
26686,9950,0.13833110218652386
26686,31218,0.19092354386472032
26686,33328,0.09387986399697772
26686,33329,0.133687808583365
26686,35264,0.2074774034511093
26686,38126,0.1822706065318818
26686,43335,0.13462240058372857
26686,44174,0.19919299281566774
26686,45123,0.19012965286491007
26686,45635,0.16106804478897502
26686,46157,0.1722689075630252
26686,46987,0.20759727514143864
26686,2188,0.20882385300913192
26686,24043,0.08553809429082952
26686,24288,0.15882831570382425
26686,27822,0.21192859074925616
26686,31199,0.17249293785310735
26686,33863,0.14759725400457666
26686,33864,0.1554792382141742
26686,34521,0.1636095643629217
26686,38402,0.22556843848817948
26686,40117,0.08334983171649178
26686,45579,0.17616948670553106
26686,312161,0.14937266870125465
26686,47804,0.17993940705475006
26686,6383,0.16806603102319626
26686,6496,0.17928994082840236
26686,6498,0.20288278487897743
26686,6499,0.19711414583870138
26686,6503,0.15335521517140774
26686,6504,0.18442346594740391
26686,6505,0.18360756573888976
26686,6518,0.16926613035626334
26686,6525,0.19150499706055263
26686,6549,0.18870224871308588
26686,6649,0.1307383487519637
26686,77182,0.18527315914489312
26686,7939,0.06379585326953748
26686,20977,0.11955676516329705
26686,24212,0.08508914100486224
26686,24213,0.08318264014466546
26686,24214,0.16651616398771898
26686,6651,0.16764444444444446
26686,74008,0.1950260119274204
26686,8889,0.18743947987273482
26686,8895,0.19670396129422438
26686,8915,0.14554076235637425
26686,8916,0.13704846614630606
26686,8917,0.07861386138613861
26686,8919,0.19121287128712872
26686,8921,0.18971603990790484
26686,8922,0.1556108838698204
26686,8923,0.1476679272465334
26686,8925,0.1429606812828411
26686,8926,0.18260135135135136
26686,8927,0.17691001697792869
26686,30165,0.21266199277671552
26686,64417,0.20967102655568767
26686,64482,0.21373964748354216
26686,64718,0.19700839109813936
26686,64869,0.18997821350762528
26686,65089,0.19431321084864392
26686,65212,0.19452512983012057
26686,65346,0.21240182862501467
26686,65648,0.220494779845665
26686,66437,0.1883098722848886
26686,66673,0.18848067355530043
26686,66904,0.20759493670886076
26686,66952,0.21684305336635892
26686,2187,0.17467422659902518
26686,2313,0.17552796349357955
26686,2314,0.176134490715306
26686,46580,0.18143582306018854
36905,46184,0.2395357686453577
36905,47311,0.18972158027952019
36905,52912,0.2501547987616099
36905,5323,0.24505513740591633
36905,53628,0.22781408859840233
36905,75277,0.23353401024350795
36905,10353,0.07692307692307693
36905,10354,0.09297330469469162
36905,10425,0.19007295466388743
36905,10426,0.18406593406593408
36905,10428,0.1688116100766703
36905,17657,0.1691634628132043
36905,17664,0.21245122061893093
36905,18101,0.09637155297532655
36905,2054,0.15704140426102103
36905,21000,0.18329694323144105
36905,2146,0.20066152149944874
36905,2228,0.1969535954658165
36905,2229,0.18061045234958278
36905,2230,0.18156918183424633
36905,2312,0.1852522639068564
36905,2319,0.1712861658157063
36905,2320,0.138739756993501
36905,2321,0.17580703228129124
36905,2335,0.20456529874017712
36905,2336,0.20627186406796602
36905,2337,0.18931535269709543
36905,2338,0.2107699805068226
36905,2339,0.20685771492929544
36905,2340,0.19347289039136653
36905,2341,0.20739299610894943
36905,2342,0.2226585743186957
36905,2402,0.1715210355987055
36905,2403,0.22955710955710956
36905,2404,0.19531857718690332
36905,2405,0.20825028165352283
36905,2406,0.09337211082198071
36905,2407,0.18299974005718742
36905,2408,0.1962485645017226
36905,2409,0.2297283121787475
36905,2410,0.22256895510368432
36905,2411,0.22602805999032413
36905,2420,0.17153996101364521
36905,312160,0.14577827236055085
36905,34059,0.0362842517314062
36905,46021,0.20096097108657168
36905,48148,0.20377998546159437
36905,48919,0.2103425703687541
36905,49024,0.1627660981092159
36905,49593,0.16578682755153343
36905,5325,0.10842136150234742
36905,5326,0.13158260386272058
36905,5653,0.13093196112064037
36905,7875,0.1088067766905214
36905,9260,0.059392049883086516
36905,24249,0.18738113882984675
36905,3498,0.1604951333051206
36905,39792,0.013957965666613188
36905,45600,0.16127091106029606
36905,5607,0.16815900816687987
36905,6079,0.16151115618661258
36905,17622,0.1884215615180082
36905,2499,0.19621126583866516
36905,41051,0.2092500244450963
36905,41818,0.20880159647095894
36905,41907,0.22193763919821827
36905,42311,0.1758646998982706
36905,42338,0.20815575358388222
36905,46135,0.10376803061524875
36905,47818,0.21079009433962265
36905,49908,0.20544255595801988
36905,55321,0.21144600591715976
36905,60437,0.21574954216447195
36905,61266,0.22570194384449244
36905,64449,0.20637979019481908
36905,64466,0.21477516059957175
36905,64513,0.20201526120133045
36905,64522,0.20013955111059425
36905,64525,0.18836989856098135
36905,75802,0.21197252208047104
36905,79173,0.20872033023735811
36905,22492,0.1697081587729887
36905,22659,0.060315496442932263
36905,22761,0.08381300014039028
36905,24746,0.17338066946819303
36905,28280,0.17011345684331466
36905,38638,0.16679602060255416
36905,16304,0.15047242984064307
36905,21593,0.09926695174098961
36905,21989,0.17502315121047757
36905,22367,0.17850085627717033
36905,23532,0.12251851851851851
36905,25791,0.14532125916343253
36905,30570,0.012100677637947725
36905,30655,0.09092298288508557
36905,30753,0.03166268894192522
36905,38395,0.114597142436294
36905,69327,0.22341534612176814
36905,30821,0.07652040030792917
36905,36076,0.157239100038134
36905,38295,0.14100620261888352
36905,38754,0.09557283876757404
36905,38755,0.06496093151524437
36905,41197,0.16433154379992143
36905,46873,0.13835511145272866
36905,49543,0.1733289285321
36905,55925,0.1822813472969148
36905,56182,0.18362989323843418
36905,6342,0.1737557445976337
36905,6343,0.17240717643672648
36905,10055,0.16314553990610328
36905,6820,0.02158273381294964
36905,6822,0.12199552822806037
36905,6831,0.09989701338825953
36905,6889,0.1425273203016777
36905,9108,0.1669421487603306
36905,9110,0.12505484861781482
36905,9157,0.17211271332186798
36905,9158,0.11944202266782912
36905,9159,0.10746402877697842
36905,9160,0.10458302028549962
36905,9186,0.18684945417618684
36905,9187,0.1698063840920984
36905,9325,0.16547749725576288
36905,9326,0.08599846977811783
36905,9369,0.16653501843075302
36905,9375,0.11287945770704391
36905,9950,0.13944472236118058
36905,31218,0.19081532416502947
36905,33328,0.09138813610358326
36905,33329,0.11481314723097703
36905,35264,0.21866642073226966
36905,38126,0.20747880281179795
36905,43335,0.12218649517684887
36905,44174,0.21120383522727273
36905,45123,0.21521537031298418
36905,45635,0.1459323455409561
36905,46157,0.15790968474865094
36905,46987,0.20960211124644743
36905,2188,0.21652003910068426
36905,24043,0.07760635811126694
36905,24288,0.15247178936055883
36905,27822,0.21362842166569598
36905,31199,0.16398390342052313
36905,33863,0.14210668103448276
36905,33864,0.15259529075061792
36905,34521,0.15904168922577153
36905,38402,0.22208073347765186
36905,40117,0.06861989205859677
36905,45579,0.18730933496034166
36905,312161,0.14577827236055085
36905,47804,0.18920738745671412
36905,6383,0.17863675161565662
36905,6496,0.18333542477098758
36905,6498,0.20430107526881722
36905,6499,0.19630536389939907
36905,6503,0.139031172252305
36905,6504,0.1742560553633218
36905,6505,0.1852667011910927
36905,6518,0.1530708238140035
36905,6525,0.18997263000746453
36905,6549,0.19349195241427572
36905,6649,0.12027103331451157
36905,77182,0.18486293206197854
36905,7939,0.05809064008721383
36905,20977,0.09931454683929931
36905,24212,0.06668753913587977
36905,24213,0.07015625
36905,24214,0.13700990952175787
36905,6651,0.1460802513208625
36905,74008,0.18449139620997604
36905,8889,0.17203548085901027
36905,8895,0.18301148554840338
36905,8915,0.12420104590354446
36905,8916,0.1138035482475119
36905,8917,0.06312548113933796
36905,8919,0.16811224489795917
36905,8921,0.17747091164812684
36905,8922,0.14392523364485982
36905,8923,0.12401320510980336
36905,8925,0.12697721665941084
36905,8926,0.1662760237143251
36905,8927,0.15964063579820317
36905,30165,0.21567516525023608
36905,64417,0.22214272938651405
36905,64482,0.21103072441980644
36905,64718,0.21963867514218802
36905,64869,0.2102017937219731
36905,65089,0.21240571336864067
36905,65212,0.22306315104166666
36905,65346,0.21434451533237292
36905,65648,0.2302810516772439
36905,66437,0.21099744245524296
36905,66673,0.2127566622979467
36905,66904,0.20983905253568175
36905,66952,0.22317510969286
36905,2187,0.18975876602995248
36905,2313,0.2025134305448964
36905,2314,0.2028483829492632
36905,46580,0.18699789890001237
46184,47311,0.20273692150207423
46184,52912,0.2606728310053118
46184,5323,0.27677044132740336
46184,53628,0.2649234968752245
46184,75277,0.2111801242236025
46184,10353,0.07335164835164835
46184,10354,0.09042775532952486
46184,10425,0.18575216972034717
46184,10426,0.18034306907742234
46184,10428,0.16831057157309054
46184,17657,0.1603900060938452
46184,17664,0.22034192484596024
46184,18101,0.08176100628930817
46184,2054,0.14228040127232688
46184,21000,0.176572535426649
46184,2146,0.19515248065543925
46184,2228,0.20019931347580555
46184,2229,0.18753887621812151
46184,2230,0.18526315789473685
46184,2312,0.18386941910705712
46184,2319,0.1682866184448463
46184,2320,0.13365247768145944
46184,2321,0.18376550169109357
46184,2335,0.20439483780955703
46184,2336,0.20696888474536768
46184,2337,0.1926561178886339
46184,2338,0.2158610444520626
46184,2339,0.20920991117344553
46184,2340,0.19856865599223678
46184,2341,0.2062899144475238
46184,2342,0.22719141323792486
46184,2402,0.16247466920967935
46184,2403,0.23887253590223886
46184,2404,0.20285597157693358
46184,2405,0.2217587185049224
46184,2406,0.09277058086084412
46184,2407,0.18591992258376677
46184,2408,0.19226218646474208
46184,2409,0.23386295928500497
46184,2410,0.2312631780716887
46184,2411,0.2353810623556582
46184,2420,0.1694676074406671
46184,312160,0.13424692297931734
46184,34059,0.03211321268199755
46184,46021,0.19659009045065237
46184,48148,0.18423689190693532
46184,48919,0.20293697736079952
46184,49024,0.15509062157888334
46184,49593,0.15341040462427746
46184,5325,0.10299225220411434
46184,5326,0.12045598480050665
46184,5653,0.1277821419219691
46184,7875,0.10380622837370242
46184,9260,0.05427446569178852
46184,24249,0.18219807772670288
46184,3498,0.15841191066997518
46184,39792,0.011232718894009217
46184,45600,0.15744157441574416
46184,5607,0.16706886950064972
46184,6079,0.1544943820224719
46184,17622,0.19187690915261907
46184,2499,0.19228977405078035
46184,41051,0.2256400637719216
46184,41818,0.2086508957735326
46184,41907,0.22662324017650767
46184,42311,0.161859161508817
46184,42338,0.21305588803977535
46184,46135,0.09419613075383589
46184,47818,0.21903959561920808
46184,49908,0.21836316680024936
46184,55321,0.2320392681838465
46184,60437,0.24145824501907587
46184,61266,0.23979014504680587
46184,64449,0.215925248832013
46184,64466,0.2250127097102186
46184,64513,0.2010171058714748
46184,64522,0.19947763630427684
46184,64525,0.1875482093663912
46184,75802,0.22551037913878882
46184,79173,0.21177533256692396
46184,22492,0.16567123659562916
46184,22659,0.05411436541143654
46184,22761,0.07409769162096672
46184,24746,0.16162518905541043
46184,28280,0.16091797008401065
46184,38638,0.1601722861565381
46184,16304,0.15064935064935064
46184,21593,0.09737463536602306
46184,21989,0.1700647051642046
46184,22367,0.1827877896285399
46184,23532,0.11501683501683502
46184,25791,0.1377952755905512
46184,30570,0.010283893395133257
46184,30655,0.08797002913833772
46184,30753,0.029512893982808024
46184,38395,0.11562331354560172
46184,69327,0.2334622632153129
46184,30821,0.0708420320111343
46184,36076,0.15951282960860824
46184,38295,0.1407520325203252
46184,38754,0.09255478426568667
46184,38755,0.06100097046998475
46184,41197,0.16319107662463628
46184,46873,0.12614517265680056
46184,49543,0.17022153529108708
46184,55925,0.17752269087026162
46184,56182,0.17351207453888573
46184,6342,0.18041620215533258
46184,6343,0.17987582176771366
46184,10055,0.17490494296577946
46184,6820,0.01925840758838747
46184,6822,0.12281378600823045
46184,6831,0.09521896343913218
46184,6889,0.14348753401485623
46184,9108,0.16465659515043798
46184,9110,0.12174261659762127
46184,9157,0.17671671178931825
46184,9158,0.1157419697371914
46184,9159,0.10306748466257669
46184,9160,0.09505031275496328
46184,9186,0.18846062899030502
46184,9187,0.16967859308671923
46184,9325,0.1646403242147923
46184,9326,0.08154208847593954
46184,9369,0.16764346764346763
46184,9375,0.11000537923614846
46184,9950,0.1364215402431963
46184,31218,0.18505013673655424
46184,33328,0.08575720333196778
46184,33329,0.11080748736166143
46184,35264,0.236318407960199
46184,38126,0.23499288762446657
46184,43335,0.11912393162393162
46184,44174,0.2246030390985146
46184,45123,0.23403614457831326
46184,45635,0.13578356304236855
46184,46157,0.15072765072765074
46184,46987,0.2200522092236295
46184,2188,0.22777362719462085
46184,24043,0.06845279842895216
46184,24288,0.13989191844755589
46184,27822,0.20709866492999024
46184,31199,0.15286874508776527
46184,33863,0.13541924313628495
46184,33864,0.14487547892720307
46184,34521,0.14538261837062677
46184,38402,0.21751980139496394
46184,40117,0.06547535948624877
46184,45579,0.18558927150812593
46184,312161,0.13424692297931734
46184,47804,0.178938819707634
46184,6383,0.16809373591707977
46184,6496,0.16312708070256
46184,6498,0.19099664538469863
46184,6499,0.18244708311822405
46184,6503,0.13088098094095696
46184,6504,0.164996829422955
46184,6505,0.1636170463935781
46184,6518,0.15047099652949925
46184,6525,0.18474498038310638
46184,6549,0.1898803046789989
46184,6649,0.11717537506466633
46184,77182,0.16802019315188763
46184,7939,0.04985994397759104
46184,20977,0.09257726269315673
46184,24212,0.06143200112978393
46184,24213,0.06307194143319723
46184,24214,0.13407894736842105
46184,6651,0.13764337851929093
46184,74008,0.18858433425726312
46184,8889,0.1605098293367898
46184,8895,0.18445802962614624
46184,8915,0.1190507755534933
46184,8916,0.10594722331626624
46184,8917,0.061985201731118246
46184,8919,0.17060429775614389
46184,8921,0.16641167470872073
46184,8922,0.13191266832265655
46184,8923,0.11878851448800315
46184,8925,0.11700303390054083
46184,8926,0.15450535601764334
46184,8927,0.1524908099885917
46184,30165,0.22516018409890803
46184,64417,0.22583397321047693
46184,64482,0.2216629213483146
46184,64718,0.2297047228256497
46184,64869,0.21747498075442648
46184,65089,0.22102092825700825
46184,65212,0.23448167621439223
46184,65346,0.2186159844054581
46184,65648,0.23446759701777864
46184,66437,0.22128461412420122
46184,66673,0.21821219715956558
46184,66904,0.22083936324167872
46184,66952,0.23024380988521012
46184,2187,0.175544896070016
46184,2313,0.20423944687045123
46184,2314,0.20641470505486262
46184,46580,0.1718021603183627
47311,52912,0.1859730762838624
47311,5323,0.22207211888184558
47311,53628,0.2375891549761466
47311,75277,0.19756554307116106
47311,10353,0.04178308356616713
47311,10354,0.04639898024219248
47311,10425,0.12591642228739003
47311,10426,0.1295193406725621
47311,10428,0.10675935696108249
47311,17657,0.11382363792891403
47311,17664,0.2157346785445959
47311,18101,0.0497850333354103
47311,2054,0.0951682853826889
47311,21000,0.13431742633387797
47311,2146,0.14074914869466515
47311,2228,0.14759036144578314
47311,2229,0.14162870159453303
47311,2230,0.17063471569488198
47311,2312,0.1250914411119239
47311,2319,0.11794235766595795
47311,2320,0.08516758379189594
47311,2321,0.1342006772411335
47311,2335,0.14521392313270487
47311,2336,0.1441251056635672
47311,2337,0.12921176542530421
47311,2338,0.15313586761002518
47311,2339,0.14525882922109337
47311,2340,0.132756929114545
47311,2341,0.13738077769625825
47311,2342,0.16601120247884638
47311,2402,0.11405320053443459
47311,2403,0.21973848407574195
47311,2404,0.23547443878513488
47311,2405,0.21508131569314437
47311,2406,0.0486793415847901
47311,2407,0.1213654373666565
47311,2408,0.13029000423805775
47311,2409,0.19557426474771034
47311,2410,0.198512969588551
47311,2411,0.20600669851205183
47311,2420,0.10792717262090971
47311,312160,0.08236093103661171
47311,34059,0.01774142812205096
47311,46021,0.1810063713440024
47311,48148,0.13511599079157074
47311,48919,0.15512747875354108
47311,49024,0.09970817120622569
47311,49593,0.10595592614651578
47311,5325,0.06242512138218047
47311,5326,0.07602122670615821
47311,5653,0.0752405949256343
47311,7875,0.06274781295235697
47311,9260,0.031079782121115028
47311,24249,0.1432181003790054
47311,3498,0.12923539901917075
47311,39792,0.00631606084042279
47311,45600,0.11324635637047485
47311,5607,0.1467735818388687
47311,6079,0.10993504931440944
47311,17622,0.12976963969285293
47311,2499,0.13304850162474424
47311,41051,0.18437312045491824
47311,41818,0.1683140514433337
47311,41907,0.16826147106294673
47311,42311,0.12003141234746889
47311,42338,0.18286055863493098
47311,46135,0.056894707030020766
47311,47818,0.1783786730632939
47311,49908,0.18504921521681297
47311,55321,0.19501654039056665
47311,60437,0.2116076550033895
47311,61266,0.17475672907300974
47311,64449,0.16279332767882387
47311,64466,0.16531165311653118
47311,64513,0.17447619047619048
47311,64522,0.14862965565706254
47311,64525,0.13468072642062098
47311,75802,0.19697603850580725
47311,79173,0.20040100766027455
47311,22492,0.18873408377929507
47311,22659,0.03300498912626327
47311,22761,0.052195423623995055
47311,24746,0.18476340987264106
47311,28280,0.1782392485495902
47311,38638,0.17901319092610343
47311,16304,0.08566096423017107
47311,21593,0.05138339920948617
47311,21989,0.10978141409207473
47311,22367,0.11450568251252596
47311,23532,0.0653574134882546
47311,25791,0.08293601003764116
47311,30570,0.005165622780396462
47311,30655,0.04682125111479169
47311,30753,0.015838269379345866
47311,38395,0.062177145017008946
47311,69327,0.1803435114503817
47311,30821,0.04083849939285486
47311,36076,0.10704615199470485
47311,38295,0.08784745867640686
47311,38754,0.05370276439259447
47311,38755,0.0351749187535844
47311,41197,0.11005310382713789
47311,46873,0.09005876004317065
47311,49543,0.1328222600795003
47311,55925,0.15708832573428055
47311,56182,0.14756344899413473
47311,6342,0.1539253399794116
47311,6343,0.15610725992799182
47311,10055,0.18242830994508846
47311,6820,0.010241545893719806
47311,6822,0.07289731202774681
47311,6831,0.05677736467326234
47311,6889,0.13632084353229146
47311,9108,0.09944922334302865
47311,9110,0.0688396677573622
47311,9157,0.11067604772101561
47311,9158,0.06711030196496955
47311,9159,0.05849882621661062
47311,9160,0.05528434666835732
47311,9186,0.12225365677481491
47311,9187,0.10588235294117647
47311,9325,0.09890652993142646
47311,9326,0.044877924395996686
47311,9369,0.10586587074374125
47311,9375,0.06424916292880156
47311,9950,0.09325809325809326
47311,31218,0.13216095380029808
47311,33328,0.048817599695682494
47311,33329,0.06211890243902439
47311,35264,0.1916560779330792
47311,38126,0.2268280001890627
47311,43335,0.0690350214159738
47311,44174,0.1968171145316984
47311,45123,0.21829886851346078
47311,45635,0.08639214955592821
47311,46157,0.09104552276138068
47311,46987,0.17466910339480535
47311,2188,0.18779368375040978
47311,24043,0.03910507083787422
47311,24288,0.09731090373280943
47311,27822,0.15132577969863334
47311,31199,0.08855926899486795
47311,33863,0.09010058881256133
47311,33864,0.10057593210063656
47311,34521,0.09956896551724138
47311,38402,0.14685526954832442
47311,40117,0.036677316293929715
47311,45579,0.14011746374205922
47311,312161,0.08236093103661171
47311,47804,0.15652034604293497
47311,6383,0.12462186369298298
47311,6496,0.11978948627474434
47311,6498,0.1380291504558388
47311,6499,0.1436070063330861
47311,6503,0.07112839490685567
47311,6504,0.09917150983059231
47311,6505,0.11145249713838183
47311,6518,0.0996001230390649
47311,6525,0.1300934803451582
47311,6549,0.14186304894450616
47311,6649,0.07445747069094537
47311,77182,0.12617096018735363
47311,7939,0.02917093142272262
47311,20977,0.05065224307986001
47311,24212,0.03177043300025621
47311,24213,0.03361505954667691
47311,24214,0.0762256128064032
47311,6651,0.0847372706206551
47311,74008,0.1453069104536937
47311,8889,0.12281516752801812
47311,8895,0.12336763555395078
47311,8915,0.06924042686754552
47311,8916,0.06456456456456457
47311,8917,0.03323127949993621
47311,8919,0.11056274450797472
47311,8921,0.11712853951578821
47311,8922,0.07927172620909717
47311,8923,0.07165206508135169
47311,8925,0.07120431997990707
47311,8926,0.09966551040634292
47311,8927,0.0972946140481509
47311,30165,0.1933677863910422
47311,64417,0.20417475218964704
47311,64482,0.18555929667040777
47311,64718,0.22246684757564897
47311,64869,0.22102156185902247
47311,65089,0.22167709637046307
47311,65212,0.22880670910376882
47311,65346,0.17665104863900044
47311,65648,0.19476695739125605
47311,66437,0.22123479887745556
47311,66673,0.2174415550302075
47311,66904,0.1779120696346399
47311,66952,0.18820611738771012
47311,2187,0.16781406905119312
47311,2313,0.18340019516426326
47311,2314,0.17916025500109914
47311,46580,0.1226756965484465
52912,5323,0.2662208566781131
52912,53628,0.241853890790061
52912,75277,0.21671018276762402
52912,10353,0.0830585649238499
52912,10354,0.09926821508113268
52912,10425,0.19793205317577547
52912,10426,0.19049454078355813
52912,10428,0.17756083757781552
52912,17657,0.16915760869565216
52912,17664,0.21891515994436717
52912,18101,0.09323801012809056
52912,2054,0.1532456861133936
52912,21000,0.183184855233853
52912,2146,0.2043969849246231
52912,2228,0.20162266892710098
52912,2229,0.19557572319909244
52912,2230,0.19021345875542692
52912,2312,0.19243070362473347
52912,2319,0.18013278216209444
52912,2320,0.14506713368359603
52912,2321,0.19307855097721896
52912,2335,0.21250642013353876
52912,2336,0.2113163972286374
52912,2337,0.1998392713635146
52912,2338,0.22007528230865747
52912,2339,0.21411098236127205
52912,2340,0.20691976305869683
52912,2341,0.21655965757089352
52912,2342,0.22742801366520254
52912,2402,0.16971141117288854
52912,2403,0.23258907363420428
52912,2404,0.2000431437405623
52912,2405,0.21875
52912,2406,0.1021154763798314
52912,2407,0.19382135661517796
52912,2408,0.20555336228451113
52912,2409,0.23553408480944713
52912,2410,0.22671190623072177
52912,2411,0.22789551503203548
52912,2420,0.17697717812544855
52912,312160,0.13753012902311074
52912,34059,0.03571983227209194
52912,46021,0.18622147083685545
52912,48148,0.19332269547072542
52912,48919,0.20247568523430592
52912,49024,0.15773849682903793
52912,49593,0.16062508005635967
52912,5325,0.11497569866342648
52912,5326,0.13156392694063926
52912,5653,0.1421364985163205
52912,7875,0.11517533252720677
52912,9260,0.06264126574103972
52912,24249,0.18884316415180613
52912,3498,0.17425483131346217
52912,39792,0.01243574863206765
52912,45600,0.17350746268656717
52912,5607,0.17283702213279678
52912,6079,0.1658631921824104
52912,17622,0.2034279994995621
52912,2499,0.20597748738517271
52912,41051,0.2264607932182864
52912,41818,0.21660922016372253
52912,41907,0.23241695303550974
52912,42311,0.18047569262937793
52912,42338,0.22138089070439373
52912,46135,0.10714285714285714
52912,47818,0.2200947294165071
52912,49908,0.2191977077363897
52912,55321,0.2263558515699334
52912,60437,0.22693957811941365
52912,61266,0.24257978129881722
52912,64449,0.21588034752007038
52912,64466,0.22693706602005953
52912,64513,0.2054917623564653
52912,64522,0.21276851074042963
52912,64525,0.20417633410672853
52912,75802,0.2195366654505655
52912,79173,0.21529546053209236
52912,22492,0.16285223859247605
52912,22659,0.058148797196112795
52912,22761,0.08124459809853068
52912,24746,0.16149429464350606
52912,28280,0.15823970037453183
52912,38638,0.1552834595512775
52912,16304,0.15297532656023222
52912,21593,0.10646387832699619
52912,21989,0.17771739130434783
52912,22367,0.19078139915450704
52912,23532,0.12498090145148968
52912,25791,0.1465326038740204
52912,30570,0.011350358871640794
52912,30655,0.09365129500947568
52912,30753,0.03125
52912,38395,0.1215680292861501
52912,69327,0.2308760683760684
52912,30821,0.07314756174794174
52912,36076,0.16087751371115175
52912,38295,0.14156285390713477
52912,38754,0.09653045489591365
52912,38755,0.06581237146021199
52912,41197,0.1649885890723587
52912,46873,0.13211488250652742
52912,49543,0.16711379387435726
52912,55925,0.16937244849520555
52912,56182,0.1680466114688746
52912,6342,0.17348462227530606
52912,6343,0.17165999804820922
52912,10055,0.1632235496006864
52912,6820,0.022516556291390728
52912,6822,0.13146083683219922
52912,6831,0.10600060919890344
52912,6889,0.14089668615984405
52912,9108,0.174178871036542
52912,9110,0.12603523565728053
52912,9157,0.18438356164383563
52912,9158,0.1261464441437378
52912,9159,0.11430346327069421
52912,9160,0.10172892868169188
52912,9186,0.1926892950391645
52912,9187,0.17818574514038876
52912,9325,0.1766377717777462
52912,9326,0.08701831964624131
52912,9369,0.17454496060853028
52912,9375,0.12150389729481889
52912,9950,0.14166559733093803
52912,31218,0.2000506136910034
52912,33328,0.09290041945005437
52912,33329,0.11879652605459057
52912,35264,0.22722552629094686
52912,38126,0.2163881082680077
52912,43335,0.12426570266606417
52912,44174,0.22460331935072042
52912,45123,0.22569912065277667
52912,45635,0.15743693824296898
52912,46157,0.16217798594847777
52912,46987,0.22097026604068856
52912,2188,0.2244468915807388
52912,24043,0.07698489231758276
52912,24288,0.15890828484344693
52912,27822,0.21661897949451597
52912,31199,0.17092367092367092
52912,33863,0.1461655803633338
52912,33864,0.16038115689169238
52912,34521,0.16346153846153846
52912,38402,0.22846294841581566
52912,40117,0.07628205128205129
52912,45579,0.19397741530740276
52912,312161,0.13753012902311074
52912,47804,0.1833057368267264
52912,6383,0.1810571035861552
52912,6496,0.1738632021398548
52912,6498,0.20133349208239076
52912,6499,0.18997063474135983
52912,6503,0.13444244604316546
52912,6504,0.17504973003694232
52912,6505,0.17660218449796025
52912,6518,0.16242878977351674
52912,6525,0.1953214879202352
52912,6549,0.19644136613326965
52912,6649,0.12960795787009946
52912,77182,0.17831617201695943
52912,7939,0.058728881737731296
52912,20977,0.10300834777130256
52912,24212,0.07073329007138222
52912,24213,0.07206333818064307
52912,24214,0.14730414060172772
52912,6651,0.15527950310559005
52912,74008,0.19328483491885842
52912,8889,0.16944312232270348
52912,8895,0.1930441578741696
52912,8915,0.12903225806451613
52912,8916,0.1179273377010125
52912,8917,0.06629482071713147
52912,8919,0.17885857387636747
52912,8921,0.18122127380170716
52912,8922,0.15088449531737774
52912,8923,0.13449508489722967
52912,8925,0.13036970513396198
52912,8926,0.17166406138979678
52912,8927,0.1636777682892115
52912,30165,0.2240162428695736
52912,64417,0.22569476082004555
52912,64482,0.21711158056462454
52912,64718,0.223016683690841
52912,64869,0.21002192804353123
52912,65089,0.21581911680679128
52912,65212,0.22559563203176705
52912,65346,0.22045502422582683
52912,65648,0.23256291730868003
52912,66437,0.21365371269951422
52912,66673,0.2175694939415538
52912,66904,0.21889927310488058
52912,66952,0.227666293164918
52912,2187,0.18244406196213425
52912,2313,0.2028702528556087
52912,2314,0.20662492425772572
52912,46580,0.17757712565838976
5323,53628,0.2832673672717347
5323,75277,0.22787993085022787
5323,10353,0.06564163217031342
5323,10354,0.08047904191616767
5323,10425,0.17135577025161908
5323,10426,0.16885784716516022
5323,10428,0.1606050494939384
5323,17657,0.1585945945945946
5323,17664,0.22998790810157194
5323,18101,0.07715099715099714
5323,2054,0.13538859545111567
5323,21000,0.17197276407802722
5323,2146,0.19523906824683285
5323,2228,0.19335647000495787
5323,2229,0.18266803776759838
5323,2230,0.18434930975647587
5323,2312,0.1728525980911983
5323,2319,0.16119613370922273
5323,2320,0.12468940591822905
5323,2321,0.1824891315337175
5323,2335,0.19952247482611854
5323,2336,0.20168504264614104
5323,2337,0.18471746575342465
5323,2338,0.21133967864087605
5323,2339,0.20467592109383154
5323,2340,0.19133146913314691
5323,2341,0.20130775002679815
5323,2342,0.22257934913619928
5323,2402,0.15876375952582558
5323,2403,0.25020719376761147
5323,2404,0.22227278637368353
5323,2405,0.22572158167608142
5323,2406,0.08509361497839654
5323,2407,0.17722602739726026
5323,2408,0.18926047051376726
5323,2409,0.24188548504741064
5323,2410,0.22774960657457596
5323,2411,0.24224079126875853
5323,2420,0.16165371183958543
5323,312160,0.12261852015950377
5323,34059,0.029908515130190008
5323,46021,0.19504071058475203
5323,48148,0.18245403677058353
5323,48919,0.1985239852398524
5323,49024,0.14072335431558733
5323,49593,0.14677204146566766
5323,5325,0.09371745921555015
5323,5326,0.11256370485264791
5323,5653,0.1201187485727335
5323,7875,0.09344394515497177
5323,9260,0.05
5323,24249,0.1809344030202926
5323,3498,0.1636972053902505
5323,39792,0.01007866273352999
5323,45600,0.1548154815481548
5323,5607,0.1702218067476842
5323,6079,0.15100426683317722
5323,17622,0.1942380128270386
5323,2499,0.1892032452673185
5323,41051,0.22984740063798603
5323,41818,0.21034576148776746
5323,41907,0.2336815872711588
5323,42311,0.15912636505460218
5323,42338,0.2262991722843246
5323,46135,0.08862372567191844
5323,47818,0.23033659254131694
5323,49908,0.22869177403369673
5323,55321,0.23709384793006763
5323,60437,0.25061192262139753
5323,61266,0.2469879518072289
5323,64449,0.214872220684565
5323,64466,0.23211461531305239
5323,64513,0.21011772735028153
5323,64522,0.19843060323688083
5323,64525,0.18744421303183575
5323,75802,0.23695773747703125
5323,79173,0.232939176134168
5323,22492,0.1778547156504456
5323,22659,0.04863440344992813
5323,22761,0.06926070038910506
5323,24746,0.17593916547510724
5323,28280,0.1713237187741437
5323,38638,0.17121982210927572
5323,16304,0.13755656108597286
5323,21593,0.08686820408650973
5323,21989,0.16364421416234887
5323,22367,0.18062057702776266
5323,23532,0.10753945061367622
5323,25791,0.13129228299506937
5323,30570,0.008765432098765432
5323,30655,0.07840095465393795
5323,30753,0.02557200538358008
5323,38395,0.10379008746355685
5323,69327,0.237451211763638
5323,30821,0.06238049713193117
5323,36076,0.1465193830762818
5323,38295,0.1257882509127116
5323,38754,0.07909207909207909
5323,38755,0.05257523492327822
5323,41197,0.1526546309155005
5323,46873,0.11508634060593527
5323,49543,0.15674530040545523
5323,55925,0.16720595372917005
5323,56182,0.16334421721945352
5323,6342,0.17326356654570005
5323,6343,0.17239661185849528
5323,10055,0.17672310994514667
5323,6820,0.017806705145523762
5323,6822,0.1110240626748741
5323,6831,0.08797585886722377
5323,6889,0.14340344168260039
5323,9108,0.15697869017070176
5323,9110,0.11033923816139864
5323,9157,0.17278970892837675
5323,9158,0.10660366486112711
5323,9159,0.09284537538244293
5323,9160,0.08314790959128704
5323,9186,0.1785414920368818
5323,9187,0.1652155218746641
5323,9325,0.15428190603132289
5323,9326,0.07287690839694656
5323,9369,0.1621300496867574
5323,9375,0.09909281228192603
5323,9950,0.12739375320020482
5323,31218,0.18665575112566515
5323,33328,0.07929203539823008
5323,33329,0.10288552507095554
5323,35264,0.24419561995718755
5323,38126,0.24815063887020847
5323,43335,0.1102608695652174
5323,44174,0.2420875959079284
5323,45123,0.25376114081996437
5323,45635,0.13310886644219977
5323,46157,0.14422310756972112
5323,46987,0.22909252669039146
5323,2188,0.24516017015365918
5323,24043,0.06283164495899662
5323,24288,0.1385568354705499
5323,27822,0.2105159705159705
5323,31199,0.14578796561604584
5323,33863,0.12646547980894485
5323,33864,0.1408271474019088
5323,34521,0.14352864013992128
5323,38402,0.2178196842885899
5323,40117,0.05991115379997599
5323,45579,0.17680396720979658
5323,312161,0.12261852015950377
5323,47804,0.18348547717842323
5323,6383,0.1643173580346355
5323,6496,0.15780866721177433
5323,6498,0.19032289532728514
5323,6499,0.1853795688847235
5323,6503,0.1195790447554065
5323,6504,0.15522421275175252
5323,6505,0.16090746770297237
5323,6518,0.13978026759490916
5323,6525,0.17835115131578946
5323,6549,0.1890805724367771
5323,6649,0.10631117111036112
5323,77182,0.16216746834200452
5323,7939,0.04710275870377063
5323,20977,0.0847316434606688
5323,24212,0.056128015517032365
5323,24213,0.058318209316394434
5323,24214,0.12454170485792851
5323,6651,0.1350794921651607
5323,74008,0.19550772110435188
5323,8889,0.1635158838433054
5323,8895,0.18455070940620075
5323,8915,0.10961427748992515
5323,8916,0.10119047619047619
5323,8917,0.05741741741741742
5323,8919,0.1680929741151611
5323,8921,0.17596611964002118
5323,8922,0.13017547883931643
5323,8923,0.11596696490020647
5323,8925,0.11400576368876081
5323,8926,0.15372618915005012
5323,8927,0.14859886122585686
5323,30165,0.24082318353632928
5323,64417,0.2432302899592619
5323,64482,0.23030202179881853
5323,64718,0.2478231241008556
5323,64869,0.23420155263730683
5323,65089,0.23966761425759894
5323,65212,0.2507019358652283
5323,65346,0.22916105877074922
5323,65648,0.24052747252747253
5323,66437,0.23812086729201906
5323,66673,0.2371990904100996
5323,66904,0.23045486851457
5323,66952,0.2388699378990641
5323,2187,0.18439550140581068
5323,2313,0.20505969775402855
5323,2314,0.20977456547926346
5323,46580,0.1678342978982638
53628,75277,0.21334835630965004
53628,10353,0.05362292718096611
53628,10354,0.06217099292067526
53628,10425,0.14675140061878084
53628,10426,0.14652641878669276
53628,10428,0.13166522864538396
53628,17657,0.12891809908998988
53628,17664,0.21217649841205488
53628,18101,0.061969365426695844
53628,2054,0.11191518007404914
53628,21000,0.15205858178285886
53628,2146,0.1648440664236533
53628,2228,0.16858572222663384
53628,2229,0.16133919103166186
53628,2230,0.17233722980474106
53628,2312,0.14565616141404036
53628,2319,0.1404043645699615
53628,2320,0.10336097773897861
53628,2321,0.15598617029830344
53628,2335,0.16535690897184022
53628,2336,0.1684452470858644
53628,2337,0.1517715051511852
53628,2338,0.17565597667638483
53628,2339,0.1698470143115644
53628,2340,0.15944715995280634
53628,2341,0.16363636363636364
53628,2342,0.1917676321912862
53628,2402,0.1316947604417504
53628,2403,0.22710319104848736
53628,2404,0.21711048158640225
53628,2405,0.21489012791079043
53628,2406,0.0663149276812517
53628,2407,0.14638846991788168
53628,2408,0.15781613010288748
53628,2409,0.21285618629566253
53628,2410,0.208032360589425
53628,2411,0.2171888230313294
53628,2420,0.12972784975219545
53628,312160,0.09989701338825953
53628,34059,0.022936189201249443
53628,46021,0.18708619711204993
53628,48148,0.1561131023496615
53628,48919,0.1732165581256082
53628,49024,0.11982917434265618
53628,49593,0.12460426982709635
53628,5325,0.07618625277161863
53628,5326,0.09088570693646575
53628,5653,0.09985031258254821
53628,7875,0.07669851380042463
53628,9260,0.03881278538812785
53628,24249,0.16296693202694426
53628,3498,0.14331936171777337
53628,39792,0.007953389438638676
53628,45600,0.13307318627060605
53628,5607,0.15567263786441868
53628,6079,0.13206459054209918
53628,17622,0.16207063376874697
53628,2499,0.1551808806678671
53628,41051,0.20543462796983925
53628,41818,0.18407301096636491
53628,41907,0.1984279879787316
53628,42311,0.13309293558433044
53628,42338,0.20321761219305673
53628,46135,0.07064976509174718
53628,47818,0.2002840909090909
53628,49908,0.20350949345397218
53628,55321,0.21509070918086862
53628,60437,0.22787243916992642
53628,61266,0.20793205429589748
53628,64449,0.18959693762666066
53628,64466,0.19601952684941795
53628,64513,0.187662840645025
53628,64522,0.16717587152369762
53628,64525,0.1594271698710341
53628,75802,0.21775274872620004
53628,79173,0.21055025011368805
53628,22492,0.17189935426408373
53628,22659,0.040775461909529444
53628,22761,0.058615940781545875
53628,24746,0.16950965490063616
53628,28280,0.16653626914049402
53628,38638,0.16405733186328555
53628,16304,0.10988149180899268
53628,21593,0.06917839310031774
53628,21989,0.13441766391370302
53628,22367,0.14482816996783476
53628,23532,0.0850665000446309
53628,25791,0.10448943661971831
53628,30570,0.006865837817776953
53628,30655,0.06276074732450572
53628,30753,0.020666113110065505
53628,38395,0.08369022127052106
53628,69327,0.20880260818020155
53628,30821,0.050953678474114444
53628,36076,0.12349125543969128
53628,38295,0.10426865928025424
53628,38754,0.06676225468231921
53628,38755,0.043816766250226326
53628,41197,0.12455129810501711
53628,46873,0.09936316133246244
53628,49543,0.14317874831157137
53628,55925,0.1578804899505989
53628,56182,0.15256164286221843
53628,6342,0.1606243001119821
53628,6343,0.16151559150936873
53628,10055,0.17378783118651167
53628,6820,0.013489790261480181
53628,6822,0.09197990646111208
53628,6831,0.07012871726586774
53628,6889,0.13543371522094927
53628,9108,0.12218400687876182
53628,9110,0.09017412935323384
53628,9157,0.1339014512318596
53628,9158,0.08631820995843283
53628,9159,0.07326697157205632
53628,9160,0.06947557149260421
53628,9186,0.15001651254953766
53628,9187,0.1340266711398138
53628,9325,0.12504302925989674
53628,9326,0.0583756345177665
53628,9369,0.13178947368421054
53628,9375,0.07716213816373646
53628,9950,0.10841227430977249
53628,31218,0.15351054375050496
53628,33328,0.062236192186798385
53628,33329,0.0802519118308592
53628,35264,0.21970112421168084
53628,38126,0.24376390678065346
53628,43335,0.08873689820572038
53628,44174,0.22033217251540316
53628,45123,0.23243933588761176
53628,45635,0.10680873180873181
53628,46157,0.11487610541984064
53628,46987,0.20084443473829802
53628,2188,0.21141393296804953
53628,24043,0.05044781575580333
53628,24288,0.11659877800407333
53628,27822,0.17945894935514312
53628,31199,0.11808801481612136
53628,33863,0.10839487310075545
53628,33864,0.11973004499250126
53628,34521,0.11923011412025208
53628,38402,0.17985851019558885
53628,40117,0.048178506375227685
53628,45579,0.1582483406184232
53628,312161,0.09989701338825953
53628,47804,0.16712593000826673
53628,6383,0.14170072934198927
53628,6496,0.13534322068238916
53628,6498,0.1583904109589041
53628,6499,0.1581293442127531
53628,6503,0.09253203711886876
53628,6504,0.12282963727007049
53628,6505,0.13316831683168318
53628,6518,0.12192002728280331
53628,6525,0.1537645811240721
53628,6549,0.15981520632683424
53628,6649,0.08930281138480285
53628,77182,0.14034398806251472
53628,7939,0.037209302325581395
53628,20977,0.06616052060737528
53628,24212,0.043315018315018314
53628,24213,0.04470244080811774
53628,24214,0.10145438519171442
53628,6651,0.10803445850914205
53628,74008,0.16509611760271392
53628,8889,0.13675944643134816
53628,8895,0.14642563681183238
53628,8915,0.08902837945362921
53628,8916,0.08245336149243224
53628,8917,0.04238903512753018
53628,8919,0.13688653480096002
53628,8921,0.13762376237623763
53628,8922,0.10101010101010101
53628,8923,0.09012649332396346
53628,8925,0.09006622516556291
53628,8926,0.121741374860191
53628,8927,0.11734298268286379
53628,30165,0.21218224753437978
53628,64417,0.217225965708186
53628,64482,0.21112112597933855
53628,64718,0.2279543706741861
53628,64869,0.22098214285714285
53628,65089,0.2245304142306257
53628,65212,0.23842607212783426
53628,65346,0.20450033090668432
53628,65648,0.2153144676847362
53628,66437,0.2256296489625473
53628,66673,0.21873762049385975
53628,66904,0.2025169127809704
53628,66952,0.2129176267281106
53628,2187,0.16892644265409051
53628,2313,0.18345895857824493
53628,2314,0.18285875786052427
53628,46580,0.1403875532684731
75277,10353,0.06280434511174929
75277,10354,0.07220125786163523
75277,10425,0.1617776797529775
75277,10426,0.16037534655576882
75277,10428,0.1460039211163649
75277,17657,0.15260545905707196
75277,17664,0.21611600889840982
75277,18101,0.082970488630866
75277,2054,0.1353094241430026
75277,21000,0.1667302192564347
75277,2146,0.17880446221848031
75277,2228,0.17496690090640596
75277,2229,0.1664267204146271
75277,2230,0.17134475103076435
75277,2312,0.16784608580274216
75277,2319,0.14971869139404043
75277,2320,0.12458392772230148
75277,2321,0.15969345484672742
75277,2335,0.18193479422768574
75277,2336,0.18412596401028278
75277,2337,0.1712829603368048
75277,2338,0.18984153636268233
75277,2339,0.18472430808839305
75277,2340,0.1702433628318584
75277,2341,0.17875619152449093
75277,2342,0.19733333333333333
75277,2402,0.16046640755136035
75277,2403,0.21114247758219862
75277,2404,0.19564933368173504
75277,2405,0.20235109717868338
75277,2406,0.07934301958307012
75277,2407,0.15801080604256257
75277,2408,0.17234250897617234
75277,2409,0.20804565957838533
75277,2410,0.205607476635514
75277,2411,0.20978419740349066
75277,2420,0.1452911658303186
75277,312160,0.12634408602150538
75277,34059,0.029071934401789044
75277,46021,0.19397176650133538
75277,48148,0.18465879402236388
75277,48919,0.19217557251908396
75277,49024,0.1424408831110613
75277,49593,0.14772605096226213
75277,5325,0.09180687637161668
75277,5326,0.11093004306832732
75277,5653,0.1098927294398093
75277,7875,0.09245535171911068
75277,9260,0.04741214057507987
75277,24249,0.17106930500048736
75277,3498,0.1497490239821528
75277,39792,0.011000523834468309
75277,45600,0.14189747829681687
75277,5607,0.15509138381201043
75277,6079,0.14344484139872252
75277,17622,0.17279181457506787
75277,2499,0.1730315382965029
75277,41051,0.20141373592809145
75277,41818,0.19262749445676275
75277,41907,0.20535801266439357
75277,42311,0.15339616509587262
75277,42338,0.20112554112554112
75277,46135,0.08803032155520235
75277,47818,0.20001749169144656
75277,49908,0.1976511744127936
75277,55321,0.20456810631229236
75277,60437,0.2119608152946753
75277,61266,0.2057877813504823
75277,64449,0.19303201506591336
75277,64466,0.19951063429324298
75277,64513,0.19370312227455086
75277,64522,0.18133252696300775
75277,64525,0.17247368958822928
75277,75802,0.20545410666881184
75277,79173,0.19685588166963525
75277,22492,0.17903555643512106
75277,22659,0.05332993110487369
75277,22761,0.07674144037780402
75277,24746,0.18039715550784918
75277,28280,0.17574750830564784
75277,38638,0.17758665966386555
75277,16304,0.1323302926193579
75277,21593,0.0841003656537637
75277,21989,0.15294909172460192
75277,22367,0.16666666666666666
75277,23532,0.10391047712739794
75277,25791,0.12935503315250152
75277,30570,0.009871018689128718
75277,30655,0.0770686175580222
75277,30753,0.026829903620734567
75277,38395,0.1018677807815188
75277,69327,0.20582025153768474
75277,30821,0.059863601919676684
75277,36076,0.13778162911611785
75277,38295,0.12351985140469005
75277,38754,0.07822540781018289
75277,38755,0.05508528111181301
75277,41197,0.14203284509542832
75277,46873,0.11999128919860627
75277,49543,0.15735407066052226
75277,55925,0.1710659045057162
75277,56182,0.16604077253218885
75277,6342,0.15751295336787566
75277,6343,0.15678613895022933
75277,10055,0.16066365007541478
75277,6820,0.017104060582321452
75277,6822,0.10435699226985243
75277,6831,0.08548367371896784
75277,6889,0.1364017907106883
75277,9108,0.1375893062917723
75277,9110,0.0999274135010888
75277,9157,0.14803625377643503
75277,9158,0.09713183899734876
75277,9159,0.08801683585045804
75277,9160,0.08816214871922408
75277,9186,0.15803080900570937
75277,9187,0.14783573806881242
75277,9325,0.13841905419399378
75277,9326,0.07015113350125944
75277,9369,0.13846665926994342
75277,9375,0.09357439530906425
75277,9950,0.12213088502188534
75277,31218,0.17104568956420807
75277,33328,0.07722007722007722
75277,33329,0.09841980838621377
75277,35264,0.2073694646397885
75277,38126,0.21058981233243967
75277,43335,0.10183274669255978
75277,44174,0.20710961322420157
75277,45123,0.207832602855931
75277,45635,0.12626144097629666
75277,46157,0.13955152671755724
75277,46987,0.19638846464827958
75277,2188,0.2091703056768559
75277,24043,0.06194125159642401
75277,24288,0.13166250850533
75277,27822,0.19203227433182046
75277,31199,0.1346153846153846
75277,33863,0.12427449641515875
75277,33864,0.13420296263541898
75277,34521,0.13771839671120248
75277,38402,0.19571599434598239
75277,40117,0.05979643765903308
75277,45579,0.17442228553339664
75277,312161,0.12634408602150538
75277,47804,0.17924770799417358
75277,6383,0.1543918214062174
75277,6496,0.15606319385140904
75277,6498,0.1760450160771704
75277,6499,0.17698343504795117
75277,6503,0.11376591873862947
75277,6504,0.14650272590186753
75277,6505,0.15178961152335224
75277,6518,0.1364153951263949
75277,6525,0.16056308213378492
75277,6549,0.16574807094899288
75277,6649,0.10537532559791617
75277,77182,0.16557040082219937
75277,7939,0.04957089791213014
75277,20977,0.08158654449604619
75277,24212,0.05429341547939931
75277,24213,0.05675121701255444
75277,24214,0.11607570675610925
75277,6651,0.1284568418532264
75277,74008,0.17395046380415033
75277,8889,0.15868354430379747
75277,8895,0.16565678424583424
75277,8915,0.11261261261261261
75277,8916,0.1034232490625378
75277,8917,0.05473710947421895
75277,8919,0.15476320682489336
75277,8921,0.15983382529791187
75277,8922,0.11980849790544584
75277,8923,0.10696726226166207
75277,8925,0.11022286821705427
75277,8926,0.14016421880420954
75277,8927,0.13876933814121206
75277,30165,0.21109791277787204
75277,64417,0.21942533387292595
75277,64482,0.20786136939983094
75277,64718,0.22055903467236904
75277,64869,0.21660649819494585
75277,65089,0.21837638376383764
75277,65212,0.22971556886227545
75277,65346,0.21098981744794057
75277,65648,0.220021509231045
75277,66437,0.21335821475779487
75277,66673,0.21752988047808766
75277,66904,0.20876335325004527
75277,66952,0.2167022792022792
75277,2187,0.17968310142363067
75277,2313,0.1814328105129292
75277,2314,0.18580047215178805
75277,46580,0.16666666666666666
10353,10354,0.1925
10353,10425,0.15332548557975278
10353,10426,0.13246615343774887
10353,10428,0.14517241379310344
10353,17657,0.11444478812248686
10353,17664,0.07327358987875593
10353,18101,0.11174512601046124
10353,2054,0.15702199661590524
10353,21000,0.11789264413518886
10353,2146,0.13126079447322972
10353,2228,0.12944686711039707
10353,2229,0.1251778093883357
10353,2230,0.08919748965148885
10353,2312,0.14476356251813172
10353,2319,0.13394919168591224
10353,2320,0.1407942238267148
10353,2321,0.1302417365564874
10353,2335,0.12401923563654771
10353,2336,0.12836807320793087
10353,2337,0.12036250354007363
10353,2338,0.11789772727272728
10353,2339,0.11789952032315072
10353,2340,0.12012436404748446
10353,2341,0.13160077412220073
10353,2342,0.11507936507936507
10353,2402,0.11811023622047244
10353,2403,0.07803624560454422
10353,2404,0.05649972880130175
10353,2405,0.07159523517131279
10353,2406,0.18293431553100062
10353,2407,0.14462444771723124
10353,2408,0.13851628798248014
10353,2409,0.09453322119428091
10353,2410,0.08758436666143463
10353,2411,0.08294596165020338
10353,2420,0.13525026624068157
10353,312160,0.10336011687363039
10353,34059,0.09311475409836066
10353,46021,0.06547899952807928
10353,48148,0.11452184179456906
10353,48919,0.09623274897426333
10353,49024,0.12233375156838143
10353,49593,0.11633663366336634
10353,5325,0.16774837743384924
10353,5326,0.15320992516738874
10353,5653,0.17729257641921398
10353,7875,0.16527709661598822
10353,9260,0.17559523809523808
10353,24249,0.0989413680781759
10353,3498,0.10337552742616034
10353,39792,0.04052780395852969
10353,45600,0.11972720383935337
10353,5607,0.0945568163131064
10353,6079,0.12646303168712533
10353,17622,0.11737657308809293
10353,2499,0.13151689808750328
10353,41051,0.0843062926459439
10353,41818,0.09329395413481584
10353,41907,0.1045663852647736
10353,42311,0.12409369771332962
10353,42338,0.08637724550898204
10353,46135,0.1559493670886076
10353,47818,0.08374008541793777
10353,49908,0.07924370916168497
10353,55321,0.07819548872180451
10353,60437,0.07068351945023929
10353,61266,0.09340463458110516
10353,64449,0.08806613946800863
10353,64466,0.09191307445671536
10353,64513,0.08201989288446825
10353,64522,0.11004784688995216
10353,64525,0.10281434407625964
10353,75802,0.07473995120071915
10353,79173,0.0742586290714633
10353,22492,0.048723681758896964
10353,22659,0.10215053763440861
10353,22761,0.09059233449477352
10353,24746,0.04881543752388231
10353,28280,0.05073975720789074
10353,38638,0.048337809056394114
10353,16304,0.12204424103737604
10353,21593,0.13386727688787187
10353,21989,0.1245398773006135
10353,22367,0.1081402257872846
10353,23532,0.1545232273838631
10353,25791,0.12556237218813907
10353,30570,0.03424657534246575
10353,30655,0.12456140350877193
10353,30753,0.08561643835616438
10353,38395,0.11792677127912506
10353,69327,0.08235098787979413
10353,30821,0.1113892365456821
10353,36076,0.10297872340425532
10353,38295,0.11022480058013052
10353,38754,0.11234177215189874
10353,38755,0.10019023462270134
10353,41197,0.11090964037473557
10353,46873,0.08934401899673494
10353,49543,0.07214665878178593
10353,55925,0.06725999416399182
10353,56182,0.07136901784225447
10353,6342,0.06779927638823344
10353,6343,0.0665448454393178
10353,10055,0.049384768872630526
10353,6820,0.0780532598714417
10353,6822,0.1628772219925589
10353,6831,0.17219917012448133
10353,6889,0.054764512595837894
10353,9108,0.14365999297506146
10353,9110,0.1580916744621141
10353,9157,0.13449564134495642
10353,9158,0.18363463368220742
10353,9159,0.15893333333333334
10353,9160,0.1308262711864407
10353,9186,0.13633864760857614
10353,9187,0.12738275340393343
10353,9325,0.14455307262569833
10353,9326,0.14555420219244825
10353,9369,0.13657623947614594
10353,9375,0.1715145436308927
10353,9950,0.10152714932126697
10353,31218,0.11854255053656101
10353,33328,0.13322185061315497
10353,33329,0.1402061855670103
10353,35264,0.07471109916689062
10353,38126,0.05561191552153463
10353,43335,0.12780577187356848
10353,44174,0.07418738049713193
10353,45123,0.06380816907132697
10353,45635,0.1540247678018576
10353,46157,0.13436293436293437
10353,46987,0.0876481090732024
10353,2188,0.07879420981942993
10353,24043,0.16131237183868763
10353,24288,0.14271151885830785
10353,27822,0.10373355960967331
10353,31199,0.14769108280254778
10353,33863,0.1321998612074948
10353,33864,0.12538604076590487
10353,34521,0.14544832306639288
10353,38402,0.11731701096659015
10353,40117,0.1573261309925726
10353,45579,0.10312805474095797
10353,312161,0.10336011687363039
10353,47804,0.0878234398782344
10353,6383,0.13030226060452121
10353,6496,0.1337099811676083
10353,6498,0.11359159553512804
10353,6499,0.10812975570684821
10353,6503,0.14598214285714287
10353,6504,0.1458625525946704
10353,6505,0.14107763615295482
10353,6518,0.14188730482009504
10353,6525,0.13107932379713913
10353,6549,0.11836825679893001
10353,6649,0.18055555555555555
10353,77182,0.12366230677764566
10353,7939,0.1377072819033886
10353,20977,0.14473684210526316
10353,24212,0.13172804532577903
10353,24213,0.12310866574965612
10353,24214,0.14014352047277331
10353,6651,0.1413484971567831
10353,74008,0.09498935964403173
10353,8889,0.10510648042134188
10353,8895,0.11298527443105756
10353,8915,0.15680880330123798
10353,8916,0.1359927470534905
10353,8917,0.10826771653543307
10353,8919,0.11766373688687269
10353,8921,0.11380753138075314
10353,8922,0.1411911703456893
10353,8923,0.15096830985915494
10353,8925,0.1476147614761476
10353,8926,0.13590192644483362
10353,8927,0.1287339971550498
10353,30165,0.08286199095022624
10353,64417,0.0778061224489796
10353,64482,0.08299223712067749
10353,64718,0.06722880583409298
10353,64869,0.06453694740238787
10353,65089,0.06353472371533003
10353,65212,0.06524099001302648
10353,65346,0.08789030232942342
10353,65648,0.08262416834287482
10353,66437,0.06922802426549304
10353,66673,0.07307406489967798
10353,66904,0.08557614826752619
10353,66952,0.08328211432083589
10353,2187,0.080091226187282
10353,2313,0.0823720792664892
10353,2314,0.08142612486377082
10353,46580,0.11173042817329618
10354,10425,0.19410692588092346
10354,10426,0.16725784447476125
10354,10428,0.17982300884955751
10354,17657,0.1353643216080402
10354,17664,0.08385382059800664
10354,18101,0.12386417981826878
10354,2054,0.1802545579635363
10354,21000,0.13425925925925927
10354,2146,0.1582262534643487
10354,2228,0.14988344988344987
10354,2229,0.14083059210526316
10354,2230,0.09842678499394918
10354,2312,0.16962174940898345
10354,2319,0.15934065934065933
10354,2320,0.1590909090909091
10354,2321,0.1485
10354,2335,0.1524327122153209
10354,2336,0.16274817136886102
10354,2337,0.15685131195335278
10354,2338,0.14735821619001455
10354,2339,0.15625
10354,2340,0.15956826137689614
10354,2341,0.1705161106358711
10354,2342,0.14240648940964398
10354,2402,0.12423268050277697
10354,2403,0.09656593406593407
10354,2404,0.06470695303967965
10354,2405,0.08344699318040917
10354,2406,0.21415153412648716
10354,2407,0.17057057057057057
10354,2408,0.16443327749860412
10354,2409,0.11359754014349163
10354,2410,0.10648812370476646
10354,2411,0.09728141072740631
10354,2420,0.18625277161862527
10354,312160,0.13468013468013468
10354,34059,0.09666884389288047
10354,46021,0.08338325146759315
10354,48148,0.1377735032459726
10354,48919,0.11489683891728185
10354,49024,0.14843250159948818
10354,49593,0.13429924770130955
10354,5325,0.19400711020822753
10354,5326,0.17318435754189945
10354,5653,0.2450574712643678
10354,7875,0.1910224438902743
10354,9260,0.17664449371766444
10354,24249,0.11133935907970419
10354,3498,0.11530276649255175
10354,39792,0.04201680672268908
10354,45600,0.13479703854991065
10354,5607,0.09869830285055199
10354,6079,0.14096281349091958
10354,17622,0.1304029304029304
10354,2499,0.15247472059606174
10354,41051,0.09878815769289769
10354,41818,0.11160084626234132
10354,41907,0.11910766246362754
10354,42311,0.1356741573033708
10354,42338,0.09870012091898428
10354,46135,0.1649746192893401
10354,47818,0.09779423106586457
10354,49908,0.086349028922733
10354,55321,0.09072079536039768
10354,60437,0.08359171524246559
10354,61266,0.11908230152949745
10354,64449,0.10552214324767632
10354,64466,0.11107091172214183
10354,64513,0.09137134052388289
10354,64522,0.13060773480662982
10354,64525,0.1200275925500115
10354,75802,0.08717083927876508
10354,79173,0.08748003440226072
10354,22492,0.055940779610194905
10354,22659,0.10354041416165664
10354,22761,0.09343763581051717
10354,24746,0.057335257335257336
10354,28280,0.057998664504435755
10354,38638,0.05472312703583062
10354,16304,0.15526007039499412
10354,21593,0.17363154796939376
10354,21989,0.15153412648716344
10354,22367,0.14085365853658535
10354,23532,0.17825223435948362
10354,25791,0.15600167294019238
10354,30570,0.03685741998060136
10354,30655,0.15798922800718132
10354,30753,0.09215017064846416
10354,38395,0.14931906614785992
10354,69327,0.10526315789473684
10354,30821,0.1410338225909381
10354,36076,0.12424329778034016
10354,38295,0.13473606496862311
10354,38754,0.1427801724137931
10354,38755,0.11061665607120152
10354,41197,0.1539424280350438
10354,46873,0.10937029225670383
10354,49543,0.09501807955002009
10354,55925,0.08179536394507604
10354,56182,0.08659689399054693
10354,6342,0.08263015443400733
10354,6343,0.07971683594952293
10354,10055,0.06185913598924189
10354,6820,0.08508691674290943
10354,6822,0.21505376344086022
10354,6831,0.20084566596194503
10354,6889,0.06553210299480605
10354,9108,0.19488117001828154
10354,9110,0.20484261501210654
10354,9157,0.19321148825065274
10354,9158,0.21595330739299612
10354,9159,0.2199888330541597
10354,9160,0.171303873431533
10354,9186,0.170194750211685
10354,9187,0.16958698372966208
10354,9325,0.19810633648943918
10354,9326,0.17141089108910892
10354,9369,0.174373795761079
10354,9375,0.19795918367346937
10354,9950,0.1223786268313703
10354,31218,0.14322055456626812
10354,33328,0.15341229554427524
10354,33329,0.18676627534685167
10354,35264,0.09202453987730061
10354,38126,0.06675356112093846
10354,43335,0.1636876763875823
10354,44174,0.08904374758033294
10354,45123,0.07739747147702744
10354,45635,0.1862123613312203
10354,46157,0.16554721453970764
10354,46987,0.10465690307717623
10354,2188,0.09645669291338582
10354,24043,0.1759450171821306
10354,24288,0.16379310344827586
10354,27822,0.12030075187969924
10354,31199,0.1903782894736842
10354,33863,0.14952614952614954
10354,33864,0.14285714285714285
10354,34521,0.16147994467496543
10354,38402,0.1422256890275611
10354,40117,0.1483699268130406
10354,45579,0.12029702970297029
10354,312161,0.13468013468013468
10354,47804,0.09884881043745203
10354,6383,0.1622818442302683
10354,6496,0.1597145993413831
10354,6498,0.13966480446927373
10354,6499,0.12907166123778502
10354,6503,0.19398148148148148
10354,6504,0.19186046511627908
10354,6505,0.1822262118491921
10354,6518,0.1545827633378933
10354,6525,0.15768516060525617
10354,6549,0.1452971988157595
10354,6649,0.18115002161694768
10354,77182,0.1411708022163334
10354,7939,0.15300942712110224
10354,20977,0.16898954703832753
10354,24212,0.15329512893982808
10354,24213,0.12980769230769232
10354,24214,0.16437768240343348
10354,6651,0.15750615258408532
10354,74008,0.10998043052837574
10354,8889,0.1101422670949977
10354,8895,0.13411316648531013
10354,8915,0.16337769619091327
10354,8916,0.13988229968311452
10354,8917,0.1272365805168986
10354,8919,0.1323024054982818
10354,8921,0.13167561458038993
10354,8922,0.1665960152607037
10354,8923,0.1588001764446405
10354,8925,0.16454545454545455
10354,8926,0.14977039915224302
10354,8927,0.14935064935064934
10354,30165,0.09571428571428571
10354,64417,0.09088565166945985
10354,64482,0.09457342258937473
10354,64718,0.0804147465437788
10354,64869,0.07321563955377451
10354,65089,0.07394557085547002
10354,65212,0.07506291716818032
10354,65346,0.10115172759138708
10354,65648,0.10256410256410256
10354,66437,0.08016320652826113
10354,66673,0.08220032431083947
10354,66904,0.09991850040749796
10354,66952,0.10034278591461515
10354,2187,0.09865104237634555
10354,2313,0.10639903410805916
10354,2314,0.10725652450668365
10354,46580,0.13871635610766045
10425,10426,0.36184495452576876
10425,10428,0.25741176470588234
10425,17657,0.21145564168819983
10425,17664,0.21093377798951882
10425,18101,0.14102564102564102
10425,2054,0.3069164265129683
10425,21000,0.2530317928548017
10425,2146,0.29441723800195885
10425,2228,0.29070631970260224
10425,2229,0.2640026751379368
10425,2230,0.23980026793326026
10425,2312,0.3115798725554823
10425,2319,0.2753910116808553
10425,2320,0.21949386118767225
10425,2321,0.24669686674216684
10425,2335,0.2856006364359586
10425,2336,0.2895629614847336
10425,2337,0.2621912602913236
10425,2338,0.2815884476534296
10425,2339,0.268882769472856
10425,2340,0.26714648602878915
10425,2341,0.2922036763152335
10425,2342,0.29498902706656915
10425,2402,0.21741841612970275
10425,2403,0.2376470588235294
10425,2404,0.17682403433476396
10425,2405,0.21183765501691093
10425,2406,0.17071724955542383
10425,2407,0.2532343584305408
10425,2408,0.2815091210613599
10425,2409,0.2518344584678603
10425,2410,0.24975568895714087
10425,2411,0.23524045353838133
10425,2420,0.2644708161782514
10425,312160,0.18292682926829268
10425,34059,0.0658578856152513
10425,46021,0.18592425705396418
10425,48148,0.23611365719523372
10425,48919,0.21929012345679014
10425,49024,0.21260012989824636
10425,49593,0.20698551299861084
10425,5325,0.223562412342216
10425,5326,0.23189848220950485
10425,5653,0.23404811715481172
10425,7875,0.2304895104895105
10425,9260,0.11998756605533105
10425,24249,0.1994504606432843
10425,3498,0.20970752955818295
10425,39792,0.022229486760379207
10425,45600,0.21536144578313254
10425,5607,0.19167925305505973
10425,6079,0.21419853539462977
10425,17622,0.21300694190719766
10425,2499,0.2623407643312102
10425,41051,0.20694645441389292
10425,41818,0.21721311475409835
10425,41907,0.23944559502947269
10425,42311,0.2441430332922318
10425,42338,0.20285158781594298
10425,46135,0.166621511785424
10425,47818,0.2021598841037798
10425,49908,0.19138056975894813
10425,55321,0.19859700048379295
10425,60437,0.19263204616067467
10425,61266,0.23816029143897996
10425,64449,0.20426420158043834
10425,64466,0.2166840770034323
10425,64513,0.19124967251768404
10425,64522,0.24489082969432313
10425,64525,0.2
10425,75802,0.19092367636947055
10425,79173,0.1991609626849194
10425,22492,0.14069747466071122
10425,22659,0.10431112451009948
10425,22761,0.12639960189101768
10425,24746,0.14002630425252083
10425,28280,0.14049442896935932
10425,38638,0.1385665529010239
10425,16304,0.19264953158779727
10425,21593,0.14690721649484537
10425,21989,0.22396729776247848
10425,22367,0.2075986565910999
10425,23532,0.1734475374732334
10425,25791,0.19704186512910504
10425,30570,0.01885544161429044
10425,30655,0.1371757925072046
10425,30753,0.05110188438198659
10425,38395,0.15074980268350435
10425,69327,0.2102578634173987
10425,30821,0.11932822628167354
10425,36076,0.1975283630470016
10425,38295,0.18255813953488373
10425,38754,0.13891951488423374
10425,38755,0.09435061153174142
10425,41197,0.22770357604480826
10425,46873,0.16349887594522788
10425,49543,0.1851969504447268
10425,55925,0.17814786777693667
10425,56182,0.18551782206006173
10425,6342,0.18570851836899474
10425,6343,0.18185388845247447
10425,10055,0.15025133521834746
10425,6820,0.04306688417618271
10425,6822,0.22616632860040567
10425,6831,0.1960346271991064
10425,6889,0.14503291736268056
10425,9108,0.2605062082139446
10425,9110,0.19463621879978757
10425,9157,0.279810298102981
10425,9158,0.20069204152249134
10425,9159,0.20678746045441473
10425,9160,0.16470588235294117
10425,9186,0.2883448420171584
10425,9187,0.22267120374308805
10425,9325,0.23826208829712683
10425,9326,0.14285714285714285
10425,9369,0.2343205574912892
10425,9375,0.19228665207877463
10425,9950,0.1833633273345331
10425,31218,0.23317535545023696
10425,33328,0.1399662731871838
10425,33329,0.1783528102392877
10425,35264,0.19710906701708278
10425,38126,0.16322653078849642
10425,43335,0.17254901960784313
10425,44174,0.1981196973171291
10425,45123,0.1846197610468424
10425,45635,0.2246146317592366
10425,46157,0.21772214040255278
10425,46987,0.20881252598032424
10425,2188,0.20280811232449297
10425,24043,0.12753710996667678
10425,24288,0.23503783535886263
10425,27822,0.22891156462585033
10425,31199,0.2255808143892081
10425,33863,0.20464904284412033
10425,33864,0.22002152852529602
10425,34521,0.23221661312528682
10425,38402,0.24785658612626657
10425,40117,0.12492474413004215
10425,45579,0.21754516669770907
10425,312161,0.18292682926829268
10425,47804,0.19822291911668627
10425,6383,0.28790290489454834
10425,6496,0.28624458651268303
10425,6498,0.24079567265747687
10425,6499,0.23198565373328986
10425,6503,0.19251753702260327
10425,6504,0.2543859649122807
10425,6505,0.292714657415438
10425,6518,0.21520415068802165
10425,6525,0.2828669216831085
10425,6549,0.2797673150336302
10425,6649,0.22147823847540563
10425,77182,0.2598954443614638
10425,7939,0.12041070317361544
10425,20977,0.1477467199087279
10425,24212,0.10261875761266748
10425,24213,0.10419812745394141
10425,24214,0.18159079539769885
10425,6651,0.19039408866995075
10425,74008,0.19747506234413964
10425,8889,0.1940376569037657
10425,8895,0.20868374731077646
10425,8915,0.17802539518009847
10425,8916,0.1648662551440329
10425,8917,0.10607866507747318
10425,8919,0.20237855271114694
10425,8921,0.2044044044044044
10425,8922,0.19793762575452717
10425,8923,0.18105423987776928
10425,8925,0.1890275611024441
10425,8926,0.20974040891339307
10425,8927,0.2091670544439274
10425,30165,0.1975507174666007
10425,64417,0.20185907734679825
10425,64482,0.19541363580323018
10425,64718,0.18548974705943583
10425,64869,0.1732283464566929
10425,65089,0.17712140669761928
10425,65212,0.18076616121308858
10425,65346,0.19472588480222067
10425,65648,0.2176025917926566
10425,66437,0.1881743634009495
10425,66673,0.1951464996645046
10425,66904,0.19658469945355192
10425,66952,0.20780085197018106
10425,2187,0.22898621446870807
10425,2313,0.23620484319174276
10425,2314,0.23031550068587106
10425,46580,0.2223069590085796
10426,10428,0.2385201305767138
10426,17657,0.20935412026726058
10426,17664,0.21492951236422464
10426,18101,0.12793483469094394
10426,2054,0.28701645175633617
10426,21000,0.23654084158415842
10426,2146,0.2801398858825695
10426,2228,0.2704303885694372
10426,2229,0.25150364039252926
10426,2230,0.2462412690896176
10426,2312,0.2932022932022932
10426,2319,0.2583873957367933
10426,2320,0.20304568527918782
10426,2321,0.2297894923049708
10426,2335,0.260595965204516
10426,2336,0.26256258112367886
10426,2337,0.24063541870955088
10426,2338,0.2664285714285714
10426,2339,0.24642464246424642
10426,2340,0.24518285489579236
10426,2341,0.27049341458620013
10426,2342,0.28290155440414505
10426,2402,0.20209261770974618
10426,2403,0.2442546023342558
10426,2404,0.17356820838203374
10426,2405,0.20595587436148244
10426,2406,0.1591583490693283
10426,2407,0.2334384858044164
10426,2408,0.2596951572448389
10426,2409,0.258078231292517
10426,2410,0.2544179144745717
10426,2411,0.23834131585581045
10426,2420,0.24257978129881722
10426,312160,0.167894280762565
10426,34059,0.06125131440588854
10426,46021,0.1737877071965407
10426,48148,0.21674961386648361
10426,48919,0.20479111890154836
10426,49024,0.19629927594529364
10426,49593,0.1844141488577745
10426,5325,0.2015820362337331
10426,5326,0.209036969420356
10426,5653,0.2001895285477375
10426,7875,0.20763358778625954
10426,9260,0.10644257703081232
10426,24249,0.19141104294478528
10426,3498,0.1971997052321297
10426,39792,0.01936619718309859
10426,45600,0.20813354643935358
10426,5607,0.182497052273025
10426,6079,0.19147330692322204
10426,17622,0.1951761888470749
10426,2499,0.24771497854877822
10426,41051,0.20351409429907724
10426,41818,0.21347527664939067
10426,41907,0.2332321699544765
10426,42311,0.23025177782048817
10426,42338,0.20112289457267624
10426,46135,0.14718934911242604
10426,47818,0.19528194777343258
10426,49908,0.1918372147729946
10426,55321,0.19726858877086495
10426,60437,0.19224156458199013
10426,61266,0.2267743796884016
10426,64449,0.2
10426,64466,0.20807276861853324
10426,64513,0.18784599899345747
10426,64522,0.2325197889182058
10426,64525,0.19192085737840067
10426,75802,0.19070850426876593
10426,79173,0.1995933219178082
10426,22492,0.13795407098121085
10426,22659,0.09294085581902425
10426,22761,0.11354809230066255
10426,24746,0.14152556866769284
10426,28280,0.1401322482197355
10426,38638,0.13769320259265413
10426,16304,0.17548130117282584
10426,21593,0.13421944227260882
10426,21989,0.20695860827834434
10426,22367,0.195609564876519
10426,23532,0.16012751348700344
10426,25791,0.1826368044331563
10426,30570,0.01631079478054567
10426,30655,0.11942633637548891
10426,30753,0.04660529344073648
10426,38395,0.14144100580270794
10426,69327,0.2069246435845214
10426,30821,0.10707610146862483
10426,36076,0.18837827573110522
10426,38295,0.17144705628639206
10426,38754,0.1296343001261034
10426,38755,0.09001593202336697
10426,41197,0.19817677368212447
10426,46873,0.15864185689622098
10426,49543,0.17587712693871405
10426,55925,0.17138364779874213
10426,56182,0.17753380639978578
10426,6342,0.17742350218565184
10426,6343,0.17616060225846927
10426,10055,0.14381628137636376
10426,6820,0.035046728971962614
10426,6822,0.18739977090492554
10426,6831,0.17334009123162697
10426,6889,0.13744075829383887
10426,9108,0.22892092616863258
10426,9110,0.1694015444015444
10426,9157,0.2505718444583073
10426,9158,0.17286335103814582
10426,9159,0.18153446033810142
10426,9160,0.1451448906964921
10426,9186,0.2668484612388002
10426,9187,0.20141899881750097
10426,9325,0.2091629201455791
10426,9326,0.12609271523178808
10426,9369,0.2022786328203078
10426,9375,0.16832174776564052
10426,9950,0.16341689879294335
10426,31218,0.2299407646742057
10426,33328,0.12724014336917563
10426,33329,0.15707070707070708
10426,35264,0.1918611334636165
10426,38126,0.16620241411327763
10426,43335,0.15791996165827943
10426,44174,0.1975377107364685
10426,45123,0.18811881188118812
10426,45635,0.20540540540540542
10426,46157,0.2044474699341956
10426,46987,0.20512820512820512
10426,2188,0.1989757681738696
10426,24043,0.1099290780141844
10426,24288,0.21771452846219203
10426,27822,0.21732840379360233
10426,31199,0.20288527593313488
10426,33863,0.19368510277601186
10426,33864,0.20593543212352117
10426,34521,0.2260347415826721
10426,38402,0.23350995797551616
10426,40117,0.1207464324917673
10426,45579,0.2130396475770925
10426,312161,0.167894280762565
10426,47804,0.1859190031152648
10426,6383,0.27835051546391754
10426,6496,0.2866914207543482
10426,6498,0.22805862012185082
10426,6499,0.21806133456618892
10426,6503,0.17045993361782835
10426,6504,0.21902702702702703
10426,6505,0.27069486404833837
10426,6518,0.19707724425887266
10426,6525,0.2718152564830589
10426,6549,0.2773646896074702
10426,6649,0.20960076045627377
10426,77182,0.25
10426,7939,0.10464465584778959
10426,20977,0.13150401242557597
10426,24212,0.0889132821075741
10426,24213,0.09521203830369357
10426,24214,0.16521139705882354
10426,6651,0.17754035007956354
10426,74008,0.19334224996284738
10426,8889,0.185502471169687
10426,8895,0.19629765395894427
10426,8915,0.16611058150619637
10426,8916,0.151357733175915
10426,8917,0.09525094441446304
10426,8919,0.19049415314975482
10426,8921,0.19830508474576272
10426,8922,0.18287037037037038
10426,8923,0.16662766206412358
10426,8925,0.17562724014336917
10426,8926,0.19935897435897437
10426,8927,0.1927710843373494
10426,30165,0.20340813632545302
10426,64417,0.20691578360290017
10426,64482,0.18767738883632923
10426,64718,0.1867731823237941
10426,64869,0.17895242671792408
10426,65089,0.18061037835756233
10426,65212,0.18592426749732308
10426,65346,0.19607319353546146
10426,65648,0.21586188992731048
10426,66437,0.19142018040696454
10426,66673,0.1976554868121133
10426,66904,0.19705534376232417
10426,66952,0.20893223819301848
10426,2187,0.22340925099788683
10426,2313,0.22459555106167847
10426,2314,0.21825552504250031
10426,46580,0.20142222222222222
10428,17657,0.2284387979477156
10428,17664,0.18530905487427227
10428,18101,0.144116752812405
10428,2054,0.20647571606475715
10428,21000,0.1857335127860027
10428,2146,0.2583752093802345
10428,2228,0.2384855581576893
10428,2229,0.19560364073501632
10428,2230,0.1627229705132872
10428,2312,0.25314979001399907
10428,2319,0.20148026315789475
10428,2320,0.2117513482827136
10428,2321,0.24937603993344426
10428,2335,0.2617767261776726
10428,2336,0.26053310404127256
10428,2337,0.2646298472385429
10428,2338,0.2695167286245353
10428,2339,0.26142241379310344
10428,2340,0.25711619225384974
10428,2341,0.28176538908246224
10428,2342,0.2605483181022749
10428,2402,0.2167977788061083
10428,2403,0.20600693107431653
10428,2404,0.14916739702015774
10428,2405,0.18117291133348848
10428,2406,0.19373219373219372
10428,2407,0.24847202632816173
10428,2408,0.2500559659726886
10428,2409,0.2309124767225326
10428,2410,0.20792365529207635
10428,2411,0.2103039389396211
10428,2420,0.2641509433962264
10428,312160,0.19612590799031476
10428,34059,0.06510506372717878
10428,46021,0.1603595605371213
10428,48148,0.2187623958746529
10428,48919,0.2111111111111111
10428,49024,0.194603629417383
10428,49593,0.2050098879367172
10428,5325,0.1766176930290716
10428,5326,0.1870739023725116
10428,5653,0.2319880418535127
10428,7875,0.1848503740648379
10428,9260,0.11337532419414598
10428,24249,0.18229076416565587
10428,3498,0.1590505409333118
10428,39792,0.02181818181818182
10428,45600,0.17796098934244922
10428,5607,0.1534399086497288
10428,6079,0.18774878372401593
10428,17622,0.20382546323968917
10428,2499,0.21232587589700294
10428,41051,0.17592211709858768
10428,41818,0.18030279859305703
10428,41907,0.20220957482423838
10428,42311,0.1878946222512519
10428,42338,0.17023857662757785
10428,46135,0.14656771799628943
10428,47818,0.1726697827880121
10428,49908,0.16406942860762702
10428,55321,0.17635169277412835
10428,60437,0.16895082344811702
10428,61266,0.2053898899697018
10428,64449,0.18808578236695792
10428,64466,0.1925808997632202
10428,64513,0.16655224495400248
10428,64522,0.19534968875869646
10428,64525,0.19037696533434362
10428,75802,0.16636894128855545
10428,79173,0.1609546431399163
10428,22492,0.11962567317030105
10428,22659,0.0989602007888132
10428,22761,0.10988700564971751
10428,24746,0.12080961416824794
10428,28280,0.12213945975051602
10428,38638,0.11846261846261846
10428,16304,0.19972527472527474
10428,21593,0.16918325326012354
10428,21989,0.2107015457788347
10428,22367,0.21408384361752236
10428,23532,0.1864619241617048
10428,25791,0.19994254524561908
10428,30570,0.02266172229089411
10428,30655,0.14854202401372213
10428,30753,0.058985450255603616
10428,38395,0.17157927396835246
10428,69327,0.19440685611186287
10428,30821,0.1391459074733096
10428,36076,0.20394289598912305
10428,38295,0.19557687183586464
10428,38754,0.15679214402618658
10428,38755,0.10916110916110916
10428,41197,0.2229681131623112
10428,46873,0.1758596815139626
10428,49543,0.17695473251028807
10428,55925,0.15838303512259774
10428,56182,0.16972135300253316
10428,6342,0.1724482512491078
10428,6343,0.16923290331530033
10428,10055,0.1315450298050588
10428,6820,0.049676898222940226
10428,6822,0.19717514124293786
10428,6831,0.1584407419050613
10428,6889,0.12564911923429387
10428,9108,0.25765717356260076
10428,9110,0.22403514276749295
10428,9157,0.2584409136047666
10428,9158,0.2006750536974532
10428,9159,0.1977363515312916
10428,9160,0.17802779616148245
10428,9186,0.24557472552095003
10428,9187,0.2430019305019305
10428,9325,0.2649273803119957
10428,9326,0.17026548672566372
10428,9369,0.25370919881305637
10428,9375,0.19510645058786147
10428,9950,0.18697010263275324
10428,31218,0.21045081967213114
10428,33328,0.1511318242343542
10428,33329,0.1766418634746037
10428,35264,0.17464472700074796
10428,38126,0.1442923186344239
10428,43335,0.17966616084977238
10428,44174,0.16799051570835805
10428,45123,0.15194654270772806
10428,45635,0.20442743919103581
10428,46157,0.21059933407325193
10428,46987,0.19184511586975653
10428,2188,0.183210281651627
10428,24043,0.1298372513562387
10428,24288,0.1819303875586275
10428,27822,0.1976870256595591
10428,31199,0.21901528013582344
10428,33863,0.1772978402812657
10428,33864,0.17202312138728323
10428,34521,0.18382535351029522
10428,38402,0.22800338409475465
10428,40117,0.11947218259629101
10428,45579,0.1913741223671013
10428,312161,0.19612590799031476
10428,47804,0.17199890620727373
10428,6383,0.20636550308008214
10428,6496,0.20132083510864934
10428,6498,0.21738317757009346
10428,6499,0.2113141862489121
10428,6503,0.22982131854590265
10428,6504,0.25817694369973193
10428,6505,0.23253676470588236
10428,6518,0.21394169835234475
10428,6525,0.2366673805954166
10428,6549,0.2168492633169626
10428,6649,0.17956744450768355
10428,77182,0.19883040935672514
10428,7939,0.10161408657373441
10428,20977,0.1653061224489796
10428,24212,0.11838697743248243
10428,24213,0.11891694109037687
10428,24214,0.20749195200468246
10428,6651,0.18994099466142175
10428,74008,0.1755433880869421
10428,8889,0.17544189544941707
10428,8895,0.19785407725321888
10428,8915,0.17605004468275245
10428,8916,0.16924449732302202
10428,8917,0.12216216216216216
10428,8919,0.1961221305995097
10428,8921,0.20159680638722555
10428,8922,0.19204350314825416
10428,8923,0.17476010468159348
10428,8925,0.1791753188964699
10428,8926,0.20838726378462336
10428,8927,0.20708661417322835
10428,30165,0.18160530766228697
10428,64417,0.17363917280722604
10428,64482,0.1855616366953349
10428,64718,0.16760441462886821
10428,64869,0.1529531568228106
10428,65089,0.1544267645858833
10428,65212,0.1607105969840942
10428,65346,0.19391861678342526
10428,65648,0.2029710041422654
10428,66437,0.1651376146788991
10428,66673,0.17055342847198052
10428,66904,0.19051787016776076
10428,66952,0.19383011691787574
10428,2187,0.16113221418943757
10428,2313,0.19225524952277065
10428,2314,0.20394074500215734
10428,46580,0.21814752724224643
17657,17664,0.21842918985776127
17657,18101,0.1375140607424072
17657,2054,0.18684880759435055
17657,21000,0.1655271108284306
17657,2146,0.21093148575827558
17657,2228,0.21280878316559926
17657,2229,0.17654701965242814
17657,2230,0.1544943820224719
17657,2312,0.2315904139433551
17657,2319,0.17694524495677233
17657,2320,0.2260237068965517
17657,2321,0.20478927203065134
17657,2335,0.2400161355385236
17657,2336,0.24513776337115073
17657,2337,0.2468075737560546
17657,2338,0.24400154798761609
17657,2339,0.2451796224883296
17657,2340,0.2350250490089305
17657,2341,0.2516184721622788
17657,2342,0.2351652364433084
17657,2402,0.212472647702407
17657,2403,0.20929651380732225
17657,2404,0.15784923928077454
17657,2405,0.18476039064274358
17657,2406,0.147820593809223
17657,2407,0.21323210412147506
17657,2408,0.21878246415956784
17657,2409,0.22633621976709464
17657,2410,0.21514000281412693
17657,2411,0.2091856935462584
17657,2420,0.2389492296034352
17657,312160,0.1805243445692884
17657,34059,0.05768025078369906
17657,46021,0.14832638220511174
17657,48148,0.1983964199142271
17657,48919,0.18924427720288492
17657,49024,0.17706013363028952
17657,49593,0.18010642652476463
17657,5325,0.1623096811261132
17657,5326,0.15384615384615385
17657,5653,0.1660487288135593
17657,7875,0.1612627986348123
17657,9260,0.0974958263772955
17657,24249,0.17476851851851852
17657,3498,0.14434729252952908
17657,39792,0.021810250817884406
17657,45600,0.15827202414638747
17657,5607,0.14498904709748084
17657,6079,0.16436663233779608
17657,17622,0.18782870022539444
17657,2499,0.2023144453312051
17657,41051,0.17417815482502652
17657,41818,0.17976699601828638
17657,41907,0.197497192363228
17657,42311,0.1857821864021492
17657,42338,0.17099934683213586
17657,46135,0.12362714728245565
17657,47818,0.16854528577111788
17657,49908,0.16510826771653545
17657,55321,0.17171470444553005
17657,60437,0.16519602367921368
17657,61266,0.19655119792461467
17657,64449,0.18038022813688212
17657,64466,0.18401571234325426
17657,64513,0.16666666666666666
17657,64522,0.19219324347978295
17657,64525,0.1869125090383225
17657,75802,0.16190036900369004
17657,79173,0.1572478876330517
17657,22492,0.127696590118302
17657,22659,0.09773696293866842
17657,22761,0.105249343832021
17657,24746,0.13015590200445434
17657,28280,0.12721502248082517
17657,38638,0.12368466448162843
17657,16304,0.19727015194437292
17657,21593,0.1470771144278607
17657,21989,0.19293960923623446
17657,22367,0.20849077572793953
17657,23532,0.1713216239562338
17657,25791,0.19160876536611438
17657,30570,0.018422991893883568
17657,30655,0.1333125195129566
17657,30753,0.05123674911660778
17657,38395,0.15480933409220263
17657,69327,0.18907198612315698
17657,30821,0.12173913043478261
17657,36076,0.17963314358001264
17657,38295,0.17724018760799803
17657,38754,0.13944461033144223
17657,38755,0.1067524115755627
17657,41197,0.193569844789357
17657,46873,0.15510204081632653
17657,49543,0.17147540983606557
17657,55925,0.15223499361430395
17657,56182,0.1533115870089349
17657,6342,0.16099494328276617
17657,6343,0.15961128860489882
17657,10055,0.11640046747175692
17657,6820,0.037450486136118115
17657,6822,0.15100585688820983
17657,6831,0.13505007153075824
17657,6889,0.11771665187814256
17657,9108,0.2081304771178189
17657,9110,0.16908887646730017
17657,9157,0.2062669071235347
17657,9158,0.15437534397358282
17657,9159,0.15994020926756353
17657,9160,0.14789363609202272
17657,9186,0.19790812141099262
17657,9187,0.19511658600967885
17657,9325,0.1963042956563475
17657,9326,0.14085850556438792
17657,9369,0.18695941450432468
17657,9375,0.15712650257584432
17657,9950,0.16441488256079817
17657,31218,0.18882059162504802
17657,33328,0.12447384245339747
17657,33329,0.16880405606919177
17657,35264,0.16857314870559903
17657,38126,0.14324206866579747
17657,43335,0.16419994414967887
17657,44174,0.16939764597276713
17657,45123,0.1477990385521727
17657,45635,0.17814070351758793
17657,46157,0.19072032812099463
17657,46987,0.17825112107623317
17657,2188,0.17749374094083542
17657,24043,0.11416421328099444
17657,24288,0.16793365583966827
17657,27822,0.19674402493938345
17657,31199,0.18574011883234307
17657,33863,0.1628451099672438
17657,33864,0.16528745644599302
17657,34521,0.17072040769052582
17657,38402,0.21955128205128205
17657,40117,0.10461737164998386
17657,45579,0.18971122585580416
17657,312161,0.1805243445692884
17657,47804,0.1503183058334416
17657,6383,0.18815129293708993
17657,6496,0.18042264752791068
17657,6498,0.18030224075039084
17657,6499,0.17453365774533658
17657,6503,0.18164224495438208
17657,6504,0.19620100985813899
17657,6505,0.19013490725126475
17657,6518,0.19289578922606446
17657,6525,0.2015873015873016
17657,6549,0.1928330672343445
17657,6649,0.15496999739107747
17657,77182,0.17845364602418468
17657,7939,0.09063745019920319
17657,20977,0.1469223631302196
17657,24212,0.10129956681106297
17657,24213,0.10049423393739704
17657,24214,0.17515329245534525
17657,6651,0.18339009693476552
17657,74008,0.17796610169491525
17657,8889,0.17331178160919541
17657,8895,0.19697897530108185
17657,8915,0.16786305908337934
17657,8916,0.16284846812034226
17657,8917,0.10474951203643461
17657,8919,0.19001474615546662
17657,8921,0.1934673366834171
17657,8922,0.17180500658761527
17657,8923,0.16339165545087483
17657,8925,0.17240429633709722
17657,8926,0.19162253249879635
17657,8927,0.19749754661432778
17657,30165,0.1762120070334087
17657,64417,0.16989173001612531
17657,64482,0.17514407416687547
17657,64718,0.16521098600441966
17657,64869,0.15877771120431397
17657,65089,0.1603481044313294
17657,65212,0.1619931410127093
17657,65346,0.19189305735230702
17657,65648,0.1946198188306341
17657,66437,0.16819571865443425
17657,66673,0.1714672992206032
17657,66904,0.18299005184251085
17657,66952,0.18417849898580121
17657,2187,0.14867569158328428
17657,2313,0.18156826809791857
17657,2314,0.18161955482725659
17657,46580,0.19650569297212406
17664,18101,0.09739263803680982
17664,2054,0.16106173432620707
17664,21000,0.18793155208646053
17664,2146,0.22034471105103076
17664,2228,0.2274975272007913
17664,2229,0.20353349673202614
17664,2230,0.22345846781042977
17664,2312,0.21386044296261014
17664,2319,0.18733303650934996
17664,2320,0.1641485275288092
17664,2321,0.20199778024417314
17664,2335,0.25105337078651685
17664,2336,0.2547845485499589
17664,2337,0.23355899419729206
17664,2338,0.2682080924855491
17664,2339,0.2531987322455687
17664,2340,0.23410684070582546
17664,2341,0.24485373781148428
17664,2342,0.275064847186196
17664,2402,0.191725768321513
17664,2403,0.3233131689157748
17664,2404,0.28354684033493166
17664,2405,0.29231034780357296
17664,2406,0.0911639081687133
17664,2407,0.19829726853494148
17664,2408,0.21861826697892273
17664,2409,0.3119728450936021
17664,2410,0.3158577990812862
17664,2411,0.3150671785028791
17664,2420,0.2046932789185053
17664,312160,0.14857496902106568
17664,34059,0.03248108531176624
17664,46021,0.22496592640102622
17664,48148,0.20315928038613426
17664,48919,0.22311882186806536
17664,49024,0.16050549190976734
17664,49593,0.1688591517350873
17664,5325,0.1150499935073367
17664,5326,0.12852047718607798
17664,5653,0.1263065105150485
17664,7875,0.11536471805483704
17664,9260,0.057980808217326665
17664,24249,0.203099173553719
17664,3498,0.1685491723466407
17664,39792,0.010862092671524819
17664,45600,0.1599695916594266
17664,5607,0.18331040806969282
17664,6079,0.16223919735491962
17664,17622,0.19107651830738873
17664,2499,0.21181192660550457
17664,41051,0.2417979610750695
17664,41818,0.22112950340798443
17664,41907,0.23775646973914838
17664,42311,0.17608695652173914
17664,42338,0.22795053646117475
17664,46135,0.08758286588475268
17664,47818,0.22470879574429056
17664,49908,0.2323863136599525
17664,55321,0.24471644945403312
17664,60437,0.26120283018867924
17664,61266,0.24705408399637427
17664,64449,0.22615369281371475
17664,64466,0.22980625931445603
17664,64513,0.22349807091677384
17664,64522,0.21152614727854857
17664,64525,0.19455796945579695
17664,75802,0.23883379947453173
17664,79173,0.24234189723320157
17664,22492,0.20251425431064093
17664,22659,0.060642732284523326
17664,22761,0.0851828890266584
17664,24746,0.20561270907691231
17664,28280,0.2010119914050045
17664,38638,0.19777747477502045
17664,16304,0.14702945581627558
17664,21593,0.09223623092236231
17664,21989,0.17200614729873506
17664,22367,0.18998211091234346
17664,23532,0.11213021573440124
17664,25791,0.14445574771108852
17664,30570,0.009396158629266271
17664,30655,0.0854144527098831
17664,30753,0.02705657283410768
17664,38395,0.10640761708697889
17664,69327,0.245075092646772
17664,30821,0.07416331994645248
17664,36076,0.17696237807710172
17664,38295,0.14881539980256664
17664,38754,0.09830463924300172
17664,38755,0.06482593037214886
17664,41197,0.18382440653703924
17664,46873,0.14513335642535505
17664,49543,0.19218606549015607
17664,55925,0.2134740985953297
17664,56182,0.20374240121580547
17664,6342,0.22014226881317858
17664,6343,0.22025782688766113
17664,10055,0.19763899466869764
17664,6820,0.01908554167238775
17664,6822,0.1218274111675127
17664,6831,0.09681577929611963
17664,6889,0.16552888497394114
17664,9108,0.1727541954590326
17664,9110,0.12133676092544987
17664,9157,0.19367684324846143
17664,9158,0.11088504577822991
17664,9159,0.11021753460777851
17664,9160,0.10027562672266702
17664,9186,0.19801523194091852
17664,9187,0.17203290246768507
17664,9325,0.16640137137259703
17664,9326,0.08415577487329955
17664,9369,0.1734076621990274
17664,9375,0.1142263759086189
17664,9950,0.14921821889870837
17664,31218,0.19501058024278872
17664,33328,0.08745896257386737
17664,33329,0.10834534259137954
17664,35264,0.23878260869565218
17664,38126,0.2440413414891373
17664,43335,0.11838726245505907
17664,44174,0.23912859917250698
17664,45123,0.2437137330754352
17664,45635,0.14487720168692633
17664,46157,0.15373021853805577
17664,46987,0.22972459639126305
17664,2188,0.23835339520352844
17664,24043,0.06471061093247589
17664,24288,0.14635019083969467
17664,27822,0.21213083518577325
17664,31199,0.1453838434520823
17664,33863,0.13455803411666467
17664,33864,0.14983145414390328
17664,34521,0.14772727272727273
17664,38402,0.22088215024121297
17664,40117,0.06700616456714018
17664,45579,0.19897504456327986
17664,312161,0.14857496902106568
17664,47804,0.19491525423728814
17664,6383,0.18787475016655564
17664,6496,0.17868409193330329
17664,6498,0.19464643271156076
17664,6499,0.19687119057293784
17664,6503,0.12464914519009951
17664,6504,0.17148836636710574
17664,6505,0.17782402589894786
17664,6518,0.15932939331805573
17664,6525,0.19916261174606767
17664,6549,0.21429341381912256
17664,6649,0.1219817340172651
17664,77182,0.1834555651423641
17664,7939,0.05174035747883349
17664,20977,0.08539473684210526
17664,24212,0.0578400970742888
17664,24213,0.06241574548395794
17664,24214,0.1277882797731569
17664,6651,0.13951440432758838
17664,74008,0.19426336375488917
17664,8889,0.16888325944690732
17664,8895,0.18521471693814787
17664,8915,0.11732484076433121
17664,8916,0.10866261398176291
17664,8917,0.05939668980245595
17664,8919,0.17045715598437858
17664,8921,0.1716050795103535
17664,8922,0.12914572864321608
17664,8923,0.12019716885743174
17664,8925,0.1210499490316004
17664,8926,0.16069463128286657
17664,8927,0.1559317875107349
17664,30165,0.24238363262753507
17664,64417,0.248768054375531
17664,64482,0.2280345800988003
17664,64718,0.2570646485790194
17664,64869,0.25
17664,65089,0.25357253805529667
17664,65212,0.2618636077938403
17664,65346,0.23181032827798043
17664,65648,0.2533118849356548
17664,66437,0.2525277435265105
17664,66673,0.2522673832717501
17664,66904,0.23645367107894485
17664,66952,0.24606446776611693
17664,2187,0.20503960896679588
17664,2313,0.25341832963784183
17664,2314,0.2548982309301883
17664,46580,0.19077474249888043
18101,2054,0.13458712900382017
18101,21000,0.105742935278031
18101,2146,0.12410554561717352
18101,2228,0.11242480813109314
18101,2229,0.10130779149014552
18101,2230,0.07986939595629788
18101,2312,0.13590473725084132
18101,2319,0.11901473296500921
18101,2320,0.1421619742787626
18101,2321,0.11644444444444445
18101,2335,0.13716814159292035
18101,2336,0.14202152550304165
18101,2337,0.14590932777488275
18101,2338,0.13769552764926196
18101,2339,0.13811638233232063
18101,2340,0.1555613850996852
18101,2341,0.14607025524387163
18101,2342,0.1326194398682043
18101,2402,0.13693166710981122
18101,2403,0.09815950920245399
18101,2404,0.07080427297607486
18101,2405,0.09207861822513401
18101,2406,0.13566634707574304
18101,2407,0.13179916317991633
18101,2408,0.13185731857318572
18101,2409,0.11362179487179487
18101,2410,0.11226799456767768
18101,2411,0.10819534100477125
18101,2420,0.15960496973558458
18101,312160,0.17829193603266416
18101,34059,0.06947261663286004
18101,46021,0.09236623616236163
18101,48148,0.1377562265814415
18101,48919,0.12255772646536411
18101,49024,0.13399153737658676
18101,49593,0.14471007121057985
18101,5325,0.12046736502820306
18101,5326,0.1278447121820616
18101,5653,0.12151536812008577
18101,7875,0.12047713717693836
18101,9260,0.09652928416485901
18101,24249,0.10836970962231923
18101,3498,0.08058608058608059
18101,39792,0.02929427430093209
18101,45600,0.10369028752546977
18101,5607,0.08036529680365297
18101,6079,0.11229404309252218
18101,17622,0.10651793525809274
18101,2499,0.12420306965761511
18101,41051,0.09236081139404402
18101,41818,0.09851573968357527
18101,41907,0.10558230782949884
18101,42311,0.1135175504107543
18101,42338,0.08375563063063063
18101,46135,0.10502838605028386
18101,47818,0.08418330699612124
18101,49908,0.08202558354213373
18101,55321,0.08492900872736746
18101,60437,0.08152430391694196
18101,61266,0.10169207572457697
18101,64449,0.09803921568627451
18101,64466,0.09278350515463918
18101,64513,0.08836737650296972
18101,64522,0.10632355874725713
18101,64525,0.104375
18101,75802,0.08309772587584512
18101,79173,0.07618274582560297
18101,22492,0.06888990406578346
18101,22659,0.12967986977753662
18101,22761,0.11422087745839637
18101,24746,0.07098649662415604
18101,28280,0.0691351150705271
18101,38638,0.06790739900136178
18101,16304,0.13747899159663865
18101,21593,0.13430042115114646
18101,21989,0.12919186366135238
18101,22367,0.12331717824448034
18101,23532,0.12978637646110439
18101,25791,0.1382751247327156
18101,30570,0.022510231923601638
18101,30655,0.11398963730569948
18101,30753,0.05555555555555555
18101,38395,0.12575574365175332
18101,69327,0.09346528432296576
18101,30821,0.1304791029561672
18101,36076,0.13977362463806264
18101,38295,0.1432300163132137
18101,38754,0.14292114695340502
18101,38755,0.11698306824012314
18101,41197,0.14166897698918768
18101,46873,0.1324703938309006
18101,49543,0.11763587989357659
18101,55925,0.10137725401107482
18101,56182,0.10811683072454413
18101,6342,0.0979498861047836
18101,6343,0.09612836743706757
18101,10055,0.061164811956786615
18101,6820,0.05139882888744307
18101,6822,0.12785862785862787
18101,6831,0.11930405965202982
18101,6889,0.0670621887911855
18101,9108,0.13889744379427163
18101,9110,0.13452566096423016
18101,9157,0.14038515210717276
18101,9158,0.12088752869166029
18101,9159,0.1394335511982571
18101,9160,0.15302013422818792
18101,9186,0.12515367592820262
18101,9187,0.1216361679224973
18101,9325,0.14637904468412943
18101,9326,0.14433497536945813
18101,9369,0.1333887964503605
18101,9375,0.1441515650741351
18101,9950,0.1241575946086055
18101,31218,0.1120144534778681
18101,33328,0.13013698630136986
18101,33329,0.13273580879214683
18101,35264,0.08385771157056633
18101,38126,0.06590155115215637
18101,43335,0.12689173457508732
18101,44174,0.0790850468426816
18101,45123,0.06739704587694414
18101,45635,0.12483574244415244
18101,46157,0.1319490957803081
18101,46987,0.08671839342765861
18101,2188,0.08808510638297873
18101,24043,0.10531750129065565
18101,24288,0.12374483165977555
18101,27822,0.10621203213795806
18101,31199,0.1332651670074983
18101,33863,0.10994607549430797
18101,33864,0.10194174757281553
18101,34521,0.11901949202598937
18101,38402,0.1305672761368964
18101,40117,0.10337768679631525
18101,45579,0.11848341232227488
18101,312161,0.17829193603266416
18101,47804,0.08912169919632607
18101,6383,0.11106064047240517
18101,6496,0.11923076923076924
18101,6498,0.11133440514469453
18101,6499,0.09994478188845941
18101,6503,0.14193548387096774
18101,6504,0.155403301152289
18101,6505,0.12535319804777806
18101,6518,0.12870699881376038
18101,6525,0.11834733893557423
18101,6549,0.11022981492780151
18101,6649,0.12326820603907637
18101,77182,0.11598272138228942
18101,7939,0.1056376573617953
18101,20977,0.12580645161290321
18101,24212,0.11536358665937671
18101,24213,0.11379495437466453
18101,24214,0.12290103608431582
18101,6651,0.12720970537261697
18101,74008,0.09159212880143112
18101,8889,0.10025062656641603
18101,8895,0.11599126425624848
18101,8915,0.12651975683890576
18101,8916,0.10785419015407742
18101,8917,0.10300207039337474
18101,8919,0.11099847947288394
18101,8921,0.111807470543996
18101,8922,0.12398445778876722
18101,8923,0.11447320452059788
18101,8925,0.12143928035982009
18101,8926,0.13140927233650598
18101,8927,0.12333022677850264
18101,30165,0.08477300120530333
18101,64417,0.08280565026790063
18101,64482,0.08373397435897435
18101,64718,0.0842361264647358
18101,64869,0.07641853201457574
18101,65089,0.07667465360975101
18101,65212,0.08061116965226554
18101,65346,0.09779721918450242
18101,65648,0.09995564098772734
18101,66437,0.08439691847763596
18101,66673,0.08469326980345444
18101,66904,0.09571057853762785
18101,66952,0.0988559694925198
18101,2187,0.08232445520581114
18101,2313,0.09572215163066497
18101,2314,0.09924118434756733
18101,46580,0.1324736225087925
2054,21000,0.22488858416181007
2054,2146,0.25964116312641783
2054,2228,0.2447363337840448
2054,2229,0.21577406578267608
2054,2230,0.1935881627620222
2054,2312,0.26714550509731233
2054,2319,0.2307373653686827
2054,2320,0.20369349503858875
2054,2321,0.21565113500597372
2054,2335,0.22640345465761874
2054,2336,0.22775947281713343
2054,2337,0.21351052048726468
2054,2338,0.22068021892103207
2054,2339,0.20636529495236164
2054,2340,0.21210782147591692
2054,2341,0.23184908971265628
2054,2342,0.23308975079632752
2054,2402,0.1946922390722569
2054,2403,0.1799652000994283
2054,2404,0.13371095090971508
2054,2405,0.1589958158995816
2054,2406,0.16436044549443132
2054,2407,0.2185176841630998
2054,2408,0.23898822503270825
2054,2409,0.1986863711001642
2054,2410,0.19092574327180498
2054,2411,0.18349591352491432
2054,2420,0.21738009283135637
2054,312160,0.16244563827065744
2054,34059,0.07082913729439409
2054,46021,0.1467999565359122
2054,48148,0.20381797146162745
2054,48919,0.1860576923076923
2054,49024,0.1946135831381733
2054,49593,0.186901977461195
2054,5325,0.22292590246991767
2054,5326,0.2187842278203724
2054,5653,0.19857954545454545
2054,7875,0.22149122807017543
2054,9260,0.1378804547121379
2054,24249,0.16908783783783785
2054,3498,0.18328183444462515
2054,39792,0.02697419859265051
2054,45600,0.19598393574297188
2054,5607,0.16113003975014195
2054,6079,0.180954437486504
2054,17622,0.1775987725354814
2054,2499,0.22115384615384615
2054,41051,0.16335836909871246
2054,41818,0.17835067088798431
2054,41907,0.19226989846053064
2054,42311,0.21345859733449857
2054,42338,0.16522893165228933
2054,46135,0.16569678407350688
2054,47818,0.16092572658772875
2054,49908,0.15125216960079346
2054,55321,0.15488463426607757
2054,60437,0.14759238521836507
2054,61266,0.18364507651878187
2054,64449,0.16372293042543387
2054,64466,0.17251417190133292
2054,64513,0.1558843308675185
2054,64522,0.20359607700690155
2054,64525,0.1703649367320741
2054,75802,0.14996512438967682
2054,79173,0.1551839464882943
2054,22492,0.11450248539286649
2054,22659,0.10478519035976248
2054,22761,0.11674986134220743
2054,24746,0.11625
2054,28280,0.11818988464951198
2054,38638,0.11261261261261261
2054,16304,0.17038007863695936
2054,21593,0.1368796626662342
2054,21989,0.18850206138341732
2054,22367,0.1839080459770115
2054,23532,0.1642685851318945
2054,25791,0.17768595041322313
2054,30570,0.020569620253164556
2054,30655,0.12174479166666667
2054,30753,0.05679666792881484
2054,38395,0.13407494145199064
2054,69327,0.16533835675988987
2054,30821,0.10593362386858866
2054,36076,0.1614080274737068
2054,38295,0.15172067319768903
2054,38754,0.11995066296638915
2054,38755,0.0918230563002681
2054,41197,0.1757123473541384
2054,46873,0.14484126984126985
2054,49543,0.1482764308098301
2054,55925,0.14112330535829568
2054,56182,0.15171714244312418
2054,6342,0.13818132018625034
2054,6343,0.1364787418365987
2054,10055,0.11439376034034507
2054,6820,0.04453911696359411
2054,6822,0.19779005524861878
2054,6831,0.18962264150943398
2054,6889,0.11507698460307939
2054,9108,0.215412004069176
2054,9110,0.17341549295774647
2054,9157,0.239385943871432
2054,9158,0.18985464253930584
2054,9159,0.19611650485436893
2054,9160,0.15467171717171718
2054,9186,0.24111452391399738
2054,9187,0.18782529984159313
2054,9325,0.20115086314736053
2054,9326,0.1293961512939615
2054,9369,0.1974050046339203
2054,9375,0.1801223241590214
2054,9950,0.15154091392136027
2054,31218,0.201
2054,33328,0.13176320814767664
2054,33329,0.16755236011253516
2054,35264,0.1547604608853851
2054,38126,0.12402496099843993
2054,43335,0.1577571179546775
2054,44174,0.15886326578150478
2054,45123,0.14110371075166508
2054,45635,0.20874698148645024
2054,46157,0.19758389261744966
2054,46987,0.17134311351659307
2054,2188,0.16058878132873625
2054,24043,0.1289418360196216
2054,24288,0.2157253048021896
2054,27822,0.1885492136419862
2054,31199,0.20152713389691845
2054,33863,0.19351620947630924
2054,33864,0.19634174577448482
2054,34521,0.21416105709299427
2054,38402,0.2036697247706422
2054,40117,0.13142257951765118
2054,45579,0.18838582677165355
2054,312161,0.16244563827065744
2054,47804,0.17862969004893964
2054,6383,0.2564156499789651
2054,6496,0.2900832021587587
2054,6498,0.21213788045471213
2054,6499,0.2104631217838765
2054,6503,0.18173938168159492
2054,6504,0.22001527883880825
2054,6505,0.2708236389018148
2054,6518,0.18818380743982493
2054,6525,0.2356902356902357
2054,6549,0.2395754359363154
2054,6649,0.20917640353377032
2054,77182,0.2513518926497096
2054,7939,0.12355072463768116
2054,20977,0.13861066235864297
2054,24212,0.100105745505816
2054,24213,0.09735744089012517
2054,24214,0.16427783902976847
2054,6651,0.1793685356559608
2054,74008,0.16872762772534983
2054,8889,0.18011152416356876
2054,8895,0.18038237738985868
2054,8915,0.16398158803222093
2054,8916,0.14982876712328766
2054,8917,0.09811965811965812
2054,8919,0.17350225467038866
2054,8921,0.17712334613743064
2054,8922,0.19311502938706968
2054,8923,0.16530554773303294
2054,8925,0.17921250723798496
2054,8926,0.19778838904247298
2054,8927,0.1822300528567833
2054,30165,0.16318256683136956
2054,64417,0.16208343043579584
2054,64482,0.16434540389972144
2054,64718,0.14464417113423736
2054,64869,0.13824379547493273
2054,65089,0.13784511113326023
2054,65212,0.14182111200644643
2054,65346,0.16829971181556197
2054,65648,0.17549668874172186
2054,66437,0.15149523496549458
2054,66673,0.15172413793103448
2054,66904,0.1630756231516688
2054,66952,0.17117486338797813
2054,2187,0.1948084362910271
2054,2313,0.18161165308031538
2054,2314,0.17690383546414676
2054,46580,0.19583249039045114
21000,2146,0.25105358217941
21000,2228,0.25406032482598606
21000,2229,0.7535491198182851
21000,2230,0.24361657597321054
21000,2312,0.23817976440213007
21000,2319,0.24138982017677538
21000,2320,0.1554422366801477
21000,2321,0.22569700545803215
21000,2335,0.2185588542443682
21000,2336,0.22520630157539384
21000,2337,0.19803524091688757
21000,2338,0.2193678741521143
21000,2339,0.21354166666666666
21000,2340,0.19875292283710055
21000,2341,0.21522921522921523
21000,2342,0.2271266936723006
21000,2402,0.1967394745172523
21000,2403,0.20697482459760627
21000,2404,0.1751162613402455
21000,2405,0.19019401701232916
21000,2406,0.1227164416203336
21000,2407,0.21769033909149071
21000,2408,0.22815760784924466
21000,2409,0.21486229819563152
21000,2410,0.20816326530612245
21000,2411,0.20978037433733637
21000,2420,0.18153898652107148
21000,312160,0.1408284023668639
21000,34059,0.047989119875655725
21000,46021,0.1871219875314041
21000,48148,0.21522083153503094
21000,48919,0.2158227848101266
21000,49024,0.18606916707257673
21000,49593,0.1897921760391198
21000,5325,0.15345122646891043
21000,5326,0.1954373989581462
21000,5653,0.18724584103512015
21000,7875,0.15346815346815346
21000,9260,0.08217781402936379
21000,24249,0.19813550420168066
21000,3498,0.218039316458949
21000,39792,0.02092138630600169
21000,45600,0.20052964543180815
21000,5607,0.19979200369771205
21000,6079,0.19331259720062208
21000,17622,0.204214172319238
21000,2499,0.2122947114660238
21000,41051,0.1997353038491232
21000,41818,0.20302557329811502
21000,41907,0.21325316617628245
21000,42311,0.19519334463102758
21000,42338,0.20175054704595186
21000,46135,0.13868889730958697
21000,47818,0.19836265073570086
21000,49908,0.19005696530295182
21000,55321,0.19264736085438489
21000,60437,0.18421302900618164
21000,61266,0.21157390342793955
21000,64449,0.1922233057045344
21000,64466,0.19841945288753798
21000,64513,0.1863326741375522
21000,64522,0.21739729804245933
21000,64525,0.1811803549319026
21000,75802,0.19160673825238891
21000,79173,0.19835971771886324
21000,22492,0.1412033511043412
21000,22659,0.06891057558255327
21000,22761,0.0945020200245916
21000,24746,0.14604114713216956
21000,28280,0.14962341796723347
21000,38638,0.14051841746248295
21000,16304,0.14982758620689654
21000,21593,0.10361492364198724
21000,21989,0.18288
21000,22367,0.17137920201068174
21000,23532,0.13666915608663183
21000,25791,0.14429530201342283
21000,30570,0.014203943184227264
21000,30655,0.0930547494679822
21000,30753,0.03932584269662921
21000,38395,0.11379879054425508
21000,69327,0.18136746223913294
21000,30821,0.07775166470818645
21000,36076,0.15256546087482972
21000,38295,0.13699547814436444
21000,38754,0.09596244131455399
21000,38755,0.066796875
21000,41197,0.16326209930861094
21000,46873,0.1367757799293069
21000,49543,0.14934169278996864
21000,55925,0.1585353058440877
21000,56182,0.15758266818700115
21000,6342,0.14579928081072246
21000,6343,0.1434203516249334
21000,10055,0.14552970852017938
21000,6820,0.03070452155625657
21000,6822,0.1773177317731773
21000,6831,0.14364851957975167
21000,6889,0.1305120609394837
21000,9108,0.19021646497358105
21000,9110,0.14573328407831548
21000,9157,0.19678519240136386
21000,9158,0.16582254736447197
21000,9159,0.1383368705382983
21000,9160,0.11827546737886303
21000,9186,0.22770576292362954
21000,9187,0.18395552025416997
21000,9325,0.1824780553679946
21000,9326,0.0959546609341411
21000,9369,0.18922406839812872
21000,9375,0.14288407163053723
21000,9950,0.14289998500524817
21000,31218,0.2057873090481786
21000,33328,0.0975609756097561
21000,33329,0.12459761408824087
21000,35264,0.1920496136640911
21000,38126,0.16886218319081736
21000,43335,0.12465927675813193
21000,44174,0.20122553864400078
21000,45123,0.189725969999162
21000,45635,0.18575468363379286
21000,46157,0.16337929830685985
21000,46987,0.2023521272915946
21000,2188,0.19048136477235683
21000,24043,0.09971625456019456
21000,24288,0.19601889338731443
21000,27822,0.20334186767282036
21000,31199,0.1705330263856915
21000,33863,0.1708542713567839
21000,33864,0.18638338966682763
21000,34521,0.19614474129184986
21000,38402,0.20475482912332837
21000,40117,0.09125551544324108
21000,45579,0.17543859649122806
21000,312161,0.1408284023668639
21000,47804,0.23106532321974413
21000,6383,0.22190675433353257
21000,6496,0.23403263403263402
21000,6498,0.23649880768691262
21000,6499,0.2315159574468085
21000,6503,0.15486238532110091
21000,6504,0.19246505284691443
21000,6505,0.232475884244373
21000,6518,0.19236589877249033
21000,6525,0.22012388578335096
21000,6549,0.22139963682078503
21000,6649,0.18098552848507052
21000,77182,0.23260901268776432
21000,7939,0.08110862033829223
21000,20977,0.11266511266511267
21000,24212,0.08121827411167512
21000,24213,0.0754414125200642
21000,24214,0.1532113383566559
21000,6651,0.15760580839383745
21000,74008,0.19290888295844452
21000,8889,0.18956884561891515
21000,8895,0.18218623481781376
21000,8915,0.14868590332659437
21000,8916,0.12773656594897775
21000,8917,0.07545671167593328
21000,8919,0.1789392774788624
21000,8921,0.1816929435175264
21000,8922,0.15379125780553077
21000,8923,0.150789330430049
21000,8925,0.14585615188024825
21000,8926,0.17419137466307277
21000,8927,0.16393995614774837
21000,30165,0.20082269802763422
21000,64417,0.21393679593260892
21000,64482,0.21263695351558345
21000,64718,0.18886770180695542
21000,64869,0.18253623817376963
21000,65089,0.18496606925352357
21000,65212,0.18678236479971952
21000,65346,0.19837303893085415
21000,65648,0.2049438202247191
21000,66437,0.1871907384931379
21000,66673,0.1886991557943208
21000,66904,0.19318052229444635
21000,66952,0.19452449567723343
21000,2187,0.24700899947061938
21000,2313,0.19856770833333334
21000,2314,0.18972243897001448
21000,46580,0.19884768798936328
2146,2228,0.2822240943555181
2146,2229,0.2568372803666921
2146,2230,0.22747849705749207
2146,2312,0.27498078401229825
2146,2319,0.24287462843154398
2146,2320,0.19658304498269896
2146,2321,0.28644727530077846
2146,2335,0.2816825453891785
2146,2336,0.28363047001620745
2146,2337,0.25995449374288965
2146,2338,0.27687801516195726
2146,2339,0.27248346146969427
2146,2340,0.2562795089707271
2146,2341,0.28861865855975677
2146,2342,0.29245912579245914
2146,2402,0.22290963629546307
2146,2403,0.24780522064848415
2146,2404,0.19115088242605022
2146,2405,0.2205945252352438
2146,2406,0.16772071844168984
2146,2407,0.2644230769230769
2146,2408,0.28023929706487194
2146,2409,0.2663178187827045
2146,2410,0.2469856087125632
2146,2411,0.2460385702002211
2146,2420,0.2522867475005318
2146,312160,0.17756238399670035
2146,34059,0.05651224836284259
2146,46021,0.18515522297502277
2146,48148,0.2402075661198527
2146,48919,0.2314215897657036
2146,49024,0.19599236641221374
2146,49593,0.21236076176787638
2146,5325,0.17614035087719299
2146,5326,0.20072680632749038
2146,5653,0.22136538897709232
2146,7875,0.17763310857940015
2146,9260,0.09827630563416516
2146,24249,0.2071951037468279
2146,3498,0.20136615910061192
2146,39792,0.018802041364491002
2146,45600,0.21411524036822366
2146,5607,0.18772241992882563
2146,6079,0.20790096486437284
2146,17622,0.22031067312510438
2146,2499,0.24387646432374868
2146,41051,0.2166172106824926
2146,41818,0.21888994436151446
2146,41907,0.24922348764975596
2146,42311,0.21673003802281368
2146,42338,0.2127789293988538
2146,46135,0.14298850574712643
2146,47818,0.21212871287128712
2146,49908,0.2040087547517567
2146,55321,0.21479439467034228
2146,60437,0.2074473712049085
2146,61266,0.24320135268423276
2146,64449,0.21245319650533906
2146,64466,0.22741823242867085
2146,64513,0.20182243566063293
2146,64522,0.23639536728541966
2146,64525,0.20806658130601793
2146,75802,0.20444396035290274
2146,79173,0.21194280908326324
2146,22492,0.14980624948470608
2146,22659,0.0849624060150376
2146,22761,0.0995130213847131
2146,24746,0.15370979994935427
2146,28280,0.15503355704697985
2146,38638,0.15119145439605589
2146,16304,0.19300847457627118
2146,21593,0.13704965920155793
2146,21989,0.21487287325559168
2146,22367,0.2210386151797603
2146,23532,0.1733271375464684
2146,25791,0.19424934152765583
2146,30570,0.015451341827053402
2146,30655,0.12405556909578357
2146,30753,0.048211920529801326
2146,38395,0.1478023229332726
2146,69327,0.2293724966622163
2146,30821,0.1115260144386358
2146,36076,0.19538349691021448
2146,38295,0.18066105522479983
2146,38754,0.12576255279211637
2146,38755,0.08724502334725977
2146,41197,0.2142312094620374
2146,46873,0.16379941434846265
2146,49543,0.18674259015914732
2146,55925,0.18110979929161747
2146,56182,0.1921517331589274
2146,6342,0.18833855799373042
2146,6343,0.1859782209714915
2146,10055,0.16601934353819206
2146,6820,0.03788285867813004
2146,6822,0.19116691924659018
2146,6831,0.16337564645039962
2146,6889,0.14606009861382455
2146,9108,0.24633123689727462
2146,9110,0.1944958371877891
2146,9157,0.2711762344439984
2146,9158,0.18142400730260155
2146,9159,0.18153098420413122
2146,9160,0.14584323040380048
2146,9186,0.2710506706408346
2146,9187,0.24033255993812838
2146,9325,0.24832635983263598
2146,9326,0.1325898389095415
2146,9369,0.24293563579277866
2146,9375,0.17488894084638765
2146,9950,0.1786609380594343
2146,31218,0.22854205927702587
2146,33328,0.1291248206599713
2146,33329,0.16220061655205123
2146,35264,0.21678242058522146
2146,38126,0.1874159946236559
2146,43335,0.1640677966101695
2146,44174,0.22113588926727454
2146,45123,0.20448512585812356
2146,45635,0.21616984773750805
2146,46157,0.21010752688172044
2146,46987,0.22954039544323687
2146,2188,0.2199261992619926
2146,24043,0.1154041687849517
2146,24288,0.2053375821549492
2146,27822,0.23408913213448007
2146,31199,0.21183123096998696
2146,33863,0.18992403038784486
2146,33864,0.20079635949943117
2146,34521,0.21156162183861904
2146,38402,0.2451567453328637
2146,40117,0.10962701612903226
2146,45579,0.21262626262626264
2146,312161,0.17756238399670035
2146,47804,0.22429673885984566
2146,6383,0.2664537874756076
2146,6496,0.25967153284671535
2146,6498,0.26106696935300794
2146,6499,0.26022988505747124
2146,6503,0.20247083047357584
2146,6504,0.24519230769230768
2146,6505,0.27216890595009596
2146,6518,0.21962522667741285
2146,6525,0.2736156351791531
2146,6549,0.28369148758953855
2146,6649,0.19246031746031747
2146,77182,0.2521533524742442
2146,7939,0.08741080530071356
2146,20977,0.13257667230137649
2146,24212,0.09726132582544152
2146,24213,0.0922415971695729
2146,24214,0.18565772107347117
2146,6651,0.18640776699029127
2146,74008,0.2092989571263036
2146,8889,0.19990419926552772
2146,8895,0.21253985122210414
2146,8915,0.17202608500112435
2146,8916,0.15830546265328874
2146,8917,0.09504752376188094
2146,8919,0.20761245674740483
2146,8921,0.21513002364066194
2146,8922,0.1853711790393013
2146,8923,0.17371099800840895
2146,8925,0.1796892591758613
2146,8926,0.20987150724046502
2146,8927,0.19239373601789708
2146,30165,0.2263837857058196
2146,64417,0.23055678303137428
2146,64482,0.23401214719542693
2146,64718,0.2116795657855061
2146,64869,0.20015256984838373
2146,65089,0.20011446012972148
2146,65212,0.20570932587520493
2146,65346,0.22429042904290428
2146,65648,0.23798568507157464
2146,66437,0.2076525336091003
2146,66673,0.21331623383563109
2146,66904,0.21675703588949136
2146,66952,0.2337218140359767
2146,2187,0.22226015705018778
2146,2313,0.23953430765419867
2146,2314,0.24002574002574004
2146,46580,0.22185773480662985
2228,2229,0.2733491969066032
2228,2230,0.24952508660185496
2228,2312,0.31453894022251555
2228,2319,0.26233678141427846
2228,2320,0.19580277098614507
2228,2321,0.2812868452080175
2228,2335,0.2699438680047627
2228,2336,0.27415500170706725
2228,2337,0.25197274031563843
2228,2338,0.2662634847989539
2228,2339,0.25980392156862747
2228,2340,0.25435289894094415
2228,2341,0.27039086203819385
2228,2342,0.27371572644185316
2228,2402,0.21527285613040398
2228,2403,0.24968746448460052
2228,2404,0.19872891713517477
2228,2405,0.22177167810355583
2228,2406,0.14391314391314391
2228,2407,0.2441044104410441
2228,2408,0.2610145690714411
2228,2409,0.26268379917869916
2228,2410,0.24940379063637505
2228,2411,0.25059665871121717
2228,2420,0.24112485041882728
2228,312160,0.16179861644888546
2228,34059,0.052253868580399196
2228,46021,0.19048089266317764
2228,48148,0.235444249481576
2228,48919,0.23003592152528324
2228,49024,0.19381666967998554
2228,49593,0.19783564423402097
2228,5325,0.18593853636966615
2228,5326,0.19730490748189863
2228,5653,0.21439184886436
2228,7875,0.18833883388338835
2228,9260,0.09486447931526391
2228,24249,0.207944930446006
2228,3498,0.21950541817171437
2228,39792,0.0200098814229249
2228,45600,0.2103213242453749
2228,5607,0.2099737532808399
2228,6079,0.21828032156588606
2228,17622,0.23277948056138087
2228,2499,0.2655523005342064
2228,41051,0.23300617957106506
2228,41818,0.22944979548753133
2228,41907,0.2492176386913229
2228,42311,0.2235130917288018
2228,42338,0.2287284894837476
2228,46135,0.1332194705380017
2228,47818,0.2231345085728085
2228,49908,0.21953425276961339
2228,55321,0.228413824158505
2228,60437,0.21925910553076683
2228,61266,0.24442934782608697
2228,64449,0.21686101058839297
2228,64466,0.2363268062120189
2228,64513,0.21098716564711528
2228,64522,0.2573859242072699
2228,64525,0.21310970918602862
2228,75802,0.21419437340153452
2228,79173,0.2366062122159683
2228,22492,0.15261076587846018
2228,22659,0.07364787111622555
2228,22761,0.09550227858133545
2228,24746,0.1543026706231454
2228,28280,0.15986842105263158
2228,38638,0.15405035797602767
2228,16304,0.18604651162790697
2228,21593,0.12897406989853438
2228,21989,0.2123573111070846
2228,22367,0.21909402634903447
2228,23532,0.15753277455405115
2228,25791,0.1862422997946612
2228,30570,0.015422885572139304
2228,30655,0.11895070104025328
2228,30753,0.04072727272727273
2228,38395,0.13393798776629404
2228,69327,0.2234328932188181
2228,30821,0.1013994035329204
2228,36076,0.19045978990873083
2228,38295,0.16810592976396085
2228,38754,0.11342441986553893
2228,38755,0.08403552721475746
2228,41197,0.20825820411107104
2228,46873,0.15610429977551374
2228,49543,0.1780097425191371
2228,55925,0.17300056721497448
2228,56182,0.17845117845117844
2228,6342,0.18643453028654333
2228,6343,0.18308363807950925
2228,10055,0.1716211156870086
2228,6820,0.0365341890891138
2228,6822,0.20869565217391303
2228,6831,0.15899122807017543
2228,6889,0.1571872713972202
2228,9108,0.2472200158856235
2228,9110,0.19483058210251955
2228,9157,0.2599659928207066
2228,9158,0.20082770638205183
2228,9159,0.17019360648356596
2228,9160,0.13331869097298485
2228,9186,0.2855090680553062
2228,9187,0.22991437420295135
2228,9325,0.23564007057439718
2228,9326,0.11601455868971793
2228,9369,0.2381659550770373
2228,9375,0.19212808539026016
2228,9950,0.18900343642611683
2228,31218,0.24000660720185002
2228,33328,0.1175430844012373
2228,33329,0.15530553717185086
2228,35264,0.22586743772241993
2228,38126,0.19634589947089948
2228,43335,0.15394321766561514
2228,44174,0.2367170626349892
2228,45123,0.21281567358677092
2228,45635,0.2187056198011767
2228,46157,0.2002818035426731
2228,46987,0.24278047533861488
2228,2188,0.22567535261773847
2228,24043,0.10970166784120272
2228,24288,0.21329534662867997
2228,27822,0.23247453565008988
2228,31199,0.19813425268708174
2228,33863,0.18284424379232506
2228,33864,0.20444283908253566
2228,34521,0.21348314606741572
2228,38402,0.2529182879377432
2228,40117,0.10389005357558817
2228,45579,0.20277600510529675
2228,312161,0.16179861644888546
2228,47804,0.2256898421496566
2228,6383,0.2680237489397795
2228,6496,0.2517724364516687
2228,6498,0.24585380835380835
2228,6499,0.2474857892435505
2228,6503,0.1862537123462028
2228,6504,0.2291015625
2228,6505,0.26710334788937407
2228,6518,0.20797882397428624
2228,6525,0.26570545829042225
2228,6549,0.2714624505928854
2228,6649,0.19240348692403486
2228,77182,0.2632436837815811
2228,7939,0.0848456280933302
2228,20977,0.12969206563272645
2228,24212,0.08904593639575972
2228,24213,0.09035580524344569
2228,24214,0.19291666666666665
2228,6651,0.18863312283560807
2228,74008,0.232089658107533
2228,8889,0.21872089413225707
2228,8895,0.21440649306729795
2228,8915,0.17343485617597293
2228,8916,0.16638549135385913
2228,8917,0.09755529685681025
2228,8919,0.21355164605469432
2228,8921,0.21271816139623292
2228,8922,0.18329228243021348
2228,8923,0.17548978741142143
2228,8925,0.18214588634435963
2228,8926,0.20957159397915862
2228,8927,0.20252182347235695
2228,30165,0.2338877338877339
2228,64417,0.2313552956325786
2228,64482,0.2384811298911785
2228,64718,0.21528050215770891
2228,64869,0.20350190928564776
2228,65089,0.2132995209918287
2228,65212,0.21136063408190225
2228,65346,0.24208349489466202
2228,65648,0.2513422399800225
2228,66437,0.22118316731042895
2228,66673,0.21976416571011165
2228,66904,0.23276079818135892
2228,66952,0.2427531762674232
2228,2187,0.2389261744966443
2228,2313,0.23201524535493093
2228,2314,0.22977306364084854
2228,46580,0.22004608294930875
2229,2230,0.25751438925602216
2229,2312,0.2540495867768595
2229,2319,0.2529146587906109
2229,2320,0.16804755043227665
2229,2321,0.24214501510574019
2229,2335,0.23786184714351355
2229,2336,0.24422543886664613
2229,2337,0.21416014064248043
2229,2338,0.23767944354003256
2229,2339,0.23284950343773872
2229,2340,0.2162507997440819
2229,2341,0.23447725458898644
2229,2342,0.2446701960223208
2229,2402,0.19332694763729247
2229,2403,0.2250237366810845
2229,2404,0.19089425841037994
2229,2405,0.20360097323600973
2229,2406,0.12689738919247115
2229,2407,0.23151178010471204
2229,2408,0.24342419894787184
2229,2409,0.23050806353825634
2229,2410,0.22621809744779584
2229,2411,0.22594188487459949
2229,2420,0.1979330881064985
2229,312160,0.13106960950764007
2229,34059,0.04859739233504544
2229,46021,0.17682020802377416
2229,48148,0.21156354151572235
2229,48919,0.2052418333755381
2229,49024,0.17803524804177545
2229,49593,0.17935365293306785
2229,5325,0.16184184962113854
2229,5326,0.18424373535244276
2229,5653,0.1940832862257396
2229,7875,0.16180729870631397
2229,9260,0.08725531028738026
2229,24249,0.2063259041772321
2229,3498,0.23216159496327388
2229,39792,0.01933404940923738
2229,45600,0.21049475262368816
2229,5607,0.21469859620148637
2229,6079,0.20524225575853852
2229,17622,0.2080163838502048
2229,2499,0.2291537986411365
2229,41051,0.21449471078100382
2229,41818,0.21934454400392783
2229,41907,0.23236296879097823
2229,42311,0.20685858109170993
2229,42338,0.21956132497761863
2229,46135,0.13966910350134668
2229,47818,0.21809113579687145
2229,49908,0.2044782425010562
2229,55321,0.20611006486712702
2229,60437,0.19988356297302542
2229,61266,0.22863247863247863
2229,64449,0.20900361641102383
2229,64466,0.21620612397311426
2229,64513,0.20224466891133558
2229,64522,0.23744163011178718
2229,64525,0.19904076738609114
2229,75802,0.20897926313670223
2229,79173,0.21483500438041467
2229,22492,0.1434492286437946
2229,22659,0.06924478639400689
2229,22761,0.09341637010676157
2229,24746,0.14549870720050145
2229,28280,0.1491919743930049
2229,38638,0.14065716246092858
2229,16304,0.15653548840477863
2229,21593,0.10951065509076559
2229,21989,0.19375918967488973
2229,22367,0.18200769724182167
2229,23532,0.14345589636121167
2229,25791,0.15085508550855087
2229,30570,0.014248704663212436
2229,30655,0.0978689818468824
2229,30753,0.04004237288135593
2229,38395,0.1191632424355622
2229,69327,0.1972660853169927
2229,30821,0.08059046479154199
2229,36076,0.16170344082703286
2229,38295,0.14288150042625747
2229,38754,0.1017436290477103
2229,38755,0.06963788300835655
2229,41197,0.17712355212355213
2229,46873,0.12946083732427005
2229,49543,0.14704396159676605
2229,55925,0.156794425087108
2229,56182,0.1544901938295676
2229,6342,0.15710640186397426
2229,6343,0.15430492301019302
2229,10055,0.15356788196907362
2229,6820,0.030166880616174584
2229,6822,0.1866151866151866
2229,6831,0.15163934426229508
2229,6889,0.13806706114398423
2229,9108,0.20219626982743594
2229,9110,0.15458663646659115
2229,9157,0.21416666666666667
2229,9158,0.17481311098332375
2229,9159,0.14719810576164166
2229,9160,0.11441250241173066
2229,9186,0.23963647959183673
2229,9187,0.19671864847303444
2229,9325,0.19602420051858255
2229,9326,0.10197565356216325
2229,9369,0.20350181698050876
2229,9375,0.15297067901234568
2229,9950,0.15229357798165138
2229,31218,0.21765852196072552
2229,33328,0.1038910505836576
2229,33329,0.130140953852095
2229,35264,0.20648906395770705
2229,38126,0.18599166732175143
2229,43335,0.13270230141054196
2229,44174,0.21800565199838515
2229,45123,0.20216391208042256
2229,45635,0.19505593648502345
2229,46157,0.1744019992859693
2229,46987,0.21770870128340986
2229,2188,0.20590193033059684
2229,24043,0.10353378797272164
2229,24288,0.2069619162502154
2229,27822,0.21134091220380768
2229,31199,0.17486043580046823
2229,33863,0.18300205620287868
2229,33864,0.19681287990800067
2229,34521,0.20711694593193988
2229,38402,0.22119043994519713
2229,40117,0.09531601554510125
2229,45579,0.18669965075669384
2229,312161,0.13106960950764007
2229,47804,0.21774466644090756
2229,6383,0.23602199816681943
2229,6496,0.22734375
2229,6498,0.23238740646618664
2229,6499,0.22857525441885376
2229,6503,0.15176252319109462
2229,6504,0.1897709660754262
2229,6505,0.22912275012161504
2229,6518,0.1978454172366621
2229,6525,0.23036649214659685
2229,6549,0.23070362473347547
2229,6649,0.190752527143392
2229,77182,0.23812342755660795
2229,7939,0.08143389970990468
2229,20977,0.11634349030470914
2229,24212,0.08109781262897235
2229,24213,0.07413441955193482
2229,24214,0.15835616438356165
2229,6651,0.16929490665216604
2229,74008,0.20996487576427736
2229,8889,0.1965799886941775
2229,8895,0.1938150642988365
2229,8915,0.1566898104710077
2229,8916,0.1345514950166113
2229,8917,0.07894736842105263
2229,8919,0.18781328320802004
2229,8921,0.192253631110417
2229,8922,0.16356673960612692
2229,8923,0.15937731653076354
2229,8925,0.1556841515773754
2229,8926,0.18566999655528763
2229,8927,0.17723268267403697
2229,30165,0.21168900804289545
2229,64417,0.22032700847799758
2229,64482,0.21878703005493913
2229,64718,0.1985809067453004
2229,64869,0.19099146652590834
2229,65089,0.1985476443499823
2229,65212,0.19975031210986266
2229,65346,0.2149221812997505
2229,65648,0.22163527790537438
2229,66437,0.20457796852646637
2229,66673,0.20389394384111142
2229,66904,0.20887698042870456
2229,66952,0.21117027302594313
2229,2187,0.23346344551112985
2229,2313,0.21252350923774754
2229,2314,0.20375213189312108
2229,46580,0.18983402489626555
2230,2312,0.22459508098380324
2230,2319,0.2333987758401663
2230,2320,0.14672544080604533
2230,2321,0.20344062153163153
2230,2335,0.20328311221047898
2230,2336,0.2060414788097385
2230,2337,0.17911136757068666
2230,2338,0.2061278278058423
2230,2339,0.19443513241702984
2230,2340,0.18539130434782608
2230,2341,0.19754799907471662
2230,2342,0.22077221742881795
2230,2402,0.16261660716342277
2230,2403,0.2405857740585774
2230,2404,0.21887945670628184
2230,2405,0.21974444534874257
2230,2406,0.09115138592750532
2230,2407,0.18470519556333917
2230,2408,0.19770114942528735
2230,2409,0.23708942931886445
2230,2410,0.24234717905246303
2230,2411,0.23902439024390243
2230,2420,0.1603287536800785
2230,312160,0.10949079607936887
2230,34059,0.03620441772317344
2230,46021,0.18057592835636532
2230,48148,0.1798646180294402
2230,48919,0.1810663553220471
2230,49024,0.14327213571926564
2230,49593,0.14526689601598047
2230,5325,0.13187680968675966
2230,5326,0.14704780926226438
2230,5653,0.14730370180607147
2230,7875,0.13361333508334428
2230,9260,0.06463000678886625
2230,24249,0.18678745928338764
2230,3498,0.21944782785221276
2230,39792,0.012928070416723971
2230,45600,0.18519339465809598
2230,5607,0.20091111937523243
2230,6079,0.17254451464675474
2230,17622,0.17944269760381654
2230,2499,0.20022688598979013
2230,41051,0.21474504121003532
2230,41818,0.2125953829807785
2230,41907,0.21750582514436229
2230,42311,0.18612423648726517
2230,42338,0.21707031601692625
2230,46135,0.10458952811893989
2230,47818,0.2099212455870372
2230,49908,0.20646937370956642
2230,55321,0.20850773041769882
2230,60437,0.20466237942122187
2230,61266,0.2157920549288867
2230,64449,0.1928516079039132
2230,64466,0.20195945290522843
2230,64513,0.20043219881145327
2230,64522,0.21278412122505602
2230,64525,0.17696867061812024
2230,75802,0.2062994722955145
2230,79173,0.22425814820820497
2230,22492,0.16329105518294706
2230,22659,0.051224055348589675
2230,22761,0.07731071779744346
2230,24746,0.16250842886041808
2230,28280,0.16188689359421066
2230,38638,0.15473532116117167
2230,16304,0.12492360347145826
2230,21593,0.07892670157068063
2230,21989,0.15861344537815125
2230,22367,0.15623191760212937
2230,23532,0.10694569264347156
2230,25791,0.11893234016139044
2230,30570,0.009100937672366244
2230,30655,0.07331147540983607
2230,30753,0.026588491955276794
2230,38395,0.09136991509314409
2230,69327,0.1874012821703986
2230,30821,0.06029023746701847
2230,36076,0.14097807757166947
2230,38295,0.11252983293556086
2230,38754,0.07500642178268688
2230,38755,0.05474211845402981
2230,41197,0.1495835261453031
2230,46873,0.11359049114151155
2230,49543,0.13957339047433526
2230,55925,0.15707832608880934
2230,56182,0.15201598256447513
2230,6342,0.1591898374344852
2230,6343,0.15861647305441523
2230,10055,0.16576120508704778
2230,6820,0.021291208791208792
2230,6822,0.14397377710539586
2230,6831,0.11750819672131148
2230,6889,0.14653679653679655
2230,9108,0.1623106985832926
2230,9110,0.11441326530612245
2230,9157,0.17874568606450078
2230,9158,0.12802991232594121
2230,9159,0.11017506910622614
2230,9160,0.08756476683937824
2230,9186,0.20759758364312267
2230,9187,0.15630427231677665
2230,9325,0.16046228710462287
2230,9326,0.07470960929250264
2230,9369,0.15927442949093037
2230,9375,0.11721897335932424
2230,9950,0.13108363960351932
2230,31218,0.19605878423513695
2230,33328,0.07994791666666666
2230,33329,0.09939016478526015
2230,35264,0.20512170385395537
2230,38126,0.20210454854039375
2230,43335,0.10208464939987366
2230,44174,0.22542966794593694
2230,45123,0.2249066549527784
2230,45635,0.1563868384836732
2230,46157,0.14572175862498443
2230,46987,0.21038378933607246
2230,2188,0.20231729055258468
2230,24043,0.07234271857739459
2230,24288,0.17423133235724744
2230,27822,0.1966597077244259
2230,31199,0.13929728382756043
2230,33863,0.15065845112963633
2230,33864,0.1655683690280066
2230,34521,0.17485937882122768
2230,38402,0.19412028725314184
2230,40117,0.07205269525473854
2230,45579,0.17579659537319947
2230,312161,0.10949079607936887
2230,47804,0.207492795389049
2230,6383,0.21840518712319418
2230,6496,0.2175985121469255
2230,6498,0.2024793388429752
2230,6499,0.21011593310762286
2230,6503,0.11718552265249305
2230,6504,0.15685322326089596
2230,6505,0.2002824193927983
2230,6518,0.15796438883541866
2230,6525,0.206778889899909
2230,6549,0.22934379768912144
2230,6649,0.1527403414195867
2230,77182,0.21137942441283494
2230,7939,0.06219512195121951
2230,20977,0.0812720848056537
2230,24212,0.05419181757209926
2230,24213,0.05562984755282161
2230,24214,0.11815346225826576
2230,6651,0.12795324546132802
2230,74008,0.19257703081232494
2230,8889,0.17173958993870217
2230,8895,0.16311264932455063
2230,8915,0.12183908045977011
2230,8916,0.10918522267206478
2230,8917,0.0590115891834288
2230,8919,0.15864183511242336
2230,8921,0.16788154897494306
2230,8922,0.1310630811761749
2230,8923,0.12553892974892214
2230,8925,0.11956797966963151
2230,8926,0.14921402660217653
2230,8927,0.14211354557559616
2230,30165,0.22021565705268695
2230,64417,0.23486947032653405
2230,64482,0.21619970323819498
2230,64718,0.20765069551777435
2230,64869,0.20411357031075342
2230,65089,0.20840813883901854
2230,65212,0.21057388160867602
2230,65346,0.2013466753951183
2230,65648,0.2146587265231333
2230,66437,0.2092617556101816
2230,66673,0.21558885812021503
2230,66904,0.19391879478228918
2230,66952,0.2039616497829233
2230,2187,0.249519818404051
2230,2313,0.21706398996235884
2230,2314,0.2057883684835205
2230,46580,0.17112064225228196
2312,2319,0.26150546021840876
2312,2320,0.22625908293660738
2312,2321,0.25344925344925345
2312,2335,0.277755905511811
2312,2336,0.28139810426540285
2312,2337,0.2543859649122807
2312,2338,0.2748493975903614
2312,2339,0.264
2312,2340,0.2595307917888563
2312,2341,0.2832671819511176
2312,2342,0.27612208258527826
2312,2402,0.2312199204854572
2312,2403,0.23456942220032032
2312,2404,0.176314437403665
2312,2405,0.20402234636871508
2312,2406,0.17523640661938533
2312,2407,0.25258493353028066
2312,2408,0.27364102564102566
2312,2409,0.25949367088607594
2312,2410,0.24019337016574585
2312,2411,0.236664064532917
2312,2420,0.2624488814048593
2312,312160,0.17902813299232737
2312,34059,0.061393489434608796
2312,46021,0.16962212370698754
2312,48148,0.23046165030897856
2312,48919,0.22402346765477846
2312,49024,0.20539730134932535
2312,49593,0.19713893787967862
2312,5325,0.22188195991091314
2312,5326,0.223998032948119
2312,5653,0.21723518850987433
2312,7875,0.2206287920573635
2312,9260,0.12244897959183673
2312,24249,0.1993558776167472
2312,3498,0.20696055684454756
2312,39792,0.025691056910569107
2312,45600,0.20974062325060647
2312,5607,0.18675027262813523
2312,6079,0.2122927618277396
2312,17622,0.23166451136153704
2312,2499,0.2542339503741631
2312,41051,0.21305207646671062
2312,41818,0.21547202797202797
2312,41907,0.23548029751542965
2312,42311,0.23773661713820476
2312,42338,0.20980111789938904
2312,46135,0.15731837606837606
2312,47818,0.21178027796161483
2312,49908,0.20036697247706423
2312,55321,0.2066788099574985
2312,60437,0.19802090282410495
2312,61266,0.2349479402444545
2312,64449,0.2081097197376267
2312,64466,0.2230861244019139
2312,64513,0.19950026301946344
2312,64522,0.25179352580927383
2312,64525,0.21851851851851853
2312,75802,0.19401787760715103
2312,79173,0.20347038019451813
2312,22492,0.13929794520547945
2312,22659,0.09528049866429207
2312,22761,0.11699779249448124
2312,24746,0.14229352972119938
2312,28280,0.14284470752089137
2312,38638,0.13640999490056094
2312,16304,0.19683529129705107
2312,21593,0.1562948092916547
2312,21989,0.2231970896640274
2312,22367,0.2261349172677132
2312,23532,0.18926934483688326
2312,25791,0.20350877192982456
2312,30570,0.018688524590163933
2312,30655,0.13611667143265657
2312,30753,0.05500794912559619
2312,38395,0.15907295233078747
2312,69327,0.21236559139784947
2312,30821,0.11512678519382104
2312,36076,0.1918908069048575
2312,38295,0.18005540166204986
2312,38754,0.1366493577480186
2312,38755,0.09519675925925926
2312,41197,0.20954795099281792
2312,46873,0.15812917594654788
2312,49543,0.17437666614395483
2312,55925,0.16436652990177794
2312,56182,0.17025683512841758
2312,6342,0.17370517928286852
2312,6343,0.17158385093167702
2312,10055,0.1425901409547543
2312,6820,0.040671400903808906
2312,6822,0.20610119047619047
2312,6831,0.1740670117134296
2312,6889,0.13951219512195123
2312,9108,0.23885127247256596
2312,9110,0.18980021030494218
2312,9157,0.2536327608982827
2312,9158,0.19957705524715835
2312,9159,0.189912651451113
2312,9160,0.15767634854771784
2312,9186,0.26358806702084187
2312,9187,0.2255463611287927
2312,9325,0.22793270338787738
2312,9326,0.13876013904982618
2312,9369,0.22236531444515992
2312,9375,0.1886178861788618
2312,9950,0.17513342557817752
2312,31218,0.23524962178517397
2312,33328,0.13353692393114935
2312,33329,0.1793027116768124
2312,35264,0.2004778972520908
2312,38126,0.1682825484764543
2312,43335,0.17073170731707318
2312,44174,0.20591620626151014
2312,45123,0.18628008338070873
2312,45635,0.2219524040796503
2312,46157,0.21658536585365853
2312,46987,0.2174457429048414
2312,2188,0.20318983402489627
2312,24043,0.1281974119771291
2312,24288,0.22660321776569228
2312,27822,0.23560477001703578
2312,31199,0.2141274920009845
2312,33863,0.20558202859087815
2312,33864,0.21796791443850266
2312,34521,0.22214673913043478
2312,38402,0.25630005860519633
2312,40117,0.12526158445440957
2312,45579,0.21690767519466073
2312,312161,0.17902813299232737
2312,47804,0.19721426711793805
2312,6383,0.26287157567515057
2312,6496,0.27007299270072993
2312,6498,0.23005342064449422
2312,6499,0.22224012892828365
2312,6503,0.19364012409513962
2312,6504,0.2358819428305833
2312,6505,0.25555555555555554
2312,6518,0.21362923111409998
2312,6525,0.25791232553567917
2312,6549,0.25234804182172604
2312,6649,0.21870209504343383
2312,77182,0.25882571534745447
2312,7939,0.10778625954198473
2312,20977,0.15150653780557136
2312,24212,0.10948905109489052
2312,24213,0.10501050105010501
2312,24214,0.19582179713063178
2312,6651,0.21227238712895985
2312,74008,0.21551316411792526
2312,8889,0.2141974218612043
2312,8895,0.2254689042448174
2312,8915,0.1884095634095634
2312,8916,0.17181069958847736
2312,8917,0.10588583259390713
2312,8919,0.21887713588283156
2312,8921,0.21810118927635558
2312,8922,0.20291310899045706
2312,8923,0.19707467282525018
2312,8925,0.194494936380161
2312,8926,0.22978624535315986
2312,8927,0.22542810227539292
2312,30165,0.2070123088399851
2312,64417,0.2031625988312135
2312,64482,0.20349053100631267
2312,64718,0.18755851451159888
2312,64869,0.17808894586332707
2312,65089,0.1801383399209486
2312,65212,0.18499650384576966
2312,65346,0.20870660694288914
2312,65648,0.22223723318022157
2312,66437,0.19327640255107556
2312,66673,0.19656019656019655
2312,66904,0.2027378507871321
2312,66952,0.21042830540037244
2312,2187,0.21187762447510497
2312,2313,0.2115608431397905
2312,2314,0.20865242509740695
2312,46580,0.21839515518546557
2319,2320,0.18607734806629833
2319,2321,0.2243667068757539
2319,2335,0.22951977401129944
2319,2336,0.2363700941218256
2319,2337,0.20561965016747302
2319,2338,0.2196969696969697
2319,2339,0.22355219151557823
2319,2340,0.2180281690140845
2319,2341,0.22563912560207483
2319,2342,0.23609978803195825
2319,2402,0.1897810218978102
2319,2403,0.20013723696248856
2319,2404,0.16142214957090315
2319,2405,0.1807494489346069
2319,2406,0.14720288734209847
2319,2407,0.21520667425104284
2319,2408,0.231478068558791
2319,2409,0.21878796058847347
2319,2410,0.21537868072521538
2319,2411,0.20652962515114873
2319,2420,0.20366084578161162
2319,312160,0.14545454545454545
2319,34059,0.09313853378554657
2319,46021,0.1626081706580801
2319,48148,0.1997680967367898
2319,48919,0.19264622373651336
2319,49024,0.18328161365399534
2319,49593,0.17956989247311828
2319,5325,0.18412079883097907
2319,5326,0.20437472381794078
2319,5653,0.19977011494252875
2319,7875,0.18419144307469182
2319,9260,0.10088543064126644
2319,24249,0.19382064807837227
2319,3498,0.21402376411911397
2319,39792,0.019966254218222724
2319,45600,0.20721971537660536
2319,5607,0.1944046844502277
2319,6079,0.19619082840236687
2319,17622,0.19858989424206816
2319,2499,0.2339044183949504
2319,41051,0.19181963779721573
2319,41818,0.20272851296043656
2319,41907,0.21425428948526176
2319,42311,0.2105652013298855
2319,42338,0.19341061622940817
2319,46135,0.157514450867052
2319,47818,0.18746916625555007
2319,49908,0.17567722025374327
2319,55321,0.18094157685762904
2319,60437,0.17337784268725223
2319,61266,0.20772879464285715
2319,64449,0.1904233171408744
2319,64466,0.197978679219161
2319,64513,0.18152709359605912
2319,64522,0.22325581395348837
2319,64525,0.18872785829307567
2319,75802,0.18057663125948406
2319,79173,0.18477580813347236
2319,22492,0.12950819672131147
2319,22659,0.08496221005994266
2319,22761,0.10629401408450705
2319,24746,0.12892976588628763
2319,28280,0.1314257195142239
2319,38638,0.1250711093051605
2319,16304,0.16276595744680852
2319,21593,0.1212045793927327
2319,21989,0.19248554913294796
2319,22367,0.18360779859928072
2319,23532,0.1529745042492918
2319,25791,0.15883128295254834
2319,30570,0.015026935072299404
2319,30655,0.11372745490981964
2319,30753,0.043490228461326726
2319,38395,0.1321718931475029
2319,69327,0.17734375
2319,30821,0.08973384030418251
2319,36076,0.1645776566757493
2319,38295,0.14988676137533458
2319,38754,0.11239193083573487
2319,38755,0.07988840984022318
2319,41197,0.18437141765380205
2319,46873,0.13862842434271005
2319,49543,0.14726224783861672
2319,55925,0.14929906542056076
2319,56182,0.15190525231719876
2319,6342,0.1520663202177679
2319,6343,0.14990947495473747
2319,10055,0.13022388059701492
2319,6820,0.03528423410809297
2319,6822,0.20560325350203343
2319,6831,0.16943765281173595
2319,6889,0.1314588958197561
2319,9108,0.2067237419085404
2319,9110,0.16445376193803868
2319,9157,0.21302124311565696
2319,9158,0.18659720577788302
2319,9159,0.15864791512459905
2319,9160,0.13305765020676236
2319,9186,0.24012667660208645
2319,9187,0.19392434084829957
2319,9325,0.19411280362289007
2319,9326,0.12118126272912423
2319,9369,0.2011684518013632
2319,9375,0.15855984740104911
2319,9950,0.157439134355275
2319,31218,0.21172807472755578
2319,33328,0.12133891213389121
2319,33329,0.1428916244267439
2319,35264,0.1805430879712747
2319,38126,0.14904993008143455
2319,43335,0.1475598526703499
2319,44174,0.1839117742458644
2319,45123,0.1718073593073593
2319,45635,0.2120211360634082
2319,46157,0.18924216027874566
2319,46987,0.187894397939472
2319,2188,0.17991530550514218
2319,24043,0.11663581063210791
2319,24288,0.22116182572614107
2319,27822,0.1989447548106766
2319,31199,0.18630678077682686
2319,33863,0.18468468468468469
2319,33864,0.19353590090961872
2319,34521,0.2173372044794691
2319,38402,0.21871138570167697
2319,40117,0.11090718405873098
2319,45579,0.18647782835946722
2319,312161,0.14545454545454545
2319,47804,0.18810664700823196
2319,6383,0.2378838984555299
2319,6496,0.24138566427123642
2319,6498,0.21213569039655997
2319,6499,0.20541591861160982
2319,6503,0.16316270566727606
2319,6504,0.2017015978418759
2319,6505,0.23203050524308866
2319,6518,0.198737527998371
2319,6525,0.23154121863799282
2319,6549,0.2304177545691906
2319,6649,0.20750806080147396
2319,77182,0.22411754771153522
2319,7939,0.09946380697050938
2319,20977,0.12649402390438247
2319,24212,0.09194488606253312
2319,24213,0.090527420624508
2319,24214,0.1645118145341061
2319,6651,0.17778268551236748
2319,74008,0.1909474603405618
2319,8889,0.18436744560838034
2319,8895,0.18903524385902457
2319,8915,0.1661659348278253
2319,8916,0.1393294064340734
2319,8917,0.09147447525265613
2319,8919,0.18103763244428206
2319,8921,0.19581574600844193
2319,8922,0.1758266309204647
2319,8923,0.1717217787913341
2319,8925,0.16997232472324722
2319,8926,0.18813105295693386
2319,8927,0.18195020746887966
2319,30165,0.18756561297095534
2319,64417,0.19219904389395914
2319,64482,0.18709977878682035
2319,64718,0.17086862320267876
2319,64869,0.15977215426276964
2319,65089,0.1635273170274576
2319,65212,0.16762896355892096
2319,65346,0.19261490113919078
2319,65648,0.19688207191350263
2319,66437,0.17589376915219612
2319,66673,0.17844727694090382
2319,66904,0.1787396562698918
2319,66952,0.19170919955184862
2319,2187,0.20914808461978274
2319,2313,0.19311431688689537
2319,2314,0.18674019300664244
2319,46580,0.18827372764786796
2320,2321,0.18314077877620882
2320,2335,0.21867933061962913
2320,2336,0.23047053449063498
2320,2337,0.21929388363998012
2320,2338,0.21413276231263384
2320,2339,0.21656483367277665
2320,2340,0.212892072116572
2320,2341,0.23161495235768384
2320,2342,0.20991136180499598
2320,2402,0.20727089118909367
2320,2403,0.17231861198738171
2320,2404,0.12521150592216582
2320,2405,0.15043405874658106
2320,2406,0.17060260586319217
2320,2407,0.20759430427179615
2320,2408,0.2119126720455624
2320,2409,0.19299087854056649
2320,2410,0.18683139972879312
2320,2411,0.17870669098050218
2320,2420,0.22192749778956675
2320,312160,0.16700970302852103
2320,34059,0.07128226136829169
2320,46021,0.121109987641838
2320,48148,0.18181818181818182
2320,48919,0.16266394140691534
2320,49024,0.16649484536082473
2320,49593,0.16414787258777028
2320,5325,0.17982770997846376
2320,5326,0.1734786557674841
2320,5653,0.17890650274991912
2320,7875,0.17955997161107168
2320,9260,0.1220594762538837
2320,24249,0.16483113069016153
2320,3498,0.143710530807305
2320,39792,0.03219315895372234
2320,45600,0.16320795503674881
2320,5607,0.13645195038110894
2320,6079,0.16219425314652103
2320,17622,0.18152866242038215
2320,2499,0.19949897517649737
2320,41051,0.1537037037037037
2320,41818,0.16527196652719664
2320,41907,0.17796907940969783
2320,42311,0.191433357262503
2320,42338,0.14755244755244756
2320,46135,0.1477797513321492
2320,47818,0.15753916918211872
2320,49908,0.14558127301420304
2320,55321,0.14829737457759293
2320,60437,0.1353286384976526
2320,61266,0.1719344696342876
2320,64449,0.1590796225790432
2320,64466,0.1674088734949695
2320,64513,0.15198965665852607
2320,64522,0.18806438947781703
2320,64525,0.17313131313131314
2320,75802,0.13941543353308058
2320,79173,0.13868528214077952
2320,22492,0.10592606016672708
2320,22659,0.10787671232876712
2320,22761,0.12699967352269018
2320,24746,0.10670873155794748
2320,28280,0.10603273864263381
2320,38638,0.09947127878842191
2320,16304,0.1939840392879067
2320,21593,0.1664012738853503
2320,21989,0.19626652838994038
2320,22367,0.19979481918440625
2320,23532,0.1954479768786127
2320,25791,0.19624959586162302
2320,30570,0.022437531871494134
2320,30655,0.1474820143884892
2320,30753,0.0643611911623439
2320,38395,0.1563266736768314
2320,69327,0.16127527216174184
2320,30821,0.12795031055900621
2320,36076,0.16670687575392037
2320,38295,0.17011963816749343
2320,38754,0.14194994396712737
2320,38755,0.1188490408673895
2320,41197,0.17899031106578275
2320,46873,0.13715833538537306
2320,49543,0.1372863247863248
2320,55925,0.1272851296043656
2320,56182,0.12944240196078433
2320,6342,0.13597650513950074
2320,6343,0.13437945791726105
2320,10055,0.09285656760892325
2320,6820,0.0499752597723899
2320,6822,0.16223733003708282
2320,6831,0.16358360536815378
2320,6889,0.09889881570745897
2320,9108,0.20562087754516778
2320,9110,0.1666098807495741
2320,9157,0.19864265204907336
2320,9158,0.1759069130732375
2320,9159,0.18040847201210286
2320,9160,0.16295737457563184
2320,9186,0.19407894736842105
2320,9187,0.1838905775075988
2320,9325,0.1968280940243557
2320,9326,0.1556372549019608
2320,9369,0.174079754601227
2320,9375,0.17748296880602366
2320,9950,0.1550202718817076
2320,31218,0.18896430917451282
2320,33328,0.148747591522158
2320,33329,0.18574108818011256
2320,35264,0.14223697650663944
2320,38126,0.11587287296299631
2320,43335,0.1678082191780822
2320,44174,0.1446886446886447
2320,45123,0.12647987371744276
2320,45635,0.2022025084123585
2320,46157,0.20758234928527036
2320,46987,0.15771151808687756
2320,2188,0.157559456398641
2320,24043,0.1439066551426102
2320,24288,0.19154228855721392
2320,27822,0.17903009392371094
2320,31199,0.191601866251944
2320,33863,0.17527211833658946
2320,33864,0.18289541473467286
2320,34521,0.18909191583610188
2320,38402,0.20511080958842154
2320,40117,0.14297981966509232
2320,45579,0.18764948901935202
2320,312161,0.16700970302852103
2320,47804,0.13661892726762145
2320,6383,0.18559191741708764
2320,6496,0.18612132352941177
2320,6498,0.17112922002328287
2320,6499,0.16729695660003602
2320,6503,0.17519224339685724
2320,6504,0.18961625282167044
2320,6505,0.19574259848299486
2320,6518,0.18266593527153044
2320,6525,0.1924808644754615
2320,6549,0.18282768193535595
2320,6649,0.1851373182552504
2320,77182,0.18138275718450644
2320,7939,0.11424790471989413
2320,20977,0.166073546856465
2320,24212,0.1235657546337158
2320,24213,0.12266202696824706
2320,24214,0.18358741485566007
2320,6651,0.20179085385353374
2320,74008,0.16604905593788602
2320,8889,0.16505246166263116
2320,8895,0.19499063670411984
2320,8915,0.19196428571428573
2320,8916,0.17363234794427454
2320,8917,0.12212765957446808
2320,8919,0.18344627299128752
2320,8921,0.19175108538350216
2320,8922,0.1935275080906149
2320,8923,0.1920374707259953
2320,8925,0.19589743589743588
2320,8926,0.20223752151462995
2320,8927,0.19965075669383003
2320,30165,0.15284661754855994
2320,64417,0.14358724750547577
2320,64482,0.14595241260135583
2320,64718,0.1315414152495886
2320,64869,0.12745607651523028
2320,65089,0.12880049979175343
2320,65212,0.1316647386686297
2320,65346,0.1608876560332871
2320,65648,0.156814210832848
2320,66437,0.13682645006292185
2320,66673,0.14346895074946467
2320,66904,0.15757758360952093
2320,66952,0.1554464027737648
2320,2187,0.13753002148906585
2320,2313,0.15557729941291584
2320,2314,0.15325054784514244
2320,46580,0.17558933685833883
2321,2335,0.24859845830413455
2321,2336,0.25506429452175444
2321,2337,0.23848592205854932
2321,2338,0.25346869712351944
2321,2339,0.24610264494657558
2321,2340,0.2349554234769688
2321,2341,0.2563009636767976
2321,2342,0.25206143896523847
2321,2402,0.20696038504257683
2321,2403,0.21696928171748317
2321,2404,0.17330612244897958
2321,2405,0.19924337957124844
2321,2406,0.16225749559082892
2321,2407,0.2587626891400115
2321,2408,0.25989324498435484
2321,2409,0.23098553829673274
2321,2410,0.21202571536619186
2321,2411,0.2172608330332493
2321,2420,0.22711157455683004
2321,312160,0.15737172987223688
2321,34059,0.05374001452432825
2321,46021,0.17310772927513016
2321,48148,0.21889400921658986
2321,48919,0.2195955568214184
2321,49024,0.18658836900928205
2321,49593,0.1971955981540646
2321,5325,0.15517241379310345
2321,5326,0.18015556022703386
2321,5653,0.22013148945817276
2321,7875,0.15597168303265585
2321,9260,0.10175619834710743
2321,24249,0.19692034350014806
2321,3498,0.19262295081967212
2321,39792,0.018543402311206665
2321,45600,0.19486404833836857
2321,5607,0.18538256566425582
2321,6079,0.20123166093099076
2321,17622,0.2157482936573997
2321,2499,0.22873180143834415
2321,41051,0.2006590992310509
2321,41818,0.20072211821342606
2321,41907,0.22486580589003335
2321,42311,0.20096549258001073
2321,42338,0.20287926445681104
2321,46135,0.13994035329203947
2321,47818,0.1978223635918767
2321,49908,0.1926720693984705
2321,55321,0.20407698439813232
2321,60437,0.1953697883930442
2321,61266,0.22126834671836057
2321,64449,0.19791666666666666
2321,64466,0.21549703570936166
2321,64513,0.18857351687172616
2321,64522,0.22042926523578255
2321,64525,0.19914176732358552
2321,75802,0.1916567855987927
2321,79173,0.2007709939570744
2321,22492,0.13773969808241535
2321,22659,0.07692307692307693
2321,22761,0.08782225948438482
2321,24746,0.13875
2321,28280,0.14194458271113322
2321,38638,0.13398639896373057
2321,16304,0.17201166180758018
2321,21593,0.13054008234439332
2321,21989,0.19984888553078958
2321,22367,0.19768527160724286
2321,23532,0.15783436568020187
2321,25791,0.1737535074465789
2321,30570,0.016015200868621064
2321,30655,0.11598062953995157
2321,30753,0.04299657082563967
2321,38395,0.1365072202166065
2321,69327,0.2076882707950669
2321,30821,0.09928553830992855
2321,36076,0.17288135593220338
2321,38295,0.15677198631515396
2321,38754,0.11330392384490365
2321,38755,0.08437576649497179
2321,41197,0.19631440391124483
2321,46873,0.14687838325514255
2321,49543,0.16137793024585478
2321,55925,0.15391715703242184
2321,56182,0.16419626884743163
2321,6342,0.166605097894348
2321,6343,0.16508356378501865
2321,10055,0.14916297575257112
2321,6820,0.03847188592951305
2321,6822,0.1918075422626788
2321,6831,0.15452847805788983
2321,6889,0.13679158205648884
2321,9108,0.2358569051580699
2321,9110,0.19629200463499422
2321,9157,0.2544589774078478
2321,9158,0.19189126929278968
2321,9159,0.17253861003861004
2321,9160,0.1343529411764706
2321,9186,0.26086152708448884
2321,9187,0.23664416586306652
2321,9325,0.23760116206681883
2321,9326,0.1251539788125154
2321,9369,0.24405580664177637
2321,9375,0.17942696101456082
2321,9950,0.167257892869812
2321,31218,0.2155333220281499
2321,33328,0.11877667140825035
2321,33329,0.14922571562646644
2321,35264,0.19856405654027373
2321,38126,0.17141909814323608
2321,43335,0.1514202639230597
2321,44174,0.20701640056478765
2321,45123,0.1869361241429087
2321,45635,0.20544449170565718
2321,46157,0.18499789296249472
2321,46987,0.21060098013928294
2321,2188,0.2016725245424797
2321,24043,0.11719745222929936
2321,24288,0.19545454545454546
2321,27822,0.21089792785878742
2321,31199,0.1937834941050375
2321,33863,0.17615658362989323
2321,33864,0.18984962406015038
2321,34521,0.2008359872611465
2321,38402,0.23032729805013927
2321,40117,0.10055027513756878
2321,45579,0.18949281348091856
2321,312161,0.15737172987223688
2321,47804,0.21770897832817337
2321,6383,0.23695614491246317
2321,6496,0.21800529567519858
2321,6498,0.24364101743721003
2321,6499,0.24056746151524297
2321,6503,0.1957659913498748
2321,6504,0.22233627591870253
2321,6505,0.23623810412390372
2321,6518,0.217548802575971
2321,6525,0.25155666251556663
2321,6549,0.25824893825547207
2321,6649,0.17675228558989986
2321,77182,0.2316769154063487
2321,7939,0.08526342580809367
2321,20977,0.12885356454720617
2321,24212,0.09313600408267415
2321,24213,0.09397163120567376
2321,24214,0.17645774186503604
2321,6651,0.17435897435897435
2321,74008,0.20537261698440207
2321,8889,0.19030264617334813
2321,8895,0.2045414539693716
2321,8915,0.16662933930571108
2321,8916,0.15506117908787542
2321,8917,0.09429714857428714
2321,8919,0.20399636693914622
2321,8921,0.19353109363831308
2321,8922,0.16964863117051088
2321,8923,0.16301009214567794
2321,8925,0.17215133199014998
2321,8926,0.19971671388101983
2321,8927,0.1862348178137652
2321,30165,0.21095762116600328
2321,64417,0.20402205643853388
2321,64482,0.22490244767648102
2321,64718,0.19421323820848196
2321,64869,0.18061550009382624
2321,65089,0.18669811320754717
2321,65212,0.18710228891632633
2321,65346,0.21586885245901638
2321,65648,0.2178342346874607
2321,66437,0.1933967085761014
2321,66673,0.1932296047098402
2321,66904,0.2017857142857143
2321,66952,0.21517723414877685
2321,2187,0.2016787912702854
2321,2313,0.2112590799031477
2321,2314,0.21309823677581863
2321,46580,0.20244773074961755
2335,2336,0.3351175683425731
2335,2337,0.3159919028340081
2335,2338,0.3336391998531841
2335,2339,0.3281904761904762
2335,2340,0.3073523503415026
2335,2341,0.3340032154340836
2335,2342,0.3250261415127222
2335,2402,0.23552198334301763
2335,2403,0.27745383867832846
2335,2404,0.20732948761452324
2335,2405,0.2474820143884892
2335,2406,0.16792896317576392
2335,2407,0.2732132251039398
2335,2408,0.2833078101071976
2335,2409,0.29185100613672044
2335,2410,0.2771636559719601
2335,2411,0.2756729174639622
2335,2420,0.2993212669683258
2335,312160,0.20086299892125134
2335,34059,0.05669844455594581
2335,46021,0.19846775028470856
2335,48148,0.24828178694158076
2335,48919,0.24545320124205233
2335,49024,0.20816890292028414
2335,49593,0.2188999630860096
2335,5325,0.17234757561209793
2335,5326,0.1856585788561525
2335,5653,0.20013739409205406
2335,7875,0.17250416964498452
2335,9260,0.10058697972251868
2335,24249,0.21619966314500078
2335,3498,0.1840753424657534
2335,39792,0.02041387024608501
2335,45600,0.19835136527563113
2335,5607,0.18067496471192096
2335,6079,0.1995934208094622
2335,17622,0.22931685547545486
2335,2499,0.2571428571428571
2335,41051,0.22889733840304183
2335,41818,0.22715912246598166
2335,41907,0.25730728456762075
2335,42311,0.2252655114589156
2335,42338,0.2261696272204153
2335,46135,0.13653483992467044
2335,47818,0.22229259024699177
2335,49908,0.21815173717797212
2335,55321,0.22946375957572185
2335,60437,0.22340425531914893
2335,61266,0.2611159546643418
2335,64449,0.2301859799713877
2335,64466,0.2453344817685903
2335,64513,0.2124574454671542
2335,64522,0.23870445344129554
2335,64525,0.21636274026614097
2335,75802,0.21821631878557876
2335,79173,0.2185827445943053
2335,22492,0.15769166247273947
2335,22659,0.0932601880877743
2335,22761,0.11015831134564644
2335,24746,0.15579864968806084
2335,28280,0.15683111148849452
2335,38638,0.15309771309771308
2335,16304,0.2024983563445102
2335,21593,0.1463661686502912
2335,21989,0.22336025211739216
2335,22367,0.24232825183132053
2335,23532,0.16976633285646162
2335,25791,0.20468501250852855
2335,30570,0.015506061460389062
2335,30655,0.13401015228426397
2335,30753,0.04465753424657534
2335,38395,0.16211725611203417
2335,69327,0.24711062190423774
2335,30821,0.11394689352926012
2335,36076,0.22022003034901366
2335,38295,0.19069866213633468
2335,38754,0.1465878295146588
2335,38755,0.09434927128611609
2335,41197,0.24246055522268822
2335,46873,0.17374881964117092
2335,49543,0.2009626955475331
2335,55925,0.19980530542711122
2335,56182,0.19967901564798715
2335,6342,0.2127079002079002
2335,6343,0.21195583195837034
2335,10055,0.16939090208172705
2335,6820,0.03679955394480067
2335,6822,0.18461198319699315
2335,6831,0.1558816454173683
2335,6889,0.1595238095238095
2335,9108,0.2510243692042269
2335,9110,0.20119617224880382
2335,9157,0.27240953947368424
2335,9158,0.17593457943925234
2335,9159,0.17421602787456447
2335,9160,0.16302186878727634
2335,9186,0.2545078888054095
2335,9187,0.24424603174603174
2335,9325,0.25387596899224807
2335,9326,0.13866735271417546
2335,9369,0.24848729326341268
2335,9375,0.1821264228626786
2335,9950,0.2012684200708823
2335,31218,0.2356251098997714
2335,33328,0.13767395626242546
2335,33329,0.17023370233702337
2335,35264,0.22393777571395404
2335,38126,0.19234702573717402
2335,43335,0.1734239512538083
2335,44174,0.22019572953736655
2335,45123,0.20475793760992317
2335,45635,0.20703210307927494
2335,46157,0.21332153131223722
2335,46987,0.22903097168682707
2335,2188,0.23300113536016148
2335,24043,0.10607245243679958
2335,24288,0.2000812512695511
2335,27822,0.23849104859335038
2335,31199,0.2126899016979446
2335,33863,0.17809330628803247
2335,33864,0.19294525828835773
2335,34521,0.19319562575941676
2335,38402,0.26502283105022834
2335,40117,0.10451244813278009
2335,45579,0.2302195887068665
2335,312161,0.20086299892125134
2335,47804,0.19891142998515587
2335,6383,0.22762372762372762
2335,6496,0.2255666364460562
2335,6498,0.2367141931302657
2335,6499,0.23080438756855576
2335,6503,0.2028235294117647
2335,6504,0.24129831304719196
2335,6505,0.23622497616777885
2335,6518,0.20591836734693877
2335,6525,0.2446289944033219
2335,6549,0.24313661022521782
2335,6649,0.17443676109747935
2335,77182,0.21368948247078465
2335,7939,0.08987575997885276
2335,20977,0.14192413966340114
2335,24212,0.09777424483306836
2335,24213,0.1047065044949762
2335,24214,0.18553672316384182
2335,6651,0.19879113498992612
2335,74008,0.208572691117985
2335,8889,0.1952326901248581
2335,8895,0.2270230684730868
2335,8915,0.17887880902535475
2335,8916,0.16382488479262672
2335,8917,0.09945468709426124
2335,8919,0.21821596244131455
2335,8921,0.2193211488250653
2335,8922,0.196513470681458
2335,8923,0.1729938622414185
2335,8925,0.18021774380356728
2335,8926,0.2203246890153911
2335,8927,0.21448290507538756
2335,30165,0.23388559680735277
2335,64417,0.22438752783964366
2335,64482,0.2223950233281493
2335,64718,0.21516017139359314
2335,64869,0.2027066215563074
2335,65089,0.20710403726708074
2335,65212,0.2141874631558263
2335,65346,0.23178629249865085
2335,65648,0.2466684086752025
2335,66437,0.21397747605515208
2335,66673,0.2191646726125734
2335,66904,0.23024920466595972
2335,66952,0.23934383880134333
2335,2187,0.20286071063684868
2335,2313,0.2597701149425287
2335,2314,0.26075982996811903
2335,46580,0.24381054897739504
2336,2337,0.3268681094324214
2336,2338,0.34487226952980377
2336,2339,0.3483558994197292
2336,2340,0.3085277554304103
2336,2341,0.33360128617363344
2336,2342,0.3382042253521127
2336,2402,0.2418695228821811
2336,2403,0.28313400048816206
2336,2404,0.21323215960439934
2336,2405,0.2500277315585136
2336,2406,0.1640625
2336,2407,0.2865719431658995
2336,2408,0.2878554957724827
2336,2409,0.30028735632183906
2336,2410,0.28294731139103346
2336,2411,0.28031758227686004
2336,2420,0.2991627064946821
2336,312160,0.1924560651521646
2336,34059,0.05725765946760422
2336,46021,0.2019939765292346
2336,48148,0.24965588437715072
2336,48919,0.2453416149068323
2336,49024,0.20610837438423646
2336,49593,0.21875576887576148
2336,5325,0.17383986535224813
2336,5326,0.18676789587852494
2336,5653,0.20105456212746448
2336,7875,0.17426593459059442
2336,9260,0.09975993598292879
2336,24249,0.22037805440295066
2336,3498,0.19058553386911595
2336,39792,0.020996640537514
2336,45600,0.20338105916853544
2336,5607,0.18773402194964492
2336,6079,0.20837988826815643
2336,17622,0.2310866574965612
2336,2499,0.26278984173721015
2336,41051,0.23114046228092455
2336,41818,0.2335613569733352
2336,41907,0.2577663282315502
2336,42311,0.2255779269202088
2336,42338,0.22730118973074515
2336,46135,0.1384760556735079
2336,47818,0.2252984505969012
2336,49908,0.21993371212121213
2336,55321,0.23053327041057103
2336,60437,0.22478260869565217
2336,61266,0.26192553810354857
2336,64449,0.23078024337866856
2336,64466,0.2443328550932568
2336,64513,0.21588465916276717
2336,64522,0.2544291338582677
2336,64525,0.22488830051299025
2336,75802,0.2184010719071014
2336,79173,0.22137568408627536
2336,22492,0.15820394460763743
2336,22659,0.09273772204806688
2336,22761,0.11511268228015908
2336,24746,0.15959180173226997
2336,28280,0.16099889201397766
2336,38638,0.1543713572023314
2336,16304,0.2052296198637662
2336,21593,0.14876872302614877
2336,21989,0.22853185595567868
2336,22367,0.2384995064165844
2336,23532,0.17461077844311376
2336,25791,0.20560109289617487
2336,30570,0.016661959898333804
2336,30655,0.13754457463066735
2336,30753,0.04697802197802198
2336,38395,0.15861742424242425
2336,69327,0.24035039693402682
2336,30821,0.11113969642397736
2336,36076,0.21707040121120363
2336,38295,0.1948411852483479
2336,38754,0.14524864598719842
2336,38755,0.09748589020010262
2336,41197,0.23958540960733507
2336,46873,0.1654473832301632
2336,49543,0.1968810916179337
2336,55925,0.20043838285435947
2336,56182,0.18923219732131016
2336,6342,0.20275844289765405
2336,6343,0.19922120336641125
2336,10055,0.16896631465351114
2336,6820,0.038848518725545
2336,6822,0.18548030101814963
2336,6831,0.16070565490575156
2336,6889,0.1577896138482024
2336,9108,0.2541089965397924
2336,9110,0.19216152019002375
2336,9157,0.2691282051282051
2336,9158,0.1773929323660192
2336,9159,0.1745952677459527
2336,9160,0.16021825396825398
2336,9186,0.2543678376855157
2336,9187,0.23527093596059112
2336,9325,0.25155880455815954
2336,9326,0.1349409953822473
2336,9369,0.24232081911262798
2336,9375,0.180784123910939
2336,9950,0.19244304500833487
2336,31218,0.235056258790436
2336,33328,0.13071410921670373
2336,33329,0.16515559911786326
2336,35264,0.2262680316426245
2336,38126,0.19329523159600784
2336,43335,0.17488262910798122
2336,44174,0.2241937283785292
2336,45123,0.20815151796490577
2336,45635,0.20738636363636365
2336,46157,0.22207357859531773
2336,46987,0.22745983269154163
2336,2188,0.23352688714970968
2336,24043,0.11426319936958235
2336,24288,0.20334148329258353
2336,27822,0.2427402534894914
2336,31199,0.21008028545941124
2336,33863,0.19073010664479081
2336,33864,0.19810224632068163
2336,34521,0.20845301600328273
2336,38402,0.2660449808008777
2336,40117,0.10772833723653395
2336,45579,0.22858635097493035
2336,312161,0.1924560651521646
2336,47804,0.20163690476190477
2336,6383,0.23682348779625045
2336,6496,0.22832212325031812
2336,6498,0.24061128271825719
2336,6499,0.22806750798236278
2336,6503,0.1986863711001642
2336,6504,0.24246311738293777
2336,6505,0.23962516733601072
2336,6518,0.2062487237083929
2336,6525,0.24337001623669494
2336,6549,0.24239934264585045
2336,6649,0.18004484304932736
2336,77182,0.2231571861326153
2336,7939,0.09194488606253312
2336,20977,0.151545869234668
2336,24212,0.10132978723404255
2336,24213,0.1062251655629139
2336,24214,0.1893853481515083
2336,6651,0.20103208436167827
2336,74008,0.214359733530718
2336,8889,0.20231685429923316
2336,8895,0.2393636699963004
2336,8915,0.17813953488372092
2336,8916,0.1690206066219032
2336,8917,0.10065019505851755
2336,8919,0.22289270224401284
2336,8921,0.22236768281279223
2336,8922,0.19795918367346937
2336,8923,0.1797804208600183
2336,8925,0.18084859726408534
2336,8926,0.2261072261072261
2336,8927,0.21897654584221748
2336,30165,0.2337929366231253
2336,64417,0.23060561961267212
2336,64482,0.2249400479616307
2336,64718,0.21272912423625254
2336,64869,0.20251329144514257
2336,65089,0.2043385628510556
2336,65212,0.21066039584558102
2336,65346,0.2318488529014845
2336,65648,0.2508194571915563
2336,66437,0.2127458197497108
2336,66673,0.21881457313757477
2336,66904,0.23210728986854334
2336,66952,0.24293858512568023
2336,2187,0.20591918042117247
2336,2313,0.264034862855678
2336,2314,0.257154213036566
2336,46580,0.23767857142857143
2337,2338,0.3303256178893684
2337,2339,0.3289635395329783
2337,2340,0.3076422058184976
2337,2341,0.3312418866291649
2337,2342,0.3113485630066323
2337,2402,0.2395373291272345
2337,2403,0.25733266482827777
2337,2404,0.19114461485139936
2337,2405,0.22582111603591318
2337,2406,0.16340822877152028
2337,2407,0.26215240925493527
2337,2408,0.2684070976952886
2337,2409,0.2723897222634784
2337,2410,0.25931633510787333
2337,2411,0.2541188875708449
2337,2420,0.288094071533562
2337,312160,0.20631528964862297
2337,34059,0.05880681818181818
2337,46021,0.18620320855614975
2337,48148,0.23994147768836868
2337,48919,0.2391507961286294
2337,49024,0.1970276008492569
2337,49593,0.21432823973010517
2337,5325,0.1724413646055437
2337,5326,0.17502944640753829
2337,5653,0.19497487437185929
2337,7875,0.1726143272535025
2337,9260,0.09870208270449743
2337,24249,0.1998069498069498
2337,3498,0.16803707579608312
2337,39792,0.021633839199225055
2337,45600,0.1835581480131243
2337,5607,0.17324000538430476
2337,6079,0.18766066838046272
2337,17622,0.21621129326047359
2337,2499,0.24032665759284463
2337,41051,0.2092687409741368
2337,41818,0.20882778581765557
2337,41907,0.23941652132551133
2337,42311,0.21383021123953766
2337,42338,0.1977117881475768
2337,46135,0.13305504826506653
2337,47818,0.2032296179598267
2337,49908,0.19763472323823458
2337,55321,0.2086269744835966
2337,60437,0.20678079892581402
2337,61266,0.24038752649106873
2337,64449,0.2139437462597247
2337,64466,0.222753060615109
2337,64513,0.19609641079381712
2337,64522,0.22650231124807396
2337,64525,0.20666201604464596
2337,75802,0.19708448117539026
2337,79173,0.1914079580236117
2337,22492,0.14299201785254484
2337,22659,0.09759715218036191
2337,22761,0.11317073170731708
2337,24746,0.14719338377617455
2337,28280,0.14501089324618735
2337,38638,0.13997273811552224
2337,16304,0.20967351874244256
2337,21593,0.15949512335054503
2337,21989,0.21287862740944716
2337,22367,0.23191489361702128
2337,23532,0.17830490405117272
2337,25791,0.2042042042042042
2337,30570,0.01829467494282914
2337,30655,0.1389762653703174
2337,30753,0.049842271293375394
2337,38395,0.16415940881499078
2337,69327,0.22978784403669725
2337,30821,0.12525667351129363
2337,36076,0.21885245901639344
2337,38295,0.19561157796451914
2337,38754,0.15229408512990603
2337,38755,0.10448195576251455
2337,41197,0.2391445236552171
2337,46873,0.17201881775414196
2337,49543,0.20003200512081934
2337,55925,0.19047619047619047
2337,56182,0.19020900547061298
2337,6342,0.196322336398053
2337,6343,0.191534113316682
2337,10055,0.15670054360671237
2337,6820,0.03987138263665595
2337,6822,0.181047018904508
2337,6831,0.15323011211959423
2337,6889,0.14923318914667716
2337,9108,0.2585227272727273
2337,9110,0.20318302387267906
2337,9157,0.2647450110864745
2337,9158,0.1709577754891864
2337,9159,0.1837248322147651
2337,9160,0.16950097574574854
2337,9186,0.24552583953348078
2337,9187,0.2443010752688172
2337,9325,0.2504099320684001
2337,9326,0.1489795918367347
2337,9369,0.2486320857955789
2337,9375,0.186184565569347
2337,9950,0.20327338856334612
2337,31218,0.22143390589992532
2337,33328,0.1423388222160201
2337,33329,0.17137373183438442
2337,35264,0.20874894844369668
2337,38126,0.1765833260736998
2337,43335,0.17913950456323338
2337,44174,0.2019484240687679
2337,45123,0.1846459298477829
2337,45635,0.1967718965107999
2337,46157,0.21635434412265758
2337,46987,0.21125397483755012
2337,2188,0.21743119266055047
2337,24043,0.1121301775147929
2337,24288,0.18431972046298317
2337,27822,0.227480141963833
2337,31199,0.20914872798434442
2337,33863,0.17401852668725187
2337,33864,0.1802193254707221
2337,34521,0.18652622339258285
2337,38402,0.25604524180967236
2337,40117,0.11294603361840165
2337,45579,0.21538177112220375
2337,312161,0.20631528964862297
2337,47804,0.18250706396095556
2337,6383,0.21955788684900712
2337,6496,0.2095623674571043
2337,6498,0.2292347377472055
2337,6499,0.2076972010178117
2337,6503,0.2153926976622012
2337,6504,0.2557152957812868
2337,6505,0.22328711256117456
2337,6518,0.19629466254962505
2337,6525,0.2346368715083799
2337,6549,0.2265164644714038
2337,6649,0.16642264519277697
2337,77182,0.20301418439716312
2337,7939,0.09545317675398976
2337,20977,0.14426599041983657
2337,24212,0.1024713682941531
2337,24213,0.10801080108010801
2337,24214,0.189952511872032
2337,6651,0.1933349669198726
2337,74008,0.19319938176197837
2337,8889,0.18908651355551717
2337,8895,0.21592020340309015
2337,8915,0.1745258841619682
2337,8916,0.15917745620715917
2337,8917,0.10199882422104645
2337,8919,0.21154622527250708
2337,8921,0.2098740755546672
2337,8922,0.19254658385093168
2337,8923,0.16496386743084973
2337,8925,0.18205128205128204
2337,8926,0.21405677655677655
2337,8927,0.20877598152424942
2337,30165,0.20436237451976702
2337,64417,0.20004567252797442
2337,64482,0.20219861660079053
2337,64718,0.1984476610027271
2337,64869,0.183978611743737
2337,65089,0.1846382556987116
2337,65212,0.19458698058154744
2337,65346,0.2164063599268327
2337,65648,0.23006926524514465
2337,66437,0.19487401319346814
2337,66673,0.1992842764482219
2337,66904,0.2155887230514096
2337,66952,0.22117962466487937
2337,2187,0.18506797937177685
2337,2313,0.24737332092033515
2337,2314,0.24909847434119278
2337,46580,0.23453953666475205
2338,2339,0.3465750881752367
2338,2340,0.319533527696793
2338,2341,0.34193173002327387
2338,2342,0.3369509920298457
2338,2402,0.23196448390677027
2338,2403,0.2995907558979297
2338,2404,0.22276518662060832
2338,2405,0.2532002603601649
2338,2406,0.15196316044595248
2338,2407,0.2743497247009683
2338,2408,0.28400735294117646
2338,2409,0.31265822784810127
2338,2410,0.2944532908704883
2338,2411,0.2906100928948029
2338,2420,0.29492691315563196
2338,312160,0.20407742998352554
2338,34059,0.05148607535689211
2338,46021,0.21039199673336056
2338,48148,0.24830438378825476
2338,48919,0.25273459988485897
2338,49024,0.20262910798122066
2338,49593,0.2211777225966655
2338,5325,0.16617746669677128
2338,5326,0.18054985638079607
2338,5653,0.19965240060829895
2338,7875,0.1663677130044843
2338,9260,0.09574732653568764
2338,24249,0.22035910372458822
2338,3498,0.1813549986229689
2338,39792,0.018926626912107856
2338,45600,0.20042996527203571
2338,5607,0.18717916614498561
2338,6079,0.19477769936485534
2338,17622,0.22558867116746253
2338,2499,0.251971263360785
2338,41051,0.23264146281195947
2338,41818,0.2353020861555134
2338,41907,0.262948793407887
2338,42311,0.22228163992869876
2338,42338,0.22425934919864013
2338,46135,0.13081009296148738
2338,47818,0.22589803727934823
2338,49908,0.22458656181334566
2338,55321,0.23322205594566595
2338,60437,0.23579758211190757
2338,61266,0.26250528392278427
2338,64449,0.23453357430835534
2338,64466,0.24509940219658
2338,64513,0.21242190371187064
2338,64522,0.24177889132477295
2338,64525,0.2204224233762109
2338,75802,0.22309625259477767
2338,79173,0.22172182656053624
2338,22492,0.16263518533806653
2338,22659,0.09353574926542606
2338,22761,0.10649782022005398
2338,24746,0.1639966273187184
2338,28280,0.164767967833808
2338,38638,0.16436213991769547
2338,16304,0.2006661115736886
2338,21593,0.14095870906502136
2338,21989,0.2235205427817565
2338,22367,0.2376817066263923
2338,23532,0.16692913385826771
2338,25791,0.20319240724762727
2338,30570,0.016226118817063595
2338,30655,0.12829650748396293
2338,30753,0.045454545454545456
2338,38395,0.15764758497316636
2338,69327,0.24766355140186916
2338,30821,0.11699029126213592
2338,36076,0.22809584781415768
2338,38295,0.19820919820919822
2338,38754,0.14740757963264356
2338,38755,0.09481517042726836
2338,41197,0.2547279042840602
2338,46873,0.17489600289383253
2338,49543,0.21365638766519823
2338,55925,0.21202342536153937
2338,56182,0.21324590163934426
2338,6342,0.2234665309238992
2338,6343,0.22126972294694994
2338,10055,0.18284839203675343
2338,6820,0.033858878263117086
2338,6822,0.1792137181095776
2338,6831,0.1530265245975969
2338,6889,0.16749461055394133
2338,9108,0.2555739058629232
2338,9110,0.1984629294755877
2338,9157,0.27890887527179287
2338,9158,0.17177508269018743
2338,9159,0.17485311398354877
2338,9160,0.15830025682932525
2338,9186,0.2585895117540687
2338,9187,0.24302788844621515
2338,9325,0.2551922681472342
2338,9326,0.13312469908521907
2338,9369,0.24754193175245806
2338,9375,0.17907720420283235
2338,9950,0.20017857142857143
2338,31218,0.233209584880189
2338,33328,0.13
2338,33329,0.16863836696822082
2338,35264,0.23294224854767057
2338,38126,0.2033726812816189
2338,43335,0.16810249613430528
2338,44174,0.2284934497816594
2338,45123,0.2144683960540738
2338,45635,0.1953076764766413
2338,46157,0.21321826983792885
2338,46987,0.2406563354603464
2338,2188,0.2376907927129493
2338,24043,0.10338941721531333
2338,24288,0.18882059162504802
2338,27822,0.24191802010827532
2338,31199,0.2069767441860465
2338,33863,0.1779841361965564
2338,33864,0.1884643644379133
2338,34521,0.1916988416988417
2338,38402,0.268614680513994
2338,40117,0.10462287104622871
2338,45579,0.23092403152775448
2338,312161,0.20407742998352554
2338,47804,0.20505074915418076
2338,6383,0.23657375934738273
2338,6496,0.22584015323001916
2338,6498,0.2468882936820545
2338,6499,0.23376623376623376
2338,6503,0.19791203909373611
2338,6504,0.2469817884182525
2338,6505,0.2362938596491228
2338,6518,0.20381174640217814
2338,6525,0.24847746650426308
2338,6549,0.24314471390077666
2338,6649,0.16561580496006725
2338,77182,0.21967371991600712
2338,7939,0.08553118067537589
2338,20977,0.1373704052780396
2338,24212,0.09315542377069434
2338,24213,0.09665518937530743
2338,24214,0.178213600511618
2338,6651,0.18702611625947768
2338,74008,0.2043712744819756
2338,8889,0.1906021471915357
2338,8895,0.22101766043014512
2338,8915,0.1658674803836094
2338,8916,0.15037756202804747
2338,8917,0.09348510535238556
2338,8919,0.21573558469552723
2338,8921,0.21312933641700765
2338,8922,0.1807382265591854
2338,8923,0.1640992725716731
2338,8925,0.16971279373368145
2338,8926,0.21041084962106102
2338,8927,0.20772946859903382
2338,30165,0.2339924670433145
2338,64417,0.23383302330670752
2338,64482,0.22737900397474867
2338,64718,0.2296520423600605
2338,64869,0.21507019386878043
2338,65089,0.2149202407106696
2338,65212,0.2261350407450524
2338,65346,0.23959430979978924
2338,65648,0.25919753877707985
2338,66437,0.22283171186089837
2338,66673,0.22795767874318693
2338,66904,0.23380645161290323
2338,66952,0.2491778396154819
2338,2187,0.20842128652371958
2338,2313,0.27385735811150175
2338,2314,0.27488584474885847
2338,46580,0.2416523235800344
2339,2340,0.32173382173382176
2339,2341,0.3514891880864953
2339,2342,0.34264992039624975
2339,2402,0.23611650485436894
2339,2403,0.2849278199168094
2339,2404,0.20920146270941406
2339,2405,0.2489460838695363
2339,2406,0.1688073394495413
2339,2407,0.27063947733122157
2339,2408,0.27812798471824257
2339,2409,0.2987068965517241
2339,2410,0.2852873250916995
2339,2411,0.28169917864476385
2339,2420,0.2987307343608341
2339,312160,0.20325027085590466
2339,34059,0.05529027393817542
2339,46021,0.2036015405433538
2339,48148,0.2490527040992077
2339,48919,0.24187832250443
2339,49024,0.204178163184864
2339,49593,0.21920088790233075
2339,5325,0.1661479530763706
2339,5326,0.17850205050723073
2339,5653,0.19935765083734802
2339,7875,0.16634980988593157
2339,9260,0.09071618037135279
2339,24249,0.2092101250381214
2339,3498,0.175177304964539
2339,39792,0.01905829596412556
2339,45600,0.1928412399383456
2339,5607,0.18021836865767502
2339,6079,0.19674856826159245
2339,17622,0.22750686813186813
2339,2499,0.24813262889415194
2339,41051,0.22740524781341107
2339,41818,0.22791150688743564
2339,41907,0.25249320036264733
2339,42311,0.2079882201362047
2339,42338,0.22026925953627524
2339,46135,0.12869198312236288
2339,47818,0.22080060805675197
2339,49908,0.21474926253687315
2339,55321,0.22590893046240734
2339,60437,0.22305519339417645
2339,61266,0.2570351029881056
2339,64449,0.23220436280137774
2339,64466,0.24061873388713836
2339,64513,0.20868470736312145
2339,64522,0.23519896473633128
2339,64525,0.21622511107454337
2339,75802,0.22017013655697337
2339,79173,0.21368342405806381
2339,22492,0.15854478238951436
2339,22659,0.09501312335958005
2339,22761,0.11120917917034422
2339,24746,0.1601408208827065
2339,28280,0.15917220235053653
2339,38638,0.15355150303938714
2339,16304,0.20679012345679013
2339,21593,0.14889284805293967
2339,21989,0.22152148206543162
2339,22367,0.24840510366826157
2339,23532,0.17057416267942585
2339,25791,0.20721955677404616
2339,30570,0.01671388101983003
2339,30655,0.13445378151260504
2339,30753,0.0453920220082531
2339,38395,0.1595820470197103
2339,69327,0.24806949806949807
2339,30821,0.12012480499219969
2339,36076,0.22636103151862463
2339,38295,0.21160927008880226
2339,38754,0.1541904998756528
2339,38755,0.09917568263781557
2339,41197,0.2420968387354942
2339,46873,0.17752041010062655
2339,49543,0.20900955558926135
2339,55925,0.20836912504601793
2339,56182,0.2047074646940148
2339,6342,0.2162338509722041
2339,6343,0.21524149356441952
2339,10055,0.17418255075158842
2339,6820,0.03664335664335664
2339,6822,0.17757215245648822
2339,6831,0.1461372877302081
2339,6889,0.16449636154729988
2339,9108,0.2517301038062284
2339,9110,0.1972268706669854
2339,9157,0.2710434245729574
2339,9158,0.17125524965002334
2339,9159,0.17742742742742743
2339,9160,0.16413070591169868
2339,9186,0.2582106455266138
2339,9187,0.2360260714991112
2339,9325,0.24678111587982832
2339,9326,0.14001549987083442
2339,9369,0.24863553668890237
2339,9375,0.17471042471042472
2339,9950,0.20626876876876876
2339,31218,0.22686723806192058
2339,33328,0.136986301369863
2339,33329,0.16933694848410155
2339,35264,0.2224286045971674
2339,38126,0.1936806148590948
2339,43335,0.1706516643225504
2339,44174,0.21875
2339,45123,0.19966783539398414
2339,45635,0.1973941368078176
2339,46157,0.21690767519466073
2339,46987,0.2266507240600505
2339,2188,0.23478810879190387
2339,24043,0.1078816444095313
2339,24288,0.18659420289855072
2339,27822,0.23680844259673808
2339,31199,0.2127659574468085
2339,33863,0.17856416514134635
2339,33864,0.18998073217726397
2339,34521,0.19322102699411406
2339,38402,0.2644960673129687
2339,40117,0.10371718221991162
2339,45579,0.22390133750217128
2339,312161,0.20325027085590466
2339,47804,0.19508581306334116
2339,6383,0.22169728783902012
2339,6496,0.21725009022013714
2339,6498,0.2378167641325536
2339,6499,0.2221212121212121
2339,6503,0.20657832465688594
2339,6504,0.2535119948130538
2339,6505,0.22976054732041049
2339,6518,0.19861760520430982
2339,6525,0.23714491190219344
2339,6549,0.2318864229765013
2339,6649,0.1642651296829971
2339,77182,0.20728664115787723
2339,7939,0.08816521048451152
2339,20977,0.14585439838220424
2339,24212,0.10045297095656808
2339,24213,0.10448156987536462
2339,24214,0.18286618444846292
2339,6651,0.19668458781362008
2339,74008,0.20470588235294118
2339,8889,0.19525666016894086
2339,8895,0.22598973607038123
2339,8915,0.1693268563497571
2339,8916,0.16002763067004375
2339,8917,0.10151356993736951
2339,8919,0.21554637626736764
2339,8921,0.21576299608719957
2339,8922,0.18712001801396083
2339,8923,0.16659111514052583
2339,8925,0.17340106211036713
2339,8926,0.21861152141802068
2339,8927,0.21095076400679116
2339,30165,0.22579092986888008
2339,64417,0.22280369669301858
2339,64482,0.2217167484736023
2339,64718,0.2168132542442217
2339,64869,0.19959463372261366
2339,65089,0.20443970531213648
2339,65212,0.213744961164094
2339,65346,0.23369418132611638
2339,65648,0.24806810740013097
2339,66437,0.21439865078528514
2339,66673,0.21761827079934748
2339,66904,0.23179160021265285
2339,66952,0.2407095688204066
2339,2187,0.194334725200316
2339,2313,0.2560244804284075
2339,2314,0.26779026217228463
2339,46580,0.23681858802502234
2340,2341,0.3339107838891295
2340,2342,0.32164718976071227
2340,2402,0.22758477220719783
2340,2403,0.26486895161290325
2340,2404,0.1860986547085202
2340,2405,0.23292209275759654
2340,2406,0.17126099706744868
2340,2407,0.2692963752665245
2340,2408,0.27321063394683026
2340,2409,0.27760393383996423
2340,2410,0.27205882352941174
2340,2411,0.2581923890063425
2340,2420,0.31231306081754734
2340,312160,0.21839080459770116
2340,34059,0.05839002267573696
2340,46021,0.19410372283193458
2340,48148,0.24417965169569203
2340,48919,0.24803644360666038
2340,49024,0.20748663101604278
2340,49593,0.21813481805527937
2340,5325,0.16622551614610906
2340,5326,0.18001417434443656
2340,5653,0.19613259668508287
2340,7875,0.16644788658440535
2340,9260,0.09981905910735826
2340,24249,0.20403225806451614
2340,3498,0.1631712033318459
2340,39792,0.019614147909967846
2340,45600,0.18138858596873864
2340,5607,0.16851975887474882
2340,6079,0.193292319904743
2340,17622,0.2132873479760392
2340,2499,0.2514207329022144
2340,41051,0.21657648145704106
2340,41818,0.2130005803830528
2340,41907,0.24506683640993
2340,42311,0.2063303659742829
2340,42338,0.203718048024787
2340,46135,0.12899039709317414
2340,47818,0.20430672268907563
2340,49908,0.20053737176355643
2340,55321,0.21227621483375958
2340,60437,0.2104082548227905
2340,61266,0.2514878681519915
2340,64449,0.2274788391777509
2340,64466,0.2228852752498881
2340,64513,0.19748394705805267
2340,64522,0.22539302802460698
2340,64525,0.20619993033786138
2340,75802,0.2061950993989829
2340,79173,0.19688323090430201
2340,22492,0.14921511126444711
2340,22659,0.10822122571001495
2340,22761,0.11787723159696747
2340,24746,0.14831440894287476
2340,28280,0.1481222707423581
2340,38638,0.1464291830792944
2340,16304,0.21048815853069117
2340,21593,0.15884373211219233
2340,21989,0.21926839642705231
2340,22367,0.23577062460029843
2340,23532,0.17019027484143764
2340,25791,0.2092848180677541
2340,30570,0.01758957654723127
2340,30655,0.14065180102915953
2340,30753,0.04874213836477988
2340,38395,0.16662265645629787
2340,69327,0.22867773325701202
2340,30821,0.13900414937759337
2340,36076,0.23881838984813814
2340,38295,0.21367723615712259
2340,38754,0.16387959866220736
2340,38755,0.10910151691948658
2340,41197,0.2553005464480874
2340,46873,0.18582058701942952
2340,49543,0.22048780487804878
2340,55925,0.2068433239001801
2340,56182,0.21279634390174235
2340,6342,0.21152004378163908
2340,6343,0.20914422820581177
2340,10055,0.15935280189423837
2340,6820,0.040783558124598586
2340,6822,0.1850412821758135
2340,6831,0.15509877202349173
2340,6889,0.15343654471945567
2340,9108,0.2604783329386692
2340,9110,0.201216287678477
2340,9157,0.27677174156047396
2340,9158,0.1812759336099585
2340,9159,0.18072960178223335
2340,9160,0.17210599721059971
2340,9186,0.25171578522406135
2340,9187,0.23544465770953296
2340,9325,0.25883184173339613
2340,9326,0.1570926143024619
2340,9369,0.24336090552895082
2340,9375,0.18423883808499192
2340,9950,0.20615011126846045
2340,31218,0.21435193769701466
2340,33328,0.14365411436541142
2340,33329,0.16944520360754303
2340,35264,0.20741362763915547
2340,38126,0.17524786919464255
2340,43335,0.18250652741514362
2340,44174,0.19958847736625515
2340,45123,0.18340570134038134
2340,45635,0.1987179487179487
2340,46157,0.21510075260985675
2340,46987,0.214909242067341
2340,2188,0.21739130434782608
2340,24043,0.10472279260780287
2340,24288,0.19209659714599342
2340,27822,0.22534973874936795
2340,31199,0.2099731117086287
2340,33863,0.17582175159938232
2340,33864,0.1846090022816843
2340,34521,0.18468271334792122
2340,38402,0.2542306944174285
2340,40117,0.11173184357541899
2340,45579,0.2261971306130054
2340,312161,0.21839080459770116
2340,47804,0.18234312844860773
2340,6383,0.2167662434652726
2340,6496,0.21301660872923908
2340,6498,0.22391378720492644
2340,6499,0.2090027039923652
2340,6503,0.20834419817470665
2340,6504,0.2502929458636044
2340,6505,0.22048364153627312
2340,6518,0.20101724900486512
2340,6525,0.23908845113943608
2340,6549,0.22391154111955772
2340,6649,0.16585484656600097
2340,77182,0.20042417815482502
2340,7939,0.09229847168115074
2340,20977,0.14237573715248525
2340,24212,0.10658212560386474
2340,24213,0.11278195488721804
2340,24214,0.18430203676105317
2340,6651,0.19271215456101737
2340,74008,0.19078440437663738
2340,8889,0.18660698915475984
2340,8895,0.21254626923826223
2340,8915,0.17331288343558282
2340,8916,0.15217939027462837
2340,8917,0.10373200117543344
2340,8919,0.2080820265379976
2340,8921,0.2004754358161648
2340,8922,0.18867457962413453
2340,8923,0.15633489750555693
2340,8925,0.17540733197556008
2340,8926,0.2151029748283753
2340,8927,0.20871771217712176
2340,30165,0.20882535736482288
2340,64417,0.20015976263836585
2340,64482,0.19318877863530565
2340,64718,0.20563112938943373
2340,64869,0.18525856944719635
2340,65089,0.1875682653162546
2340,65212,0.1972185830897914
2340,65346,0.21653543307086615
2340,65648,0.23152173913043478
2340,66437,0.20357065099063792
2340,66673,0.20586582762108102
2340,66904,0.22060454797559623
2340,66952,0.22870619946091644
2340,2187,0.18187127672000936
2340,2313,0.25063291139240507
2340,2314,0.2530237731127485
2340,46580,0.23493399655634206
2341,2342,0.3696431942609024
2341,2402,0.23967112024665982
2341,2403,0.2851365015166835
2341,2404,0.20031123022391287
2341,2405,0.23647271904007244
2341,2406,0.18301778542742397
2341,2407,0.28686270361751637
2341,2408,0.2989985693848355
2341,2409,0.30475191125768253
2341,2410,0.28916513631868906
2341,2411,0.2792577866136514
2341,2420,0.32620452310717796
2341,312160,0.2101113172541744
2341,34059,0.05805038335158817
2341,46021,0.19663220718320368
2341,48148,0.25467077816071104
2341,48919,0.24922648514851486
2341,49024,0.21298046628859482
2341,49593,0.21806853582554517
2341,5325,0.1787941787941788
2341,5326,0.187167014130183
2341,5653,0.2132407636994793
2341,7875,0.1789120907450374
2341,9260,0.10600292825768667
2341,24249,0.21074446038578032
2341,3498,0.18145341061078912
2341,39792,0.022614622057001238
2341,45600,0.1958874458874459
2341,5607,0.1837144003208985
2341,6079,0.2040376323010584
2341,17622,0.2299638989169675
2341,2499,0.27215931276844985
2341,41051,0.22838370565045993
2341,41818,0.2316843174234731
2341,41907,0.2627401174789649
2341,42311,0.2250196695515342
2341,42338,0.21845598659621085
2341,46135,0.14373244830227214
2341,47818,0.21881551362683438
2341,49908,0.2099125364431487
2341,55321,0.22274766581787317
2341,60437,0.22389063200358583
2341,61266,0.2638046116504854
2341,64449,0.2313087598865841
2341,64466,0.24450754745180092
2341,64513,0.21229561805101374
2341,64522,0.24526692819375745
2341,64525,0.22202978870800139
2341,75802,0.2132276954874268
2341,79173,0.21421498514688084
2341,22492,0.15564336024738018
2341,22659,0.09785407725321889
2341,22761,0.12008577555396711
2341,24746,0.15437182407569652
2341,28280,0.15533896092594204
2341,38638,0.1510558583106267
2341,16304,0.2148936170212766
2341,21593,0.16341870824053453
2341,21989,0.2343157894736842
2341,22367,0.24963103520978283
2341,23532,0.1838961038961039
2341,25791,0.21866535336124107
2341,30570,0.018466353677621283
2341,30655,0.1457174638487208
2341,30753,0.04777744179014212
2341,38395,0.16765083440308087
2341,69327,0.2469241773962804
2341,30821,0.1254957507082153
2341,36076,0.23729158194387961
2341,38295,0.209799861973775
2341,38754,0.15846112456281947
2341,38755,0.10698198198198199
2341,41197,0.2573324769856562
2341,46873,0.18286290322580645
2341,49543,0.21360457724094087
2341,55925,0.20207253886010362
2341,56182,0.20671798460461863
2341,6342,0.2158322056833559
2341,6343,0.21417260490894696
2341,10055,0.16538219565901227
2341,6820,0.03818909762858023
2341,6822,0.1977049964140569
2341,6831,0.16128191766545075
2341,6889,0.1555446995603322
2341,9108,0.27704918032786885
2341,9110,0.21156339123671247
2341,9157,0.3017606418542456
2341,9158,0.1830808080808081
2341,9159,0.19106023439629327
2341,9160,0.1733477789815818
2341,9186,0.27563973403183556
2341,9187,0.25647008909630886
2341,9325,0.2714816535067348
2341,9326,0.1510019757267852
2341,9369,0.2647759255250054
2341,9375,0.18664921465968587
2341,9950,0.20205209155485399
2341,31218,0.24121910425571455
2341,33328,0.14139233675121424
2341,33329,0.18681022880215342
2341,35264,0.22668752256046204
2341,38126,0.18717368604246432
2341,43335,0.19034236075625957
2341,44174,0.21486563750714693
2341,45123,0.2022589217919514
2341,45635,0.21316467556804872
2341,46157,0.23824451410658307
2341,46987,0.23258068984623909
2341,2188,0.2363588667366212
2341,24043,0.11954022988505747
2341,24288,0.19827586206896552
2341,27822,0.24119423012411942
2341,31199,0.2255729794933655
2341,33863,0.18463875027120852
2341,33864,0.1961908662707352
2341,34521,0.20758004791984316
2341,38402,0.2807632398753894
2341,40117,0.11710939731505285
2341,45579,0.23659480375898287
2341,312161,0.2101113172541744
2341,47804,0.19610855094726062
2341,6383,0.24011194029850746
2341,6496,0.2314636957356896
2341,6498,0.24190248891919536
2341,6499,0.22558655675332911
2341,6503,0.21437675248534285
2341,6504,0.2668057487250811
2341,6505,0.25352400408580184
2341,6518,0.2039402468066681
2341,6525,0.25594781273983114
2341,6549,0.24982674982674982
2341,6649,0.17857142857142858
2341,77182,0.22188879082082966
2341,7939,0.09167148640832852
2341,20977,0.1567925048222651
2341,24212,0.11029842012873026
2341,24213,0.10885929357266937
2341,24214,0.19696969696969696
2341,6651,0.20563448109800145
2341,74008,0.21306160259379342
2341,8889,0.2009233926128591
2341,8895,0.23330745341614906
2341,8915,0.18
2341,8916,0.16324511501360375
2341,8917,0.10680717744232412
2341,8919,0.22193471337579618
2341,8921,0.2225952992297057
2341,8922,0.20650048875855329
2341,8923,0.18726868985936343
2341,8925,0.19632056451612903
2341,8926,0.23608270847534651
2341,8927,0.2321633402156458
2341,30165,0.22528907124207384
2341,64417,0.2158273381294964
2341,64482,0.2180673824509441
2341,64718,0.21421820854772655
2341,64869,0.19576824204073562
2341,65089,0.20178926441351888
2341,65212,0.2060654749949789
2341,65346,0.23048900098080427
2341,65648,0.248336727766463
2341,66437,0.20864397622906536
2341,66673,0.21243581156508148
2341,66904,0.23196800441318438
2341,66952,0.23987664253150978
2341,2187,0.19579929988331388
2341,2313,0.2582308607695359
2341,2314,0.259539881526381
2341,46580,0.2422184493491794
2342,2402,0.23060686015831133
2342,2403,0.3228374524714829
2342,2404,0.23824216144096064
2342,2405,0.274442538593482
2342,2406,0.1513574660633484
2342,2407,0.2710550045085663
2342,2408,0.28619114546732255
2342,2409,0.3287068847052357
2342,2410,0.3208115183246073
2342,2411,0.31937367963216107
2342,2420,0.30434782608695654
2342,312160,0.19755955839628123
2342,34059,0.05092491838955386
2342,46021,0.22321428571428573
2342,48148,0.25569539588975626
2342,48919,0.2585270778226368
2342,49024,0.19673295454545456
2342,49593,0.2148384925975774
2342,5325,0.16374021578167972
2342,5326,0.18091913903432227
2342,5653,0.18799432163861285
2342,7875,0.16393442622950818
2342,9260,0.09136939010356732
2342,24249,0.22233328573468514
2342,3498,0.18408819232301765
2342,39792,0.01789549033643522
2342,45600,0.2023112236821276
2342,5607,0.19237308719941706
2342,6079,0.200878526778172
2342,17622,0.2287158426788817
2342,2499,0.26261603375527426
2342,41051,0.24628398791540784
2342,41818,0.24309755456218773
2342,41907,0.27396086273389514
2342,42311,0.22475736420909245
2342,42338,0.2333096590909091
2342,46135,0.12990246939199004
2342,47818,0.22840392438382387
2342,49908,0.22477578475336324
2342,55321,0.24187928515229853
2342,60437,0.24549455155071248
2342,61266,0.2725530458590007
2342,64449,0.24322136786726023
2342,64466,0.2511108119025178
2342,64513,0.2260963335729691
2342,64522,0.252234509922739
2342,64525,0.21881173074000912
2342,75802,0.23683363724123135
2342,79173,0.23810997627153616
2342,22492,0.17811912737968788
2342,22659,0.08963013387792149
2342,22761,0.11163429468314695
2342,24746,0.17538026764192502
2342,28280,0.17364430525795285
2342,38638,0.1697762700912689
2342,16304,0.19055978154866393
2342,21593,0.13906111603188662
2342,21989,0.22365591397849463
2342,22367,0.2377873563218391
2342,23532,0.16347166631556773
2342,25791,0.1957137080469066
2342,30570,0.014426544842510219
2342,30655,0.1267449590073122
2342,30753,0.040394551432597466
2342,38395,0.14806330695543524
2342,69327,0.26383812010443863
2342,30821,0.11291413116970926
2342,36076,0.2340276562226501
2342,38295,0.2029377657518361
2342,38754,0.1488666085440279
2342,38755,0.08991764967727577
2342,41197,0.24644549763033174
2342,46873,0.18200692041522493
2342,49543,0.22260127931769721
2342,55925,0.22223518432104528
2342,56182,0.22878749038708024
2342,6342,0.2363320079522863
2342,6343,0.2346368715083799
2342,10055,0.18962918299668374
2342,6820,0.032626815908549656
2342,6822,0.17733990147783252
2342,6831,0.14484797297297297
2342,6889,0.17551920602830362
2342,9108,0.25449569976544173
2342,9110,0.18794774546986937
2342,9157,0.28560634680770686
2342,9158,0.16591002888980602
2342,9159,0.1702127659574468
2342,9160,0.15629775158262388
2342,9186,0.2662270045123221
2342,9187,0.23974082073434125
2342,9325,0.25072829675665176
2342,9326,0.1350438892640108
2342,9369,0.2492200403743806
2342,9375,0.1685441020191286
2342,9950,0.20776998117405443
2342,31218,0.23849643551523006
2342,33328,0.124702316518727
2342,33329,0.15893896916109554
2342,35264,0.2413793103448276
2342,38126,0.21268470861696828
2342,43335,0.16535433070866143
2342,44174,0.23602815699658702
2342,45123,0.22821875844670692
2342,45635,0.2030546308987664
2342,46157,0.2151394422310757
2342,46987,0.24485674618200176
2342,2188,0.2543457267020763
2342,24043,0.10301792602677558
2342,24288,0.19878743340069815
2342,27822,0.24479166666666666
2342,31199,0.20755093887335196
2342,33863,0.1817178591134817
2342,33864,0.19340697878309662
2342,34521,0.1989316632897403
2342,38402,0.2724358974358974
2342,40117,0.10241917250734796
2342,45579,0.23886378308586184
2342,312161,0.19755955839628123
2342,47804,0.20770852858481725
2342,6383,0.2405475880052151
2342,6496,0.23406391166136858
2342,6498,0.24509507998792635
2342,6499,0.2308563340410474
2342,6503,0.1945371142618849
2342,6504,0.24395434319984524
2342,6505,0.2444794952681388
2342,6518,0.19611436950146627
2342,6525,0.25644028103044497
2342,6549,0.25176002448729723
2342,6649,0.16683197778218609
2342,77182,0.21995359628770303
2342,7939,0.08392407957923623
2342,20977,0.13472527472527474
2342,24212,0.09224414869206057
2342,24213,0.09350057012542759
2342,24214,0.17660044150110377
2342,6651,0.18680445151033387
2342,74008,0.20948724979435152
2342,8889,0.20138366671679953
2342,8895,0.22719651240778002
2342,8915,0.15902140672782875
2342,8916,0.14969574036511157
2342,8917,0.09305993690851735
2342,8919,0.21228668941979523
2342,8921,0.21477079796264856
2342,8922,0.1785143769968051
2342,8923,0.16190667739340306
2342,8925,0.17073170731707318
2342,8926,0.2119205298013245
2342,8927,0.20456273764258556
2342,30165,0.2406834078660704
2342,64417,0.2415267828504223
2342,64482,0.23125
2342,64718,0.23696682464454977
2342,64869,0.22263832974440595
2342,65089,0.22444194335021572
2342,65212,0.2357142857142857
2342,65346,0.23865802516202822
2342,65648,0.26026547574742587
2342,66437,0.23385458976441917
2342,66673,0.23767660910518054
2342,66904,0.24221887550200802
2342,66952,0.25732578182713617
2342,2187,0.21906936290497933
2342,2313,0.2860122699386503
2342,2314,0.28518753973299427
2342,46580,0.24814018846090263
2402,2403,0.20094533995879288
2402,2404,0.16632425954459854
2402,2405,0.18436250555308753
2402,2406,0.14552459988144636
2402,2407,0.2310293806806172
2402,2408,0.2317171717171717
2402,2409,0.22320393974507532
2402,2410,0.2078735867048086
2402,2411,0.20515781370284836
2402,2420,0.22519083969465647
2402,312160,0.18494623655913978
2402,34059,0.05594610427650849
2402,46021,0.16295589482612383
2402,48148,0.2194139194139194
2402,48919,0.21084430673896204
2402,49024,0.19290657439446368
2402,49593,0.2071256038647343
2402,5325,0.15220905172413793
2402,5326,0.17906469590501575
2402,5653,0.16637301787062672
2402,7875,0.15285943345804381
2402,9260,0.09458618543870566
2402,24249,0.19381611065907242
2402,3498,0.15723743605176047
2402,39792,0.02217741935483871
2402,45600,0.1647166361974406
2402,5607,0.14908410215269421
2402,6079,0.17821385662795355
2402,17622,0.20385674931129477
2402,2499,0.2088485316846986
2402,41051,0.184543203440636
2402,41818,0.18210541433290248
2402,41907,0.19990644004366132
2402,42311,0.19141716566866268
2402,42338,0.17718601971578543
2402,46135,0.14204545454545456
2402,47818,0.18270991368035575
2402,49908,0.17317692586769864
2402,55321,0.17622411109780917
2402,60437,0.1672687465790914
2402,61266,0.19798159691303058
2402,64449,0.18120011823825008
2402,64466,0.1892688679245283
2402,64513,0.17918848167539267
2402,64522,0.20623501199040767
2402,64525,0.18932633420822398
2402,75802,0.16555467601492707
2402,79173,0.1673526863084922
2402,22492,0.14979086789822238
2402,22659,0.09251908396946565
2402,22761,0.12712509515351433
2402,24746,0.1507349665924276
2402,28280,0.14899814635007502
2402,38638,0.14558493174356316
2402,16304,0.17817479478512796
2402,21593,0.13557358053302435
2402,21989,0.19183326244151425
2402,22367,0.19830866807610995
2402,23532,0.16947769314472252
2402,25791,0.18314833501513622
2402,30570,0.018014955812372536
2402,30655,0.12271009014248328
2402,30753,0.047028086218158065
2402,38395,0.15513062213843254
2402,69327,0.18362491252624213
2402,30821,0.11264230077890952
2402,36076,0.1855921855921856
2402,38295,0.17813383600377003
2402,38754,0.13044692737430166
2402,38755,0.1106743271847596
2402,41197,0.1901632393470426
2402,46873,0.1632441402198714
2402,49543,0.16872623574144488
2402,55925,0.16816058578462315
2402,56182,0.16525010450048766
2402,6342,0.16470902295782167
2402,6343,0.16220431505068886
2402,10055,0.1220715166461159
2402,6820,0.03802535023348899
2402,6822,0.16161369193154035
2402,6831,0.13797777175386283
2402,6889,0.12463542679370017
2402,9108,0.2031503358813991
2402,9110,0.16649048625792812
2402,9157,0.20431499460625674
2402,9158,0.15531192900026103
2402,9159,0.14385086254869225
2402,9160,0.155788876276958
2402,9186,0.20332936979785968
2402,9187,0.1984765129073212
2402,9325,0.20378490653127163
2402,9326,0.129547471162378
2402,9369,0.198068669527897
2402,9375,0.15983717774762551
2402,9950,0.16800160192230676
2402,31218,0.20022434099831743
2402,33328,0.12940841865756542
2402,33329,0.153098082800778
2402,35264,0.16935388960809697
2402,38126,0.14061701039713653
2402,43335,0.1518324607329843
2402,44174,0.17211353613027253
2402,45123,0.15348145393697127
2402,45635,0.18326118326118326
2402,46157,0.19101123595505617
2402,46987,0.17874198389957702
2402,2188,0.18513251454427926
2402,24043,0.11942136041859033
2402,24288,0.18856502242152468
2402,27822,0.19494645247657297
2402,31199,0.18393909626719057
2402,33863,0.1732461087299797
2402,33864,0.181125687685146
2402,34521,0.19031531531531531
2402,38402,0.22295335784788078
2402,40117,0.10666666666666667
2402,45579,0.1976981622424355
2402,312161,0.18494623655913978
2402,47804,0.16924066924066924
2402,6383,0.1790328534514581
2402,6496,0.19086333720480061
2402,6498,0.20061517429938483
2402,6499,0.18622003492617875
2402,6503,0.1833464670344103
2402,6504,0.20648899188876013
2402,6505,0.2006128702757916
2402,6518,0.18401071907101385
2402,6525,0.20003817522427944
2402,6549,0.19072076699195342
2402,6649,0.1630461922596754
2402,77182,0.20335921979411234
2402,7939,0.09294373640037301
2402,20977,0.1394272490598785
2402,24212,0.10087173100871731
2402,24213,0.10625774473358117
2402,24214,0.1696923852748361
2402,6651,0.19929275069461985
2402,74008,0.18312052320149486
2402,8889,0.1864585160498158
2402,8895,0.20359399684044233
2402,8915,0.17891120507399577
2402,8916,0.15278858625162128
2402,8917,0.1031021897810219
2402,8919,0.19245589129993915
2402,8921,0.19408093416549224
2402,8922,0.17715148465022648
2402,8923,0.17496774193548387
2402,8925,0.17702596380802518
2402,8926,0.19902800277713492
2402,8927,0.20056364490371067
2402,30165,0.1778568798330674
2402,64417,0.1764439411098528
2402,64482,0.18201943180420613
2402,64718,0.1656011548772943
2402,64869,0.16704467015087268
2402,65089,0.16814770932069512
2402,65212,0.1686723023371457
2402,65346,0.19003071767662663
2402,65648,0.18548494095794082
2402,66437,0.17167059832725712
2402,66673,0.17382639503985828
2402,66904,0.19164720428630305
2402,66952,0.18372184907151323
2402,2187,0.17476184875926143
2402,2313,0.18816583237068413
2402,2314,0.18216899534264805
2402,46580,0.2088668068029811
2403,2404,0.29981705085986093
2403,2405,0.3163464959089292
2403,2406,0.09993127147766323
2403,2407,0.22627108211252
2403,2408,0.2422918184025249
2403,2409,0.34971036258313665
2403,2410,0.3472855366763365
2403,2411,0.35408326661329065
2403,2420,0.2290258449304175
2403,312160,0.15519431038862078
2403,34059,0.033093141179610354
2403,46021,0.24750185812205797
2403,48148,0.22461712989222915
2403,48919,0.24640250260688218
2403,49024,0.16751330430575714
2403,49593,0.17946927374301677
2403,5325,0.12201626883584478
2403,5326,0.1361686017163049
2403,5653,0.13687621516526247
2403,7875,0.12201274561869357
2403,9260,0.06289919466814774
2403,24249,0.20768421052631578
2403,3498,0.17516145057128663
2403,39792,0.012695725772323318
2403,45600,0.1736847983916006
2403,5607,0.1861548495294885
2403,6079,0.16185507246376812
2403,17622,0.20486815415821502
2403,2499,0.23341639966773467
2403,41051,0.2569853639992397
2403,41818,0.2410194661850291
2403,41907,0.2571185720356991
2403,42311,0.19526907155529272
2403,42338,0.2416876222408494
2403,46135,0.09670646896732712
2403,47818,0.2455112455112455
2403,49908,0.2440888249572957
2403,55321,0.2598808879263671
2403,60437,0.2800553537450268
2403,61266,0.2738939899833055
2403,64449,0.2401840490797546
2403,64466,0.2548838165741312
2403,64513,0.2285981308411215
2403,64522,0.2332046332046332
2403,64525,0.20498126515318493
2403,75802,0.25764040052242054
2403,79173,0.2628281117696867
2403,22492,0.2127912672311245
2403,22659,0.06487232574189096
2403,22761,0.08995045102274171
2403,24746,0.21070566519948886
2403,28280,0.20734797297297297
2403,38638,0.20395875147069
2403,16304,0.15424987199180748
2403,21593,0.09948144104803494
2403,21989,0.1896678065461651
2403,22367,0.2033627884143348
2403,23532,0.11942675159235669
2403,25791,0.1570323764582514
2403,30570,0.009483368719037509
2403,30655,0.08816326530612245
2403,30753,0.02871952927991034
2403,38395,0.11278394083465398
2403,69327,0.27754108338405353
2403,30821,0.07754597858907494
2403,36076,0.1950341849586182
2403,38295,0.16025396825396826
2403,38754,0.10237068965517242
2403,38755,0.06504841129142233
2403,41197,0.20382716049382715
2403,46873,0.1551683262209578
2403,49543,0.21957419764855418
2403,55925,0.2366087920206871
2403,56182,0.22777723209900796
2403,6342,0.24629396376320123
2403,6343,0.24692535036705118
2403,10055,0.22043080939947782
2403,6820,0.020267417311752287
2403,6822,0.13194090677534387
2403,6831,0.10719978746014877
2403,6889,0.18242734527932541
2403,9108,0.1926124744376278
2403,9110,0.13363383269256265
2403,9157,0.22637223974763407
2403,9158,0.11934640522875817
2403,9159,0.11761517615176152
2403,9160,0.10915968657119697
2403,9186,0.22044231918708906
2403,9187,0.19045305477954574
2403,9325,0.1925283692464618
2403,9326,0.09180732811856732
2403,9369,0.19380987472365513
2403,9375,0.12027171017581247
2403,9950,0.16214010956987993
2403,31218,0.20458694659972615
2403,33328,0.08861439312567132
2403,33329,0.11895760194436943
2403,35264,0.2584279710274524
2403,38126,0.26023160468963535
2403,43335,0.12432503621756881
2403,44174,0.2613725319648604
2403,45123,0.2710301912883153
2403,45635,0.15552436846134218
2403,46157,0.16703353619059952
2403,46987,0.25242623272228215
2403,2188,0.2681345915546659
2403,24043,0.07183234523645388
2403,24288,0.16446637877853176
2403,27822,0.23297255930906308
2403,31199,0.16156639004149378
2403,33863,0.14900947459086994
2403,33864,0.16437043249071523
2403,34521,0.16536796536796536
2403,38402,0.24180522565320664
2403,40117,0.07227422907488987
2403,45579,0.22486986697513014
2403,312161,0.15519431038862078
2403,47804,0.20848185723425647
2403,6383,0.2115805226200069
2403,6496,0.20734569349917858
2403,6498,0.2192005242463958
2403,6499,0.21598407876819944
2403,6503,0.13965449030726626
2403,6504,0.19064610679240473
2403,6505,0.20043155118676576
2403,6518,0.15815950920245397
2403,6525,0.21406941532727697
2403,6549,0.23450194769059543
2403,6649,0.13002698188359244
2403,77182,0.20455052420254294
2403,7939,0.05544062887877534
2403,20977,0.09564509564509564
2403,24212,0.0630368523136603
2403,24213,0.06434686550676609
2403,24214,0.13311814073595868
2403,6651,0.15254896873783888
2403,74008,0.20817461134561926
2403,8889,0.18027284538761368
2403,8895,0.1989688305601125
2403,8915,0.12216131558339859
2403,8916,0.11542961133497985
2403,8917,0.06283367556468172
2403,8919,0.18180745634733364
2403,8921,0.1928909952606635
2403,8922,0.14361702127659576
2403,8923,0.12696148359486448
2403,8925,0.12966601178781925
2403,8926,0.17030896759608138
2403,8927,0.16942723479580224
2403,30165,0.2572553327840337
2403,64417,0.2697788268205263
2403,64482,0.24687103210593145
2403,64718,0.2712827268236456
2403,64869,0.25962145110410095
2403,65089,0.2674021747757759
2403,65212,0.2792270531400966
2403,65346,0.24081152602175832
2403,65648,0.2770613520906604
2403,66437,0.27133091400118153
2403,66673,0.27038441647991723
2403,66904,0.25107421875
2403,66952,0.26664736537348005
2403,2187,0.22760059094464238
2403,2313,0.2984973339796413
2403,2314,0.2880601444257592
2403,46580,0.21099537037037036
2404,2405,0.314101199347101
2404,2406,0.06935572184705238
2404,2407,0.17027466415675538
2404,2408,0.18220338983050846
2404,2409,0.2721879634688939
2404,2410,0.2804411088987594
2404,2411,0.28567168629789774
2404,2420,0.15591350004449586
2404,312160,0.11195972921367818
2404,34059,0.024774170467757803
2404,46021,0.21385270217980137
2404,48148,0.1757413709285367
2404,48919,0.19811897843706988
2404,49024,0.1270443432810656
2404,49593,0.14443893571310526
2404,5325,0.08838043965903992
2404,5326,0.10792682926829268
2404,5653,0.10260485651214128
2404,7875,0.08876957494407159
2404,9260,0.04359397944199706
2404,24249,0.18137979310881233
2404,3498,0.15758117366696456
2404,39792,0.008142870361802536
2404,45600,0.14258173347256808
2404,5607,0.17244083262047333
2404,6079,0.13829963539940338
2404,17622,0.16456514710636921
2404,2499,0.1753436068304873
2404,41051,0.22236652236652238
2404,41818,0.20623968801559922
2404,41907,0.21024363664668794
2404,42311,0.1546236738785398
2404,42338,0.21528371827773024
2404,46135,0.0725770631607
2404,47818,0.21422924901185772
2404,49908,0.21852006108565875
2404,55321,0.22474712484411805
2404,60437,0.2435191403626595
2404,61266,0.21361073007163542
2404,64449,0.19512747020666768
2404,64466,0.20240163129672986
2404,64513,0.21126355865239566
2404,64522,0.1882728360590347
2404,64525,0.16593712693991244
2404,75802,0.22644695076652935
2404,79173,0.2354111405835544
2404,22492,0.22550218340611353
2404,22659,0.044785668586052464
2404,22761,0.07323673184357542
2404,24746,0.21739640114881895
2404,28280,0.21478463329452852
2404,38638,0.20867922367893743
2404,16304,0.11156700130947185
2404,21593,0.06891229344470674
2404,21989,0.14197216564833673
2404,22367,0.1518016866854076
2404,23532,0.08996322540138128
2404,25791,0.11216527753147722
2404,30570,0.006868386857248932
2404,30655,0.06191641736923217
2404,30753,0.02029707537595719
2404,38395,0.08178902352102638
2404,69327,0.21725501903127098
2404,30821,0.053077203204661326
2404,36076,0.14487780381653834
2404,38295,0.11629320826819524
2404,38754,0.07294202506536832
2404,38755,0.04905797760990261
2404,41197,0.15368799794397328
2404,46873,0.11478260869565217
2404,49543,0.166156202143951
2404,55925,0.19806695615632441
2404,56182,0.1796028224339856
2404,6342,0.19781807672856008
2404,6343,0.19810243972035954
2404,10055,0.20948680589282823
2404,6820,0.013588463671658347
2404,6822,0.0990582490408092
2404,6831,0.07781057150523209
2404,6889,0.17057440781146405
2404,9108,0.13393012341387103
2404,9110,0.0945837423039172
2404,9157,0.15331788136320715
2404,9158,0.09214622431735302
2404,9159,0.07968594892157747
2404,9160,0.07693696947805671
2404,9186,0.16624790619765495
2404,9187,0.13952116000674422
2404,9325,0.13544743701129452
2404,9326,0.062443109411978885
2404,9369,0.1459275053304904
2404,9375,0.08674612420467784
2404,9950,0.12660520250246954
2404,31218,0.1688641388911637
2404,33328,0.06570527264533574
2404,33329,0.08135135135135135
2404,35264,0.22068208330474165
2404,38126,0.23744318843957582
2404,43335,0.08857498223169864
2404,44174,0.2388140894872841
2404,45123,0.2516834496818435
2404,45635,0.11847635726795096
2404,46157,0.1193281744635948
2404,46987,0.20767428236672525
2404,2188,0.2261364455010446
2404,24043,0.05104281009879254
2404,24288,0.1295835122370116
2404,27822,0.1831452694705279
2404,31199,0.11341474128085742
2404,33863,0.11773268259268772
2404,33864,0.1298461020940207
2404,34521,0.12791895604395603
2404,38402,0.18912569223023998
2404,40117,0.05078089323225865
2404,45579,0.17331036745406825
2404,312161,0.11195972921367818
2404,47804,0.18679932735426008
2404,6383,0.15969055374592833
2404,6496,0.1520111869704697
2404,6498,0.17536930247254917
2404,6499,0.1811175337186898
2404,6503,0.0975133214920071
2404,6504,0.13497305753519903
2404,6505,0.14856951647983938
2404,6518,0.12609142270159218
2404,6525,0.16580097287492787
2404,6549,0.17691940867906533
2404,6649,0.09813043096638287
2404,77182,0.16100135967367832
2404,7939,0.039784159502469364
2404,20977,0.06743912374400289
2404,24212,0.04218521229868229
2404,24213,0.0440504478157558
2404,24214,0.09877737707801917
2404,6651,0.1127693394560226
2404,74008,0.17865588526966206
2404,8889,0.14661123313460936
2404,8895,0.15818317694926512
2404,8915,0.0936056838365897
2404,8916,0.08621146541824927
2404,8917,0.04449094713856792
2404,8919,0.14222739748814772
2404,8921,0.1490496832277426
2404,8922,0.10308098591549296
2404,8923,0.09603321848219808
2404,8925,0.09396330112578673
2404,8926,0.12789892696434751
2404,8927,0.12514102230321963
2404,30165,0.22958212951870904
2404,64417,0.24113764713887187
2404,64482,0.22254112705635282
2404,64718,0.2473629378825368
2404,64869,0.24222348413149095
2404,65089,0.24874706591384887
2404,65212,0.25997814769586736
2404,65346,0.20945347119645494
2404,65648,0.23232768112750496
2404,66437,0.2516662223407091
2404,66673,0.2500846711373027
2404,66904,0.2157569515962925
2404,66952,0.22337643469417406
2404,2187,0.20350758853288364
2404,2313,0.24210526315789474
2404,2314,0.232837360047142
2404,46580,0.16088095627967905
2405,2406,0.09012822108801195
2405,2407,0.20053775487340353
2405,2408,0.2114430603020615
2405,2409,0.2915940344760798
2405,2410,0.30516031113640674
2405,2411,0.3038517707192406
2405,2420,0.19466285441982367
2405,312160,0.14479953515398025
2405,34059,0.031064191238927313
2405,46021,0.2375936329588015
2405,48148,0.20601440952281508
2405,48919,0.22711471610660486
2405,49024,0.15721592172559484
2405,49593,0.17237295434969854
2405,5325,0.11098994305101176
2405,5326,0.12887552059231838
2405,5653,0.1250738159914964
2405,7875,0.11156725428640425
2405,9260,0.056134622629662186
2405,24249,0.19823615874571288
2405,3498,0.16487687465284206
2405,39792,0.010829405019747738
2405,45600,0.1638937687299783
2405,5607,0.17894920884692717
2405,6079,0.15387086411821393
2405,17622,0.18523503831020915
2405,2499,0.19972021952006888
2405,41051,0.23310989592520726
2405,41818,0.21825102116598588
2405,41907,0.23052106755303547
2405,42311,0.17340103716508212
2405,42338,0.22399860978364758
2405,46135,0.0877297684411554
2405,47818,0.21649934526407683
2405,49908,0.22486150747020311
2405,55321,0.23849196330892872
2405,60437,0.2483948635634029
2405,61266,0.23879598662207357
2405,64449,0.22088505638207145
2405,64466,0.21735863235017847
2405,64513,0.21109949468548528
2405,64522,0.20266048574019954
2405,64525,0.18225953271973297
2405,75802,0.23589201496178241
2405,79173,0.23504374556632773
2405,22492,0.2073292837594286
2405,22659,0.059279639819909954
2405,22761,0.08371066991756647
2405,24746,0.20363611786969452
2405,28280,0.2025112468945142
2405,38638,0.19753249323744804
2405,16304,0.13588283157038242
2405,21593,0.08655980271270038
2405,21989,0.1690799732679884
2405,22367,0.1768639251086593
2405,23532,0.1082840950198963
2405,25791,0.13786961168507303
2405,30570,0.008438818565400843
2405,30655,0.07995064774830352
2405,30753,0.026102382159148504
2405,38395,0.10216086434573829
2405,69327,0.23636195239418356
2405,30821,0.06933399602385686
2405,36076,0.18013653380312705
2405,38295,0.1445100080990397
2405,38754,0.09519725557461406
2405,38755,0.06081248451820659
2405,41197,0.18778971170152628
2405,46873,0.13734835355285963
2405,49543,0.197793615151811
2405,55925,0.22013283878202364
2405,56182,0.21039174504611452
2405,6342,0.2203602473339905
2405,6343,0.22219277321318137
2405,10055,0.21719541956072835
2405,6820,0.0183206106870229
2405,6822,0.12023698884758365
2405,6831,0.09597299252471667
2405,6889,0.18340642749299016
2405,9108,0.16668594563331404
2405,9110,0.12066473988439307
2405,9157,0.19063317039899966
2405,9158,0.11286277319957004
2405,9159,0.10236316885025101
2405,9160,0.09973012757605496
2405,9186,0.19890650628758885
2405,9187,0.17314958879751055
2405,9325,0.16814977464463193
2405,9326,0.08251522306449609
2405,9369,0.17551341039165078
2405,9375,0.1066038874803815
2405,9950,0.15620957309184993
2405,31218,0.18537147647490307
2405,33328,0.08270217444417298
2405,33329,0.10187667560321716
2405,35264,0.23607869289763253
2405,38126,0.2309557486360881
2405,43335,0.10896288339897363
2405,44174,0.23568478172835505
2405,45123,0.2446043165467626
2405,45635,0.13683234851118062
2405,46157,0.14567206192821958
2405,46987,0.21824074907715854
2405,2188,0.24064595834804095
2405,24043,0.06346633416458852
2405,24288,0.1469562281984922
2405,27822,0.20498698177448427
2405,31199,0.14243707362973418
2405,33863,0.13493759136399416
2405,33864,0.14985179492809308
2405,34521,0.1509839402850034
2405,38402,0.21713169037020955
2405,40117,0.06507105459985041
2405,45579,0.20399066015707917
2405,312161,0.14479953515398025
2405,47804,0.19635367628177694
2405,6383,0.18487394957983194
2405,6496,0.1794105083297736
2405,6498,0.19610598153352068
2405,6499,0.19899146625290923
2405,6503,0.1255240148520781
2405,6504,0.16807403123192596
2405,6505,0.17951807228915662
2405,6518,0.15421195652173914
2405,6525,0.19408246101260415
2405,6549,0.20115583493865963
2405,6649,0.11813604964289896
2405,77182,0.17908163265306123
2405,7939,0.05231539424280351
2405,20977,0.08183265956143575
2405,24212,0.05271046714963777
2405,24213,0.05827185194447918
2405,24214,0.11892463019488143
2405,6651,0.13132261471658255
2405,74008,0.1856844503512436
2405,8889,0.1607249551882095
2405,8895,0.17659027629042623
2405,8915,0.11028015194681862
2405,8916,0.10237336167198016
2405,8917,0.05524588133283785
2405,8919,0.1635342406567293
2405,8921,0.1642641996557659
2405,8922,0.12244897959183673
2405,8923,0.1111764705882353
2405,8925,0.11308888097780942
2405,8926,0.1479202279202279
2405,8927,0.14856486796785304
2405,30165,0.2358611276976883
2405,64417,0.2410656270305393
2405,64482,0.2207912457912458
2405,64718,0.25046324891908583
2405,64869,0.23601566541047808
2405,65089,0.24260662802793878
2405,65212,0.2592116213966861
2405,65346,0.2223234624145786
2405,65648,0.24545127004143397
2405,66437,0.2498222327565774
2405,66673,0.2482075243696125
2405,66904,0.22647138595063737
2405,66952,0.24116963247786818
2405,2187,0.2084619132694494
2405,2313,0.26398070394854384
2405,2314,0.25716371600657056
2405,46580,0.18998620982284925
2406,2407,0.18985419198055892
2406,2408,0.1746565741519484
2406,2409,0.12163321324412421
2406,2410,0.10880994105464394
2406,2411,0.10936573799644339
2406,2420,0.19107340464773145
2406,312160,0.15387523629489602
2406,34059,0.09336767546683837
2406,46021,0.08061054137848796
2406,48148,0.13823670340201247
2406,48919,0.12253039513677812
2406,49024,0.15747273893521488
2406,49593,0.1491992132621523
2406,5325,0.1738484398216939
2406,5326,0.16084739113377794
2406,5653,0.20931263858093127
2406,7875,0.17414634146341462
2406,9260,0.15732758620689655
2406,24249,0.11822863027806385
2406,3498,0.10698564593301435
2406,39792,0.039377289377289376
2406,45600,0.12613521695257315
2406,5607,0.0933616742969261
2406,6079,0.1353125892092492
2406,17622,0.14313821938022628
2406,2499,0.15048928854800317
2406,41051,0.1037344398340249
2406,41818,0.11025280898876405
2406,41907,0.12870514820592824
2406,42311,0.13463687150837989
2406,42338,0.09974347366832655
2406,46135,0.15469061876247506
2406,47818,0.09919901417128774
2406,49908,0.09312762973352033
2406,55321,0.09865408630498126
2406,60437,0.08891928864569083
2406,61266,0.12254187909686817
2406,64449,0.11080686381891201
2406,64466,0.11794592632915986
2406,64513,0.09463625154130703
2406,64522,0.13330390642242332
2406,64525,0.12985212569316082
2406,75802,0.08850589607360373
2406,79173,0.08714303223434244
2406,22492,0.05930930930930931
2406,22659,0.1073558648111332
2406,22761,0.08565310492505353
2406,24746,0.058450298019611616
2406,28280,0.059204881304223474
2406,38638,0.05737704918032787
2406,16304,0.1704724409448819
2406,21593,0.18971631205673758
2406,21989,0.1553125
2406,22367,0.16008636644046884
2406,23532,0.1865079365079365
2406,25791,0.17574989438107308
2406,30570,0.039159503342884434
2406,30655,0.15484633569739953
2406,30753,0.08793969849246232
2406,38395,0.16936671575846834
2406,69327,0.10941734417344173
2406,30821,0.15022278803309994
2406,36076,0.13594202898550725
2406,38295,0.14810690423162584
2406,38754,0.14499732477260568
2406,38755,0.11842938568714376
2406,41197,0.14555006180469715
2406,46873,0.11041104110411042
2406,49543,0.10171198388721048
2406,55925,0.08332104409379147
2406,56182,0.09090909090909091
2406,6342,0.09226333493512734
2406,6343,0.08985282726568551
2406,10055,0.06007037533512064
2406,6820,0.08754512635379061
2406,6822,0.17423616845582163
2406,6831,0.16
2406,6889,0.06539479488310543
2406,9108,0.18194893923049263
2406,9110,0.2047092743873138
2406,9157,0.18205210678674816
2406,9158,0.18541176470588236
2406,9159,0.19782608695652174
2406,9160,0.17398373983739837
2406,9186,0.17125984251968504
2406,9187,0.17885158456228428
2406,9325,0.18136379864334165
2406,9326,0.18757763975155278
2406,9369,0.176696542893726
2406,9375,0.18646616541353384
2406,9950,0.12107367218732153
2406,31218,0.14166455856311663
2406,33328,0.1628169014084507
2406,33329,0.19626666666666667
2406,35264,0.09536152796725784
2406,38126,0.06911970190964135
2406,43335,0.17594339622641508
2406,44174,0.08714652956298201
2406,45123,0.07768883415435139
2406,45635,0.18342498036135113
2406,46157,0.18522954091816368
2406,46987,0.10669077757685352
2406,2188,0.09983335858203303
2406,24043,0.15796519410977242
2406,24288,0.1599453178400547
2406,27822,0.1287470347207246
2406,31199,0.19133278822567457
2406,33863,0.14375
2406,33864,0.13918164910105393
2406,34521,0.15724563206577596
2406,38402,0.14985665884805838
2406,40117,0.1487820934825543
2406,45579,0.12863173578346163
2406,312161,0.15387523629489602
2406,47804,0.09872952701668453
2406,6383,0.1358681875792142
2406,6496,0.1454398273070696
2406,6498,0.1362930077691454
2406,6499,0.12629022465088038
2406,6503,0.20893438808748255
2406,6504,0.1965904969169387
2406,6505,0.1655901350557839
2406,6518,0.15949453551912568
2406,6525,0.1596505162827641
2406,6549,0.1420814479638009
2406,6649,0.16716164616037335
2406,77182,0.12808349146110057
2406,7939,0.1338971106412967
2406,20977,0.1820826061663758
2406,24212,0.16607015032211883
2406,24213,0.16201117318435754
2406,24214,0.19353429445172565
2406,6651,0.18079800498753118
2406,74008,0.1169774288518155
2406,8889,0.11757938334100322
2406,8895,0.14551422319474835
2406,8915,0.1764163979732842
2406,8916,0.1573905109489051
2406,8917,0.15281501340482573
2406,8919,0.15628637951105936
2406,8921,0.14578587699316628
2406,8922,0.18065615679590968
2406,8923,0.17235268054940187
2406,8925,0.17052154195011338
2406,8926,0.17263610315186245
2406,8927,0.16333938294010888
2406,30165,0.09874249785653044
2406,64417,0.09192738509076864
2406,64482,0.09931506849315068
2406,64718,0.08686097617395327
2406,64869,0.07678958785249458
2406,65089,0.07822685788787484
2406,65212,0.07879452054794521
2406,65346,0.10857908847184987
2406,65648,0.10712035286704474
2406,66437,0.08283313325330131
2406,66673,0.08633183408295853
2406,66904,0.10283572359843546
2406,66952,0.10554254488680719
2406,2187,0.08819173286656792
2406,2313,0.1001347103726987
2406,2314,0.10535487959442331
2406,46580,0.13220599538816294
2407,2408,0.31501283147989734
2407,2409,0.24992644895557517
2407,2410,0.2291896361631753
2407,2411,0.2239212129065699
2407,2420,0.2589177384130065
2407,312160,0.1846335697399527
2407,34059,0.05938586326767092
2407,46021,0.17082757888027197
2407,48148,0.23006416131989002
2407,48919,0.22995153978427388
2407,49024,0.2162516382699869
2407,49593,0.20883293365307753
2407,5325,0.17317073170731706
2407,5326,0.1887841430988639
2407,5653,0.22094841063053675
2407,7875,0.17334049986562752
2407,9260,0.11702127659574468
2407,24249,0.2054168706151085
2407,3498,0.18141592920353983
2407,39792,0.021796565389696168
2407,45600,0.19475446428571427
2407,5607,0.17440912795436023
2407,6079,0.19798183652875884
2407,17622,0.23058297634568822
2407,2499,0.23851590106007067
2407,41051,0.20466526093832366
2407,41818,0.21522887323943662
2407,41907,0.2332059853549825
2407,42311,0.2107379851196461
2407,42338,0.20294002861974764
2407,46135,0.14865591397849462
2407,47818,0.20703384207033843
2407,49908,0.19186117560796773
2407,55321,0.20143534849774966
2407,60437,0.19280863853946342
2407,61266,0.2337129840546697
2407,64449,0.20817062180835086
2407,64466,0.2201352366641623
2407,64513,0.19051373012744713
2407,64522,0.23159722222222223
2407,64525,0.21028450256229017
2407,75802,0.19055281002183658
2407,79173,0.18882423976287188
2407,22492,0.13309383286288598
2407,22659,0.09271523178807947
2407,22761,0.1154132539091586
2407,24746,0.13266375545851528
2407,28280,0.13722589627567003
2407,38638,0.12919918561248728
2407,16304,0.19766877124817872
2407,21593,0.1519721577726218
2407,21989,0.21243301178992496
2407,22367,0.21443736730360935
2407,23532,0.18201575658788371
2407,25791,0.18966382338183643
2407,30570,0.018722835172183216
2407,30655,0.13387423935091278
2407,30753,0.051985792702615434
2407,38395,0.16131621187800962
2407,69327,0.20387662705149973
2407,30821,0.11717591219222782
2407,36076,0.19398740605321957
2407,38295,0.18703007518796994
2407,38754,0.14019471488178026
2407,38755,0.10011813349084465
2407,41197,0.21353608909830799
2407,46873,0.1558096793955483
2407,49543,0.1666143216080402
2407,55925,0.1654559118236473
2407,56182,0.16390041493775934
2407,6342,0.1714933938342453
2407,6343,0.17231491136600627
2407,10055,0.14174089701515863
2407,6820,0.04181758314125782
2407,6822,0.19715852442671983
2407,6831,0.1631089217296114
2407,6889,0.1353199804592086
2407,9108,0.24283345178867566
2407,9110,0.20247711362412493
2407,9157,0.258431985704713
2407,9158,0.18215417106652587
2407,9159,0.18099290780141844
2407,9160,0.15578593443541608
2407,9186,0.24572823433685922
2407,9187,0.2332254584681769
2407,9325,0.2471590909090909
2407,9326,0.1405421331761933
2407,9369,0.2390061565523307
2407,9375,0.1848808545603944
2407,9950,0.17888621794871795
2407,31218,0.2297168915067452
2407,33328,0.13901472253680633
2407,33329,0.17703081232492998
2407,35264,0.19788918205804748
2407,38126,0.1574776016540317
2407,43335,0.17374110203005536
2407,44174,0.1921492332341497
2407,45123,0.1809307174675386
2407,45635,0.21209166260360798
2407,46157,0.2072513473787359
2407,46987,0.2007460624481901
2407,2188,0.205413179916318
2407,24043,0.12161751292186075
2407,24288,0.20238095238095238
2407,27822,0.220186598812553
2407,31199,0.2133964143426295
2407,33863,0.18230925050641458
2407,33864,0.19567062818336162
2407,34521,0.206374321880651
2407,38402,0.25388703011218267
2407,40117,0.12140478353012413
2407,45579,0.20937151357381925
2407,312161,0.1846335697399527
2407,47804,0.1895586512172894
2407,6383,0.21647147714393652
2407,6496,0.21504112808460635
2407,6498,0.23052851182197495
2407,6499,0.2194489465153971
2407,6503,0.20459952418715305
2407,6504,0.22879177377892032
2407,6505,0.23443681032687905
2407,6518,0.20071764969724154
2407,6525,0.23350846468184472
2407,6549,0.22286212914485165
2407,6649,0.1807470543995989
2407,77182,0.20491656199533465
2407,7939,0.09246785058175137
2407,20977,0.15781839280533796
2407,24212,0.1108359133126935
2407,24213,0.11169070266953053
2407,24214,0.19455054749172396
2407,6651,0.20330910002506894
2407,74008,0.20018826482585503
2407,8889,0.1916083916083916
2407,8895,0.21940091251735766
2407,8915,0.18079539508110937
2407,8916,0.16658017644006226
2407,8917,0.10746538229981939
2407,8919,0.2150757886112249
2407,8921,0.2160569105691057
2407,8922,0.19989852866565194
2407,8923,0.1859387071851661
2407,8925,0.18599791013584116
2407,8926,0.21867722403353518
2407,8927,0.21706339853876974
2407,30165,0.20554791953017618
2407,64417,0.19519175729822552
2407,64482,0.20216471759144067
2407,64718,0.18600522193211488
2407,64869,0.17356106229637674
2407,65089,0.17432552623777053
2407,65212,0.1808904452226113
2407,65346,0.20503091624508152
2407,65648,0.21085960657504715
2407,66437,0.18371967654986524
2407,66673,0.18826678563461968
2407,66904,0.20159735610024787
2407,66952,0.20549406587545005
2407,2187,0.18254622541514545
2407,2313,0.2162268095113666
2407,2314,0.22193354300560644
2407,46580,0.21926973809978972
2408,2409,0.25770830345618817
2408,2410,0.24165878697825205
2408,2411,0.2404901710492724
2408,2420,0.25626869105129974
2408,312160,0.18104604380867234
2408,34059,0.06015646074993256
2408,46021,0.1806397658373406
2408,48148,0.26229211858279106
2408,48919,0.24138456846599574
2408,49024,0.21814389989572472
2408,49593,0.2155354739473178
2408,5325,0.18638824439288476
2408,5326,0.19525673497582316
2408,5653,0.20539620807000486
2408,7875,0.1864450127877238
2408,9260,0.11812627291242363
2408,24249,0.21893396976929197
2408,3498,0.2036036036036036
2408,39792,0.023715415019762844
2408,45600,0.20844612885760694
2408,5607,0.1884077281812125
2408,6079,0.20516304347826086
2408,17622,0.23496679231735776
2408,2499,0.2633397312859885
2408,41051,0.21690796277145813
2408,41818,0.23178807947019867
2408,41907,0.2515605493133583
2408,42311,0.2278579789309403
2408,42338,0.21941847060330472
2408,46135,0.155860666158149
2408,47818,0.21741390513320338
2408,49908,0.20678863745787193
2408,55321,0.2117956064947469
2408,60437,0.20324134910205868
2408,61266,0.25272266149485306
2408,64449,0.21027357392316648
2408,64466,0.2393679858239811
2408,64513,0.2085976951961673
2408,64522,0.25246514790887453
2408,64525,0.22434244455905106
2408,75802,0.2035318089200815
2408,79173,0.2072640278381905
2408,22492,0.1460540815461558
2408,22659,0.09052808046940486
2408,22761,0.11041229909154437
2408,24746,0.1460965899255669
2408,28280,0.1452360515021459
2408,38638,0.13778373398107044
2408,16304,0.19848031314759382
2408,21593,0.15478781284004353
2408,21989,0.2222222222222222
2408,22367,0.22606382978723405
2408,23532,0.18140010219724068
2408,25791,0.19661178716296826
2408,30570,0.020910209102091022
2408,30655,0.13503253796095444
2408,30753,0.05089285714285714
2408,38395,0.15842329902083857
2408,69327,0.2166805209199224
2408,30821,0.11328555678059538
2408,36076,0.19460089337735484
2408,38295,0.1783580438150033
2408,38754,0.1376528753577934
2408,38755,0.09324582991523106
2408,41197,0.2120408163265306
2408,46873,0.15607950116913483
2408,49543,0.1712287104622871
2408,55925,0.1689040761532829
2408,56182,0.1694709920581505
2408,6342,0.17180217503884
2408,6343,0.17066700353713998
2408,10055,0.1495096146420573
2408,6820,0.03774154589371981
2408,6822,0.1904315196998124
2408,6831,0.1681301652892562
2408,6889,0.14169146587309206
2408,9108,0.254033174278573
2408,9110,0.1967171717171717
2408,9157,0.2727860374919198
2408,9158,0.1868598551086685
2408,9159,0.18261796854172221
2408,9160,0.15281782437745742
2408,9186,0.2540678298372868
2408,9187,0.24304690743046908
2408,9325,0.24126344086021506
2408,9326,0.13814886020324088
2408,9369,0.23314548111041536
2408,9375,0.17953321364452424
2408,9950,0.17743785850860422
2408,31218,0.243547197640118
2408,33328,0.13500660501981507
2408,33329,0.1748490417432397
2408,35264,0.21030903514979948
2408,38126,0.17522503214744964
2408,43335,0.17071357779980179
2408,44174,0.2114687216681777
2408,45123,0.1943532501641497
2408,45635,0.22375174988334112
2408,46157,0.2206054916686224
2408,46987,0.22660098522167488
2408,2188,0.21895466803647104
2408,24043,0.1246097076355379
2408,24288,0.2188041594454073
2408,27822,0.24164310660236155
2408,31199,0.21943127962085307
2408,33863,0.19791892477780187
2408,33864,0.20748160261651677
2408,34521,0.2254259501965924
2408,38402,0.26480106605749093
2408,40117,0.11870604781997188
2408,45579,0.21669658886894075
2408,312161,0.18104604380867234
2408,47804,0.20625560825535189
2408,6383,0.23947562776957165
2408,6496,0.23724928366762177
2408,6498,0.24361360175943156
2408,6499,0.23253240594372432
2408,6503,0.20418848167539266
2408,6504,0.23349687778768957
2408,6505,0.2406481296259252
2408,6518,0.2088077336197637
2408,6525,0.24239007891770012
2408,6549,0.24636192432802603
2408,6649,0.19525065963060687
2408,77182,0.2246757798808272
2408,7939,0.09868421052631579
2408,20977,0.15555555555555556
2408,24212,0.10820895522388059
2408,24213,0.10902362653003131
2408,24214,0.19240932020177756
2408,6651,0.21045096635647817
2408,74008,0.2166769041769042
2408,8889,0.20869565217391303
2408,8895,0.22682973437798587
2408,8915,0.1893638170974155
2408,8916,0.1645909645909646
2408,8917,0.10731297282151864
2408,8919,0.21476115896632733
2408,8921,0.22546523016650344
2408,8922,0.20004797313504438
2408,8923,0.19500244977951983
2408,8925,0.19845617529880477
2408,8926,0.23039106145251398
2408,8927,0.21878502577897332
2408,30165,0.2183470465430431
2408,64417,0.21780152324656132
2408,64482,0.21571026550838127
2408,64718,0.1996080049515164
2408,64869,0.18403115871470302
2408,65089,0.1885021509581541
2408,65212,0.19446092977250248
2408,65346,0.22429777224297773
2408,65648,0.22730284956925115
2408,66437,0.19460664614077927
2408,66673,0.20328157691884155
2408,66904,0.21706789288612388
2408,66952,0.22153725078698847
2408,2187,0.20532897043356316
2408,2313,0.2276745675848815
2408,2314,0.22411272098896717
2408,46580,0.22599078341013826
2409,2410,0.3486034825289237
2409,2411,0.3519327731092437
2409,2420,0.2504403522818255
2409,312160,0.1730710113741162
2409,34059,0.04026512013256007
2409,46021,0.23849296413980936
2409,48148,0.2344225426643736
2409,48919,0.2497319194566901
2409,49024,0.1838947520601417
2409,49593,0.19322873658133774
2409,5325,0.13859764089121887
2409,5326,0.15646571560055222
2409,5653,0.15928922735205459
2409,7875,0.1390609716335181
2409,9260,0.07408049965301873
2409,24249,0.22001462701121405
2409,3498,0.18608377203021287
2409,39792,0.015097690941385435
2409,45600,0.1878119254005779
2409,5607,0.19543766578249336
2409,6079,0.18125345113197128
2409,17622,0.2219279661016949
2409,2499,0.24338624338624337
2409,41051,0.25501493811352965
2409,41818,0.24318777790445786
2409,41907,0.2660886555134937
2409,42311,0.20597264861847614
2409,42338,0.2405142677955472
2409,46135,0.1076478149100257
2409,47818,0.24347272341328804
2409,49908,0.2374
2409,55321,0.2607686875819631
2409,60437,0.268524683724912
2409,61266,0.27582521966278795
2409,64449,0.2425725270884306
2409,64466,0.25376444496323103
2409,64513,0.23227848101265822
2409,64522,0.23915816326530612
2409,64525,0.21628564089391214
2409,75802,0.2498796340876264
2409,79173,0.2565396113602392
2409,22492,0.19867049403233117
2409,22659,0.07571846498020994
2409,22761,0.0995209395765724
2409,24746,0.19895408751826502
2409,28280,0.19579300358204405
2409,38638,0.19073243647234678
2409,16304,0.17446742341781993
2409,21593,0.1150008455944529
2409,21989,0.19852302345786274
2409,22367,0.21890983486774807
2409,23532,0.1377284595300261
2409,25791,0.17432216905901116
2409,30570,0.01160092807424594
2409,30655,0.09907485281749369
2409,30753,0.03176553176553176
2409,38395,0.12653721682847896
2409,69327,0.26982316029663433
2409,30821,0.0912352639671963
2409,36076,0.2043361201643758
2409,38295,0.17324159021406726
2409,38754,0.11665004985044865
2409,38755,0.07870134285228625
2409,41197,0.21261340357038339
2409,46873,0.1643700787401575
2409,49543,0.21128118597083284
2409,55925,0.2219262295081967
2409,56182,0.22025652366209642
2409,6342,0.22715039293788353
2409,6343,0.2271526677231907
2409,10055,0.195324963584657
2409,6820,0.025163919900762007
2409,6822,0.15315315315315314
2409,6831,0.12069809166530746
2409,6889,0.1725813091807328
2409,9108,0.2103076923076923
2409,9110,0.1553635474404956
2409,9157,0.23393124065769805
2409,9158,0.14334031244966983
2409,9159,0.13558754603280884
2409,9160,0.12302313967038456
2409,9186,0.23360135421074904
2409,9187,0.20181634712411706
2409,9325,0.21369230769230768
2409,9326,0.10520939734422881
2409,9369,0.20984759671746775
2409,9375,0.13997374466688547
2409,9950,0.17518651561204754
2409,31218,0.2261326860841424
2409,33328,0.10237265637962502
2409,33329,0.1356524633821571
2409,35264,0.2510169659688461
2409,38126,0.24011430336731543
2409,43335,0.13860270444301354
2409,44174,0.25353331410441304
2409,45123,0.25049751243781093
2409,45635,0.1715784601141799
2409,46157,0.18415686274509804
2409,46987,0.24939253368676828
2409,2188,0.2575677110993096
2409,24043,0.08475159016675263
2409,24288,0.1769741697416974
2409,27822,0.23555331738637794
2409,31199,0.17552941176470588
2409,33863,0.16410408042578356
2409,33864,0.17325184764070495
2409,34521,0.1763488543976349
2409,38402,0.256743535988819
2409,40117,0.08267716535433071
2409,45579,0.2251611170784103
2409,312161,0.1730710113741162
2409,47804,0.20323372902169465
2409,6383,0.21885929513048158
2409,6496,0.2150626462894121
2409,6498,0.2297451502472423
2409,6499,0.21920442254536715
2409,6503,0.16450356911096692
2409,6504,0.2129002463054187
2409,6505,0.21448863636363635
2409,6518,0.17556014150943397
2409,6525,0.22924955412265058
2409,6549,0.2365784741844336
2409,6649,0.14690237797246558
2409,77182,0.2164169381107492
2409,7939,0.06780538302277432
2409,20977,0.10865191146881288
2409,24212,0.07255139056831923
2409,24213,0.07710884940486458
2409,24214,0.15476942514213518
2409,6651,0.17161351436690875
2409,74008,0.21435327500591156
2409,8889,0.19259446480475167
2409,8895,0.2167638079378296
2409,8915,0.1467609709049992
2409,8916,0.12789223454833598
2409,8917,0.07142857142857142
2409,8919,0.2009267059814659
2409,8921,0.2082572672377475
2409,8922,0.15909807631661937
2409,8923,0.1458928005074532
2409,8925,0.14741227367409068
2409,8926,0.19579780755176615
2409,8927,0.1896393643031785
2409,30165,0.24926178596884227
2409,64417,0.2596200212170894
2409,64482,0.24558912999391605
2409,64718,0.26260162601626014
2409,64869,0.24724896836313617
2409,65089,0.24873009040034438
2409,65212,0.2577607254970352
2409,65346,0.24704834038761417
2409,65648,0.2719701950471181
2409,66437,0.2585600592263557
2409,66673,0.2597267033592712
2409,66904,0.25132333480370533
2409,66952,0.2658488927485888
2409,2187,0.22598760650658403
2409,2313,0.2773019271948608
2409,2314,0.2718168812589413
2409,46580,0.22502041927579636
2410,2411,0.35297941495124596
2410,2420,0.23570034529349948
2410,312160,0.17012930408252216
2410,34059,0.03972687771570453
2410,46021,0.2321710180480112
2410,48148,0.22264009025949605
2410,48919,0.2389008743045305
2410,49024,0.17284118768727866
2410,49593,0.18756530825496343
2410,5325,0.13258565063757874
2410,5326,0.14943690441813456
2410,5653,0.1424981522542498
2410,7875,0.13356793145654836
2410,9260,0.07093117408906882
2410,24249,0.21121690664189502
2410,3498,0.1711183496199783
2410,39792,0.01287341145403532
2410,45600,0.17824246950460543
2410,5607,0.1860984271943176
2410,6079,0.1682279469164715
2410,17622,0.20294190974819248
2410,2499,0.2381835032437442
2410,41051,0.24542573852601451
2410,41818,0.23876189434540085
2410,41907,0.25640428504890544
2410,42311,0.1949901120632828
2410,42338,0.23654291176174666
2410,46135,0.10296999849238656
2410,47818,0.23454027664768104
2410,49908,0.23692605123247945
2410,55321,0.25060497531700704
2410,60437,0.26312890194638267
2410,61266,0.2652390663947428
2410,64449,0.24126735333631885
2410,64466,0.24198931909212282
2410,64513,0.23058153721024807
2410,64522,0.22932330827067668
2410,64525,0.20369919688488683
2410,75802,0.249487227298154
2410,79173,0.24356790676826534
2410,22492,0.19929323418979608
2410,22659,0.07179569547060713
2410,22761,0.09981030205749307
2410,24746,0.19877217938159766
2410,28280,0.1958732279373562
2410,38638,0.19398408410600862
2410,16304,0.16084425036390101
2410,21593,0.10611794386628824
2410,21989,0.19508174199752712
2410,22367,0.2063601321585903
2410,23532,0.13058103975535168
2410,25791,0.1662921348314607
2410,30570,0.010620643876535016
2410,30655,0.0968148848943551
2410,30753,0.030080104626450874
2410,38395,0.120995901017155
2410,69327,0.2608600742196027
2410,30821,0.08735228361545833
2410,36076,0.2045638671347556
2410,38295,0.17403915881073242
2410,38754,0.11908492635537449
2410,38755,0.07445626289887283
2410,41197,0.21109720483938257
2410,46873,0.1627254509018036
2410,49543,0.22022838499184338
2410,55925,0.23951013852640032
2410,56182,0.23071965628356605
2410,6342,0.244971037388099
2410,6343,0.24426297291709737
2410,10055,0.20429740791268758
2410,6820,0.021392134276781306
2410,6822,0.14090446415588193
2410,6831,0.11122962060033521
2410,6889,0.17633373445647813
2410,9108,0.1976592977893368
2410,9110,0.13789968176996514
2410,9157,0.22056548037698692
2410,9158,0.1247196052041274
2410,9159,0.1259375
2410,9160,0.1207004377736085
2410,9186,0.22259269138436916
2410,9187,0.18927359131025118
2410,9325,0.19531137638429455
2410,9326,0.10113075330466635
2410,9369,0.19894998618402873
2410,9375,0.12658614890689496
2410,9950,0.17551020408163265
2410,31218,0.20595690747782003
2410,33328,0.09874047582024569
2410,33329,0.12395283896990382
2410,35264,0.24365336896354267
2410,38126,0.23456697632604134
2410,43335,0.12927527497363267
2410,44174,0.24021008016216713
2410,45123,0.2427254509018036
2410,45635,0.15924211744286954
2410,46157,0.17341380833210657
2410,46987,0.23178668906151584
2410,2188,0.24424150177574835
2410,24043,0.07385547934279789
2410,24288,0.16805787423483584
2410,27822,0.22557471264367815
2410,31199,0.1661756040070713
2410,33863,0.15655931967098843
2410,33864,0.16391683433936954
2410,34521,0.1676187822209837
2410,38402,0.2467222884386174
2410,40117,0.079347304431291
2410,45579,0.22554557124518615
2410,312161,0.17012930408252216
2410,47804,0.1956415038774909
2410,6383,0.20925784238714615
2410,6496,0.2097069597069597
2410,6498,0.21006695361071256
2410,6499,0.20531538724763318
2410,6503,0.14595898673100122
2410,6504,0.19593718484368247
2410,6505,0.20526598602901666
2410,6518,0.16884743875278396
2410,6525,0.2222511724856696
2410,6549,0.22233033325225007
2410,6649,0.1409860191317145
2410,77182,0.2023164120256284
2410,7939,0.06525942636158556
2410,20977,0.10181704260651629
2410,24212,0.066934835076428
2410,24213,0.0694689555591208
2410,24214,0.1373529411764706
2410,6651,0.15457088179007802
2410,74008,0.20362449347140926
2410,8889,0.1794473023088886
2410,8895,0.19989554772163468
2410,8915,0.13062995660631452
2410,8916,0.12037449843958983
2410,8917,0.06868044515103339
2410,8919,0.18388075451787364
2410,8921,0.18763157894736843
2410,8922,0.1501923646049127
2410,8923,0.13337285121517486
2410,8925,0.13722255548890222
2410,8926,0.17975766215253028
2410,8927,0.1786586241562545
2410,30165,0.24568119356105222
2410,64417,0.2545826742346701
2410,64482,0.2290578448442639
2410,64718,0.25898399930051585
2410,64869,0.24406299475043747
2410,65089,0.24228048272992092
2410,65212,0.2592027141645462
2410,65346,0.23372623977912285
2410,65648,0.2655165158847044
2410,66437,0.25735294117647056
2410,66673,0.2554537121906508
2410,66904,0.23936394271272116
2410,66952,0.25825262938665
2410,2187,0.21677671347530922
2410,2313,0.28279156714092846
2410,2314,0.27707889125799573
2410,46580,0.21108111582465613
2411,2420,0.22664238688892002
2411,312160,0.1621292157659488
2411,34059,0.03687760080355862
2411,46021,0.23623114726317573
2411,48148,0.2236904761904762
2411,48919,0.24369290996085255
2411,49024,0.1720112878399179
2411,49593,0.18448275862068966
2411,5325,0.12331105105959322
2411,5326,0.14333827293547083
2411,5653,0.14224436142244362
2411,7875,0.12361937128292269
2411,9260,0.06361740166865316
2411,24249,0.21138750690989497
2411,3498,0.18005424577508866
2411,39792,0.012306289881494986
2411,45600,0.17580607201694518
2411,5607,0.1870748299319728
2411,6079,0.16999015263417036
2411,17622,0.20726064776367303
2411,2499,0.22998381272568796
2411,41051,0.2493856286247911
2411,41818,0.23845350052246603
2411,41907,0.25691436187937355
2411,42311,0.19620805787701134
2411,42338,0.23909890747365367
2411,46135,0.0986270664051555
2411,47818,0.2372020320437671
2411,49908,0.2386796838679684
2411,55321,0.25816412463740995
2411,60437,0.2719501335707925
2411,61266,0.26904710223572825
2411,64449,0.24044007690664387
2411,64466,0.24139762107051826
2411,64513,0.22764385692068428
2411,64522,0.229447711287905
2411,64525,0.20662497104470698
2411,75802,0.24903596090036767
2411,79173,0.2556030347955001
2411,22492,0.20562087754516778
2411,22659,0.07000594530321047
2411,22761,0.09388142721476055
2411,24746,0.20442793678537616
2411,28280,0.20373317899001592
2411,38638,0.1971631205673759
2411,16304,0.15896387184730743
2411,21593,0.10426123883438278
2411,21989,0.18817619783616693
2411,22367,0.20479896238651102
2411,23532,0.12484022155943758
2411,25791,0.15784341042073
2411,30570,0.010693553315001528
2411,30655,0.09465983906364302
2411,30753,0.02986875848544275
2411,38395,0.1178631995477671
2411,69327,0.26127819548872183
2411,30821,0.0805833824395993
2411,36076,0.202520366598778
2411,38295,0.16673433482203276
2411,38754,0.11194895591647332
2411,38755,0.07091469681397738
2411,41197,0.20766313587027593
2411,46873,0.1623425692695214
2411,49543,0.21888507148398537
2411,55925,0.23432406519654841
2411,56182,0.22824638720918314
2411,6342,0.24440636968353155
2411,6343,0.2441077441077441
2411,10055,0.20916467145517426
2411,6820,0.021544530420270065
2411,6822,0.13842806635844437
2411,6831,0.10892072046518224
2411,6889,0.18000310752019888
2411,9108,0.19590286256952924
2411,9110,0.1379408015861776
2411,9157,0.21251646903820817
2411,9158,0.12294166899246442
2411,9159,0.1209046100318933
2411,9160,0.11523409189737643
2411,9186,0.22170405848248045
2411,9187,0.18916495901639344
2411,9325,0.19370525462650276
2411,9326,0.09685979655019902
2411,9369,0.19828147376643665
2411,9375,0.12320386968274293
2411,9950,0.1671604938271605
2411,31218,0.20801251203079885
2411,33328,0.09473684210526316
2411,33329,0.12346392944918318
2411,35264,0.2518005540166205
2411,38126,0.2469751411600792
2411,43335,0.12622858747542826
2411,44174,0.25232808022922637
2411,45123,0.2569792973651192
2411,45635,0.15543831168831168
2411,46157,0.16925829090408698
2411,46987,0.23788368336025847
2411,2188,0.2536025879815704
2411,24043,0.07335107956225968
2411,24288,0.1668846455663092
2411,27822,0.22924043403769276
2411,31199,0.1661831744716121
2411,33863,0.15139650221874185
2411,33864,0.16346396965865992
2411,34521,0.16479204812974105
2411,38402,0.24374374374374375
2411,40117,0.07334710743801653
2411,45579,0.22259983007646558
2411,312161,0.1621292157659488
2411,47804,0.2025364376301344
2411,6383,0.2075039208589697
2411,6496,0.20535273803650717
2411,6498,0.21610508280982296
2411,6499,0.21354337599824966
2411,6503,0.1438626126126126
2411,6504,0.19332161687170474
2411,6505,0.1989396617015905
2411,6518,0.1665577199633939
2411,6525,0.22049765952204978
2411,6549,0.22648730140322393
2411,6649,0.13613283930286812
2411,77182,0.20042021711217461
2411,7939,0.06094841682770923
2411,20977,0.09787975602672089
2411,24212,0.06455451435371114
2411,24213,0.06753747959032211
2411,24214,0.138996138996139
2411,6651,0.155939226519337
2411,74008,0.21024811218985975
2411,8889,0.18590841612424347
2411,8895,0.20024706609017912
2411,8915,0.13145737085258294
2411,8916,0.12107311648596052
2411,8917,0.06572562858403176
2411,8919,0.18451564642812618
2411,8921,0.18850317282568121
2411,8922,0.14547964113181505
2411,8923,0.130567081604426
2411,8925,0.13317495807713806
2411,8926,0.1783132530120482
2411,8927,0.17300201477501678
2411,30165,0.2481820757389744
2411,64417,0.26116312567518907
2411,64482,0.23779232927970065
2411,64718,0.26740828804347827
2411,64869,0.2510927634774162
2411,65089,0.25371196754563896
2411,65212,0.26925935100322024
2411,65346,0.24108329075114973
2411,65648,0.26815473184526817
2411,66437,0.26076783083456107
2411,66673,0.25967584802054733
2411,66904,0.24721038750253602
2411,66952,0.26469408224674024
2411,2187,0.22227211495285137
2411,2313,0.2774526336672949
2411,2314,0.27576004896959805
2411,46580,0.20540475036354824
2420,312160,0.2156917885264342
2420,34059,0.06760158216468896
2420,46021,0.1629712999437254
2420,48148,0.2254782254782255
2420,48919,0.22379410260780638
2420,49024,0.19695854795192544
2420,49593,0.20661715057393654
2420,5325,0.1906474820143885
2420,5326,0.18288590604026847
2420,5653,0.21261753108886866
2420,7875,0.18952134540750323
2420,9260,0.1183546759798215
2420,24249,0.18082481494536481
2420,3498,0.1462225832656377
2420,39792,0.022090059473237042
2420,45600,0.1692150866462793
2420,5607,0.1519976838448176
2420,6079,0.18545290264287329
2420,17622,0.20280430806746597
2420,2499,0.24468556244464126
2420,41051,0.1903957189128292
2420,41818,0.18894802755165935
2420,41907,0.2217030114226376
2420,42311,0.19815771736688384
2420,42338,0.18038891187422423
2420,46135,0.14026717557251908
2420,47818,0.18291824961305755
2420,49908,0.17407071622846781
2420,55321,0.18889895199896495
2420,60437,0.18550484748167415
2420,61266,0.2170212765957447
2420,64449,0.19941301157671612
2420,64466,0.20161681487469685
2420,64513,0.17664418212478922
2420,64522,0.2121097445600757
2420,64525,0.19607843137254902
2420,75802,0.17494836593366542
2420,79173,0.17427049559981472
2420,22492,0.12576192183578344
2420,22659,0.11228733459357278
2420,22761,0.11908262275801235
2420,24746,0.12907970947871655
2420,28280,0.12769833318152837
2420,38638,0.12424296401852511
2420,16304,0.21534936998854526
2420,21593,0.1842769563649477
2420,21989,0.2185430463576159
2420,22367,0.24216242902986918
2420,23532,0.18889970788704966
2420,25791,0.22440350347327093
2420,30570,0.021212121212121213
2420,30655,0.16090712742980562
2420,30753,0.05587510271158587
2420,38395,0.1802907915993538
2420,69327,0.21218226906385618
2420,30821,0.15280898876404495
2420,36076,0.2310246679316888
2420,38295,0.2142459654980523
2420,38754,0.1774249223334484
2420,38755,0.11983775811209439
2420,41197,0.2507537688442211
2420,46873,0.1821207798383262
2420,49543,0.19818698897973694
2420,55925,0.17574021012416427
2420,56182,0.18749039495927464
2420,6342,0.19093184160164875
2420,6343,0.1872498570611778
2420,10055,0.13230869317719768
2420,6820,0.04870817450232952
2420,6822,0.19413813116656994
2420,6831,0.16063864450961224
2420,6889,0.13449564134495642
2420,9108,0.2675194660734149
2420,9110,0.2144005143040823
2420,9157,0.2790276700284458
2420,9158,0.19633838383838384
2420,9159,0.20911621433542102
2420,9160,0.1988140913847227
2420,9186,0.2447904740096176
2420,9187,0.24086870681145114
2420,9325,0.2613605067474525
2420,9326,0.17845242502776748
2420,9369,0.24546827794561935
2420,9375,0.19553072625698323
2420,9950,0.19279320633463393
2420,31218,0.20625651720542232
2420,33328,0.15278257863809194
2420,33329,0.19809069212410502
2420,35264,0.18456247611769203
2420,38126,0.14836501216106657
2420,43335,0.19151630262741373
2420,44174,0.17457442955450925
2420,45123,0.15615792575132587
2420,45635,0.20574162679425836
2420,46157,0.23148417078129538
2420,46987,0.1893297666815277
2420,2188,0.19164687805559436
2420,24043,0.12228870605833957
2420,24288,0.1810126582278481
2420,27822,0.20933258970068785
2420,31199,0.21692352428031406
2420,33863,0.17745679649213308
2420,33864,0.1773387288740776
2420,34521,0.18054850177755205
2420,38402,0.24436172542150209
2420,40117,0.1274766355140187
2420,45579,0.2121717382242601
2420,312161,0.2156917885264342
2420,47804,0.156763417305586
2420,6383,0.2096740273396425
2420,6496,0.2075306479859895
2420,6498,0.2031632460930145
2420,6499,0.18907636110627934
2420,6503,0.21858267716535434
2420,6504,0.25377229080932784
2420,6505,0.2216783216783217
2420,6518,0.18878980891719746
2420,6525,0.23573146730811284
2420,6549,0.21823790244842878
2420,6649,0.16952602500726954
2420,77182,0.1925207756232687
2420,7939,0.10133843212237094
2420,20977,0.15813464235624122
2420,24212,0.11882716049382716
2420,24213,0.12884615384615383
2420,24214,0.19635385534967126
2420,6651,0.19848440687846108
2420,74008,0.1782027415806397
2420,8889,0.1746214299405789
2420,8895,0.21122698025293987
2420,8915,0.18055555555555555
2420,8916,0.17133189787757613
2420,8917,0.11562849682954121
2420,8919,0.20192528077011232
2420,8921,0.20697515386368817
2420,8922,0.19762962962962963
2420,8923,0.16820757530569638
2420,8925,0.18232044198895028
2420,8926,0.2181720718306084
2420,8927,0.21366594360086769
2420,30165,0.18237001847453155
2420,64417,0.17593150850114556
2420,64482,0.1773579955398137
2420,64718,0.17437252311756934
2420,64869,0.15859714463066418
2420,65089,0.16227159468438537
2420,65212,0.1680327868852459
2420,65346,0.19156972352319082
2420,65648,0.2131267358573308
2420,66437,0.1745035380050217
2420,66673,0.17745746691871456
2420,66904,0.1982707215265355
2420,66952,0.20172661870503597
2420,2187,0.15927119484382746
2420,2313,0.21696781479390176
2420,2314,0.22847780756627942
2420,46580,0.22841105354058722
312160,34059,0.058377558756633814
312160,46021,0.16028790129098594
312160,48148,0.20964403973509935
312160,48919,0.20347138683622615
312160,49024,0.18433643918408463
312160,49593,0.21263157894736842
312160,5325,0.13685592385953396
312160,5326,0.15207504263786242
312160,5653,0.15368357487922704
312160,7875,0.13742690058479531
312160,9260,0.08678184009642427
312160,24249,0.14801126363956355
312160,3498,0.10242025965699632
312160,39792,0.02294630564479119
312160,45600,0.13312945973496432
312160,5607,0.1117302471781683
312160,6079,0.14134593742966464
312160,17622,0.14908945367220333
312160,2499,0.162999359111301
312160,41051,0.13712558395163507
312160,41818,0.14210931485758277
312160,41907,0.15819589363850556
312160,42311,0.13995135971700198
312160,42338,0.12676435004704933
312160,46135,0.10577547047371837
312160,47818,0.12600902996305924
312160,49908,0.12179729900290294
312160,55321,0.13031481249216104
312160,60437,0.13062442607897154
312160,61266,0.15570768985830283
312160,64449,0.15103415103415102
312160,64466,0.1452249408050513
312160,64513,0.12505147563486615
312160,64522,0.13938174501554784
312160,64525,0.14592110302566066
312160,75802,0.12594876660341556
312160,79173,0.11416750531141676
312160,22492,0.10543701455227211
312160,22659,0.12719119445576846
312160,22761,0.12075355157504633
312160,24746,0.10478276743336984
312160,28280,0.10523455895671074
312160,38638,0.10366232153941651
312160,16304,0.18158047646717024
312160,21593,0.1576005961251863
312160,21989,0.16996336996336997
312160,22367,0.17270531400966183
312160,23532,0.15660252156602522
312160,25791,0.1881703953417101
312160,30570,0.02345215759849906
312160,30655,0.1394392523364486
312160,30753,0.05186813186813187
312160,38395,0.1625418060200669
312160,69327,0.15224600542659028
312160,30821,0.15715995213402473
312160,36076,0.20331253000480076
312160,38295,0.20177956371986222
312160,38754,0.17900109369303682
312160,38755,0.12288967412642324
312160,41197,0.19487307117969138
312160,46873,0.1810344827586207
312160,49543,0.18848451928299836
312160,55925,0.1633356305995865
312160,56182,0.17217823319360348
312160,6342,0.15316234334013407
312160,6343,0.14978783592644979
312160,10055,0.10258261148540262
312160,6820,0.04310344827586207
312160,6822,0.14443475733798314
312160,6831,0.12533244680851063
312160,6889,0.10933470861268695
312160,9108,0.19863201094391245
312160,9110,0.18298291721419185
312160,9157,0.20247100353000505
312160,9158,0.13759445843828716
312160,9159,0.1535501923749563
312160,9160,0.1958914159941306
312160,9186,0.1707479964381122
312160,9187,0.18345938033666748
312160,9325,0.20202020202020202
312160,9326,0.16964980544747083
312160,9369,0.18952618453865336
312160,9375,0.15289806795469688
312160,9950,0.17399438727782976
312160,31218,0.1468602986295766
312160,33328,0.13556274721323264
312160,33329,0.149500516706855
312160,35264,0.13090368166604685
312160,38126,0.10407518004567012
312160,43335,0.15115532734274711
312160,44174,0.11797752808988764
312160,45123,0.10481181515007146
312160,45635,0.14337416481069043
312160,46157,0.16585365853658537
312160,46987,0.13469624474409164
312160,2188,0.13474599293670197
312160,24043,0.09669902912621359
312160,24288,0.13333333333333333
312160,27822,0.1570671055037484
312160,31199,0.17951736315479694
312160,33863,0.12802056555269922
312160,33864,0.12635805384978743
312160,34521,0.13129268909688843
312160,38402,0.18306832831972497
312160,40117,0.09656237929702588
312160,45579,0.16364011555922411
312160,312161,1.0
312160,47804,0.1339273474982865
312160,6383,0.14688335733388191
312160,6496,0.1533808597969324
312160,6498,0.1606575751914814
312160,6499,0.1494907647160366
312160,6503,0.1952088054386533
312160,6504,0.22265516281658781
312160,6505,0.16306844281120808
312160,6518,0.1714509394572025
312160,6525,0.1686592655849701
312160,6549,0.1508338017612891
312160,6649,0.1318810715337062
312160,77182,0.14705882352941177
312160,7939,0.09168012924071083
312160,20977,0.12851985559566786
312160,24212,0.10466531440162272
312160,24213,0.1179570328334009
312160,24214,0.15379975874547647
312160,6651,0.15633264766382604
312160,74008,0.12763835798570716
312160,8889,0.12857955622985018
312160,8895,0.15151515151515152
312160,8915,0.1371571072319202
312160,8916,0.1262406947890819
312160,8917,0.09664848012470771
312160,8919,0.15028376844494892
312160,8921,0.1477909845256784
312160,8922,0.13944575471698112
312160,8923,0.12684543537210002
312160,8925,0.13812325797460515
312160,8926,0.16293929712460065
312160,8927,0.15595590212422694
312160,30165,0.12747111681643133
312160,64417,0.12554366991889032
312160,64482,0.1304124373634845
312160,64718,0.1324481865284974
312160,64869,0.11683047927854899
312160,65089,0.11982925094013619
312160,65212,0.125887802367473
312160,65346,0.14766299493896992
312160,65648,0.1533655211587617
312160,66437,0.12803925942449254
312160,66673,0.13010851997229278
312160,66904,0.1480940557908573
312160,66952,0.1488195615514334
312160,2187,0.12148618919579565
312160,2313,0.1530793390686877
312160,2314,0.16431044431621467
312160,46580,0.19174232598357113
34059,46021,0.030437836572231328
34059,48148,0.04978962131837307
34059,48919,0.04129032258064516
34059,49024,0.057467634985790966
34059,49593,0.053065713500137474
34059,5325,0.09326424870466321
34059,5326,0.0731610337972167
34059,5653,0.07917760279965004
34059,7875,0.09206510681586978
34059,9260,0.09392712550607288
34059,24249,0.04213709677419355
34059,3498,0.04700530705079606
34059,39792,0.034278959810874705
34059,45600,0.053898220105289545
34059,5607,0.039463043829856055
34059,6079,0.05716723549488054
34059,17622,0.05202589307120595
34059,2499,0.05657452854559546
34059,41051,0.034988038277511964
34059,41818,0.04031566306399039
34059,41907,0.04203581526861452
34059,42311,0.05728587319243604
34059,42338,0.036884036588964296
34059,46135,0.08162190626645603
34059,47818,0.033984962406015035
34059,49908,0.0333287614867645
34059,55321,0.03374730021598272
34059,60437,0.03031772980839195
34059,61266,0.04071201973916109
34059,64449,0.03813936909641775
34059,64466,0.0403737658674189
34059,64513,0.03603876438522108
34059,64522,0.047936371453138435
34059,64525,0.04798551380715256
34059,75802,0.03155493600304144
34059,79173,0.03101424979044426
34059,22492,0.022531293463143254
34059,22659,0.06170052671181339
34059,22761,0.04887044721069617
34059,24746,0.02234902520209225
34059,28280,0.02146488420259838
34059,38638,0.021739130434782608
34059,16304,0.06308777429467084
34059,21593,0.08076448828606658
34059,21989,0.05721316517994463
34059,22367,0.054835793913829464
34059,23532,0.07840161861406171
34059,25791,0.0632111251580278
34059,30570,0.024752475247524754
34059,30655,0.07147375079063883
34059,30753,0.05482233502538071
34059,38395,0.06794162053346754
34059,69327,0.03726912928759894
34059,30821,0.06542699724517906
34059,36076,0.051739005461339464
34059,38295,0.055121042830540035
34059,38754,0.06455266138165346
34059,38755,0.06960227272727272
34059,41197,0.05703771849126035
34059,46873,0.0487656202377324
34059,49543,0.03660962992439316
34059,55925,0.03129093290641828
34059,56182,0.0335279399499583
34059,6342,0.031938325991189426
34059,6343,0.03167351911070504
34059,10055,0.022524752475247524
34059,6820,0.06179775280898876
34059,6822,0.07666666666666666
34059,6831,0.08842443729903537
34059,6889,0.024967291757522894
34059,9108,0.06810162314749471
34059,9110,0.08028846153846154
34059,9157,0.06055900621118013
34059,9158,0.08241494968854815
34059,9159,0.07880133185349611
34059,9160,0.08295454545454546
34059,9186,0.05711965349214943
34059,9187,0.05905511811023622
34059,9325,0.0672033601680084
34059,9326,0.08398950131233596
34059,9369,0.059224806201550385
34059,9375,0.07609805924412666
34059,9950,0.0504297994269341
34059,31218,0.05090190264393378
34059,33328,0.07444907683144729
34059,33329,0.07015650296815974
34059,35264,0.031876743259396996
34059,38126,0.022795659706391903
34059,43335,0.06485455412494039
34059,44174,0.03158424562728074
34059,45123,0.026152304609218437
34059,45635,0.06995724834823164
34059,46157,0.06990521327014218
34059,46987,0.03784477228992944
34059,2188,0.035196687370600416
34059,24043,0.084070796460177
34059,24288,0.06780238500851789
34059,27822,0.04781967558457974
34059,31199,0.0692989524576954
34059,33863,0.061953097654882744
34059,33864,0.06022974231605092
34059,34521,0.07074175824175824
34059,38402,0.05568268497330282
34059,40117,0.08394160583941605
34059,45579,0.04716520039100684
34059,312161,0.058377558756633814
34059,47804,0.033617212012550426
34059,6383,0.05604203152364273
34059,6496,0.05843293492695883
34059,6498,0.04810181190681622
34059,6499,0.04429133858267716
34059,6503,0.07051282051282051
34059,6504,0.06781447645818693
34059,6505,0.06242840778923253
34059,6518,0.06741573033707865
34059,6525,0.057494866529774126
34059,6549,0.0497697873273405
34059,6649,0.07742214532871973
34059,77182,0.053914674167838725
34059,7939,0.09142394822006472
34059,20977,0.07785888077858881
34059,24212,0.07288401253918496
34059,24213,0.0701219512195122
34059,24214,0.06781857451403887
34059,6651,0.06785270997103848
34059,74008,0.04341978866474544
34059,8889,0.0464375142271796
34059,8895,0.055346587855991405
34059,8915,0.07548054383497421
34059,8916,0.06651053864168618
34059,8917,0.07116654438738078
34059,8919,0.05333333333333334
34059,8921,0.059684684684684686
34059,8922,0.07491438356164383
34059,8923,0.07091561938958707
34059,8925,0.07653061224489796
34059,8926,0.06765851930570316
34059,8927,0.06471438900939985
34059,30165,0.03467966573816156
34059,64417,0.03214061519146265
34059,64482,0.03532684283727399
34059,64718,0.029173237215589096
34059,64869,0.027636054421768707
34059,65089,0.026338147833474938
34059,65212,0.028546898476067825
34059,65346,0.03822280300555374
34059,65648,0.03819604233778187
34059,66437,0.029498178399341872
34059,66673,0.03104754919936438
34059,66904,0.03730272596843615
34059,66952,0.035681749164895235
34059,2187,0.035889286187259964
34059,2313,0.035036496350364967
34059,2314,0.037054191755442334
34059,46580,0.05051780752715332
46021,48148,0.21378109962117334
46021,48919,0.2524542829643888
46021,49024,0.16369758852922006
46021,49593,0.19785981808453718
46021,5325,0.09716270990156341
46021,5326,0.125867084358917
46021,5653,0.11957635804578066
46021,7875,0.09763416041546451
46021,9260,0.04962061905335421
46021,24249,0.170980099037653
46021,3498,0.14733374877592806
46021,39792,0.010300429184549357
46021,45600,0.1418418714835653
46021,5607,0.15774009402283412
46021,6079,0.13884892086330936
46021,17622,0.16275848421885822
46021,2499,0.1696109465945063
46021,41051,0.19788696964615127
46021,41818,0.1859047955488828
46021,41907,0.19947897283215482
46021,42311,0.14605357692702453
46021,42338,0.1852095857695792
46021,46135,0.0793032317212927
46021,47818,0.18252781929911974
46021,49908,0.18444903800286214
46021,55321,0.20330022428708747
46021,60437,0.2094867688553344
46021,61266,0.2097921225382932
46021,64449,0.18766321476812248
46021,64466,0.1884070955025981
46021,64513,0.17618811061434012
46021,64522,0.17254263268825445
46021,64525,0.15928861395708485
46021,75802,0.19620399660520021
46021,79173,0.19431775700934578
46021,22492,0.1710920089143585
46021,22659,0.056592414208308246
46021,22761,0.07242990654205607
46021,24746,0.17387077959950747
46021,28280,0.1738093703679835
46021,38638,0.1718095238095238
46021,16304,0.1201645175633615
46021,21593,0.0793181011009826
46021,21989,0.14441618987073532
46021,22367,0.15156332803391626
46021,23532,0.09388319318050915
46021,25791,0.11881860359850628
46021,30570,0.008122077282795964
46021,30655,0.07462332423775063
46021,30753,0.023383266350018268
46021,38395,0.0922279792746114
46021,69327,0.19698430788112561
46021,30821,0.064
46021,36076,0.15291287522225708
46021,38295,0.1288608435735636
46021,38754,0.08294283036551078
46021,38755,0.054696789536266346
46021,41197,0.16272316627231662
46021,46873,0.1324808720259931
46021,49543,0.18925565118698573
46021,55925,0.21469401479488903
46021,56182,0.19830328738069988
46021,6342,0.18121659455332145
46021,6343,0.18179538615847543
46021,10055,0.20081444113535526
46021,6820,0.017636252296387017
46021,6822,0.11537167843928692
46021,6831,0.087636026858069
46021,6889,0.16221837088388216
46021,9108,0.14944690265486726
46021,9110,0.11393138618451554
46021,9157,0.1709940249864204
46021,9158,0.10418818129661503
46021,9159,0.09274477576895986
46021,9160,0.09509746012994684
46021,9186,0.17299885500156137
46021,9187,0.1624745798993899
46021,9325,0.15764313507504168
46021,9326,0.0744845667977595
46021,9369,0.16101238556812061
46021,9375,0.09821428571428571
46021,9950,0.14111318021932548
46021,31218,0.1547713717693837
46021,33328,0.07668819729888432
46021,33329,0.09104704097116843
46021,35264,0.19836870446626545
46021,38126,0.19753802526424336
46021,43335,0.09981663992665597
46021,44174,0.1947792706333973
46021,45123,0.19827116798257555
46021,45635,0.1203765227021041
46021,46157,0.12648177141579064
46021,46987,0.1824630373472353
46021,2188,0.20010025900242293
46021,24043,0.05695142378559464
46021,24288,0.12615318601158548
46021,27822,0.17515953900371464
46021,31199,0.1314660040659589
46021,33863,0.11315704956642758
46021,33864,0.12374895746455379
46021,34521,0.1270967741935484
46021,38402,0.18379934210526316
46021,40117,0.05798660927785748
46021,45579,0.1702833031946956
46021,312161,0.16028790129098594
46021,47804,0.19414715719063544
46021,6383,0.1558415644018757
46021,6496,0.16352265737133484
46021,6498,0.18405502276470018
46021,6499,0.17927953085730242
46021,6503,0.1201939729823346
46021,6504,0.16743350914599933
46021,6505,0.16863655550865345
46021,6518,0.13613245319770587
46021,6525,0.16897394136807817
46021,6549,0.17285976257118038
46021,6649,0.1107980162308386
46021,77182,0.16571653233733044
46021,7939,0.04862197617041762
46021,20977,0.07545615067686874
46021,24212,0.050144300144300144
46021,24213,0.05397283327322996
46021,24214,0.10878142261300867
46021,6651,0.11566075835763967
46021,74008,0.15760427033384602
46021,8889,0.14733812949640288
46021,8895,0.15118768477928432
46021,8915,0.09650317892824704
46021,8916,0.08864046973803072
46021,8917,0.05248091603053435
46021,8919,0.13972630929107932
46021,8921,0.1459170013386881
46021,8922,0.10693868400403542
46021,8923,0.09809663250366032
46021,8925,0.10006815084052703
46021,8926,0.13124046217571397
46021,8927,0.12666666666666668
46021,30165,0.1942358924679099
46021,64417,0.20263909252257117
46021,64482,0.19054510371442354
46021,64718,0.21295207291972948
46021,64869,0.19405496354458776
46021,65089,0.19949281487743026
46021,65212,0.21369235176167287
46021,65346,0.1905588337382853
46021,65648,0.20920681098656627
46021,66437,0.20140078980701884
46021,66673,0.2018104366347178
46021,66904,0.1971174592215414
46021,66952,0.20344447272418767
46021,2187,0.19480723839496458
46021,2313,0.2189239332096475
46021,2314,0.21871213432577463
46021,46580,0.19285714285714287
48148,48919,0.26537734477242986
48148,49024,0.21850019033117624
48148,49593,0.22604203776273601
48148,5325,0.15400089405453732
48148,5326,0.17435688035933034
48148,5653,0.17898334045279796
48148,7875,0.15401686640035508
48148,9260,0.0900990099009901
48148,24249,0.2100073583517292
48148,3498,0.18205622932745313
48148,39792,0.021586475942782835
48148,45600,0.19006231551328304
48148,5607,0.17983820784069696
48148,6079,0.19463560967001942
48148,17622,0.20893582453290008
48148,2499,0.23176409725814795
48148,41051,0.20850496728858736
48148,41818,0.20834990059642147
48148,41907,0.2297219833763256
48148,42311,0.20305370305370304
48148,42338,0.19897716460513795
48148,46135,0.13691006233303651
48148,47818,0.19958922314848376
48148,49908,0.19276701216764308
48148,55321,0.2025373301897384
48148,60437,0.1936950904392765
48148,61266,0.22360333287802212
48148,64449,0.1990815775256618
48148,64466,0.21
48148,64513,0.19216867469879517
48148,64522,0.21987998153562086
48148,64525,0.20234741784037558
48148,75802,0.19277493606138107
48148,79173,0.19180461884324546
48148,22492,0.1542749405688991
48148,22659,0.0903761602344895
48148,22761,0.11417816813048934
48148,24746,0.15796979865771812
48148,28280,0.15463831907648867
48148,38638,0.14878583610817836
48148,16304,0.17865903515944398
48148,21593,0.13832306963524396
48148,21989,0.1947717231222386
48148,22367,0.20014649331624246
48148,23532,0.15171035095513105
48148,25791,0.1748841129372103
48148,30570,0.01676709457689285
48148,30655,0.11405773292654306
48148,30753,0.04307927606423655
48148,38395,0.1441521114304665
48148,69327,0.20570396180152278
48148,30821,0.10656723598749097
48148,36076,0.1934566145092461
48148,38295,0.17932278100581045
48148,38754,0.13350183823529413
48148,38755,0.09197604790419162
48148,41197,0.20975246603387307
48148,46873,0.16798561151079136
48148,49543,0.1973627010578177
48148,55925,0.1956367924528302
48148,56182,0.19992215879605604
48148,6342,0.1806903328829382
48148,6343,0.179124175164967
48148,10055,0.15813151383369572
48148,6820,0.03360910031023785
48148,6822,0.1768267223382046
48148,6831,0.1455610635421361
48148,6889,0.1502724669806964
48148,9108,0.22334004024144868
48148,9110,0.17464539007092197
48148,9157,0.23742108283910465
48148,9158,0.1682427974488674
48148,9159,0.15484169170325862
48148,9160,0.15486725663716813
48148,9186,0.22976316719688936
48148,9187,0.21027346637102734
48148,9325,0.21772101376970665
48148,9326,0.12775647171620327
48148,9369,0.21712135465663218
48148,9375,0.16137744767049292
48148,9950,0.1773260907657263
48148,31218,0.21402459288800266
48148,33328,0.118351370020723
48148,33329,0.14610832954028222
48148,35264,0.19619763457499723
48148,38126,0.17168897282207077
48148,43335,0.15465268676277852
48148,44174,0.19462730940751752
48148,45123,0.17875509842170598
48148,45635,0.18224394217063736
48148,46157,0.18681771369721936
48148,46987,0.2008320726172466
48148,2188,0.20409629895795903
48148,24043,0.10912211868563021
48148,24288,0.18935024990388313
48148,27822,0.2132708585247884
48148,31199,0.19593461860854988
48148,33863,0.17328450269853507
48148,33864,0.17943107221006566
48148,34521,0.18673076923076923
48148,38402,0.2388239339752407
48148,40117,0.10306271268838113
48148,45579,0.2045305318450427
48148,312161,0.20964403973509935
48148,47804,0.21597560975609756
48148,6383,0.20590185676392572
48148,6496,0.22145088510933703
48148,6498,0.22799937917119353
48148,6499,0.2167710001455816
48148,6503,0.1856168902573125
48148,6504,0.22847348255696712
48148,6505,0.2229656419529837
48148,6518,0.1881720430107527
48148,6525,0.21824048913043478
48148,6549,0.21377708978328172
48148,6649,0.16863406408094436
48148,77182,0.21679561573178593
48148,7939,0.08745059288537549
48148,20977,0.13422661024917726
48148,24212,0.0961824491819534
48148,24213,0.0996792499383173
48148,24214,0.17253820033955858
48148,6651,0.18311633767324653
48148,74008,0.19661495063469675
48148,8889,0.19643415702220832
48148,8895,0.20154905335628226
48148,8915,0.1603732638888889
48148,8916,0.14870689655172414
48148,8917,0.09485686559922368
48148,8919,0.19287729196050776
48148,8921,0.19975360788454768
48148,8922,0.17334458034584563
48148,8923,0.15970149253731344
48148,8925,0.1662326388888889
48148,8926,0.19711917916337807
48148,8927,0.19007936507936507
48148,30165,0.2012376804950722
48148,64417,0.20719563122389978
48148,64482,0.20419869221062292
48148,64718,0.20039389463318563
48148,64869,0.18500232883092688
48148,65089,0.18794955628211116
48148,65212,0.19963926333776344
48148,65346,0.21218758052048442
48148,65648,0.22410569612364453
48148,66437,0.1943180669295319
48148,66673,0.1961682632236568
48148,66904,0.21273626791830522
48148,66952,0.22202970297029703
48148,2187,0.20632279534109818
48148,2313,0.2210184182015168
48148,2314,0.21957308700536762
48148,46580,0.23303128739955548
48919,49024,0.21915820029027577
48919,49593,0.24589401921289122
48919,5325,0.1321869962385814
48919,5326,0.1572600904371127
48919,5653,0.16605552645364066
48919,7875,0.13272759665063247
48919,9260,0.07395250048271867
48919,24249,0.19749776586237713
48919,3498,0.16363853693521396
48919,39792,0.014764565043894652
48919,45600,0.17167919799498746
48919,5607,0.17236059069869958
48919,6079,0.17208752217622708
48919,17622,0.1991354064983963
48919,2499,0.21005830903790088
48919,41051,0.2101086956521739
48919,41818,0.2061274797511445
48919,41907,0.2250314465408805
48919,42311,0.1816841173868161
48919,42338,0.19985053912672146
48919,46135,0.10767326732673267
48919,47818,0.19794705564559698
48919,49908,0.20067470864853812
48919,55321,0.21211192810457516
48919,60437,0.21481835564053536
48919,61266,0.23125608568646544
48919,64449,0.20828316879364314
48919,64466,0.21174355901737568
48919,64513,0.19246952206278994
48919,64522,0.20280646015356102
48919,64525,0.19038642789820923
48919,75802,0.20005829770695685
48919,79173,0.20069301367297246
48919,22492,0.16747107944533823
48919,22659,0.07680520972993679
48919,22761,0.09820521503555706
48919,24746,0.16992492962152017
48919,28280,0.17005904288377874
48919,38638,0.1631955001520219
48919,16304,0.16135524991613553
48919,21593,0.1126865671641791
48919,21989,0.1806112997838839
48919,22367,0.18975624807158284
48919,23532,0.1330832440157199
48919,25791,0.15664720027481965
48919,30570,0.012050612572805784
48919,30655,0.10024222098006336
48919,30753,0.03570724008680213
48919,38395,0.12506661929294724
48919,69327,0.22104651162790698
48919,30821,0.09384498480243161
48919,36076,0.19062027231467474
48919,38295,0.16874066699850673
48919,38754,0.11720469552457814
48919,38755,0.08215029339390498
48919,41197,0.20031347962382445
48919,46873,0.17146356399265156
48919,49543,0.2145159211035194
48919,55925,0.21499247149924716
48919,56182,0.21506129597197898
48919,6342,0.19480807632571556
48919,6343,0.1945199521583125
48919,10055,0.17525481313703284
48919,6820,0.02545743834526651
48919,6822,0.1511096052854481
48919,6831,0.11763652641002685
48919,6889,0.1572861758204387
48919,9108,0.2025253364346237
48919,9110,0.15693299892511645
48919,9157,0.22074595805986874
48919,9158,0.14432260346657233
48919,9159,0.1316418459275602
48919,9160,0.13403781979977752
48919,9186,0.21990079663309786
48919,9187,0.2070153460695271
48919,9325,0.21282993651854326
48919,9326,0.1072710103871577
48919,9369,0.21121168810544705
48919,9375,0.138788752703677
48919,9950,0.1711269699672911
48919,31218,0.19379407616361072
48919,33328,0.10366972477064221
48919,33329,0.12782228696285505
48919,35264,0.2114470623925574
48919,38126,0.18859784283513098
48919,43335,0.13630752953623698
48919,44174,0.2032386308542616
48919,45123,0.19566476379581368
48919,45635,0.16008662335498916
48919,46157,0.16891891891891891
48919,46987,0.20074182308643362
48919,2188,0.20951558959974106
48919,24043,0.08457426498663612
48919,24288,0.1601642710472279
48919,27822,0.21030438792989853
48919,31199,0.17430721861101608
48919,33863,0.14835948644793154
48919,33864,0.15896656534954406
48919,34521,0.1642573471008737
48919,38402,0.23093906387989402
48919,40117,0.0837138508371385
48919,45579,0.1974630021141649
48919,312161,0.20347138683622615
48919,47804,0.21841471425443398
48919,6383,0.19011997177134793
48919,6496,0.19877139096094779
48919,6498,0.21892218787797338
48919,6499,0.21625766871165644
48919,6503,0.16737967914438504
48919,6504,0.22012790306294178
48919,6505,0.20434848715219706
48919,6518,0.17498400511836212
48919,6525,0.20095141992215657
48919,6549,0.20759527643585615
48919,6649,0.1423214590080109
48919,77182,0.20462091864969562
48919,7939,0.06964217006540978
48919,20977,0.10857884009634983
48919,24212,0.0776361529548088
48919,24213,0.08167983047582354
48919,24214,0.15463026952315134
48919,6651,0.1531409168081494
48919,74008,0.1886094674556213
48919,8889,0.1819645732689211
48919,8895,0.18282226420578404
48919,8915,0.1340655509065551
48919,8916,0.12229718041861269
48919,8917,0.07588692847656991
48919,8919,0.1788158286224338
48919,8921,0.18043220840734162
48919,8922,0.1504364196474414
48919,8923,0.136238374095763
48919,8925,0.1369886858137511
48919,8926,0.17498780289477964
48919,8927,0.16718316750937856
48919,30165,0.20834630956088446
48919,64417,0.21346998535871156
48919,64482,0.21507506255212677
48919,64718,0.217327861377109
48919,64869,0.1993605254061528
48919,65089,0.20432254144605502
48919,65212,0.2116820377689943
48919,65346,0.213203214695752
48919,65648,0.23442770407015967
48919,66437,0.20559531554977228
48919,66673,0.20552907530981887
48919,66904,0.21753947517891628
48919,66952,0.2260502333851967
48919,2187,0.20510766149223836
48919,2313,0.23548704493276484
48919,2314,0.23619909502262443
48919,46580,0.23106339167524637
49024,49593,0.2201912858660999
49024,5325,0.16079676674364896
49024,5326,0.17662072485962227
49024,5653,0.1791004578507945
49024,7875,0.159759931408974
49024,9260,0.10613767378772465
49024,24249,0.1735454997513675
49024,3498,0.1512852276246516
49024,39792,0.02388827636898199
49024,45600,0.1665394887447539
49024,5607,0.14643200879967
49024,6079,0.1722557800458238
49024,17622,0.18002997377294866
49024,2499,0.18973037272006343
49024,41051,0.16607260726072606
49024,41818,0.16884068591528653
49024,41907,0.1822949777495232
49024,42311,0.1728597823855471
49024,42338,0.16060763438068035
49024,46135,0.14661654135338345
49024,47818,0.15755499934132525
49024,49908,0.15000608790941192
49024,55321,0.15275268039995182
49024,60437,0.14892912342680503
49024,61266,0.18496058217101274
49024,64449,0.16769811320754718
49024,64466,0.17051243632004795
49024,64513,0.15065071644537925
49024,64522,0.1791485664639444
49024,64525,0.1762272972486963
49024,75802,0.14907968446324454
49024,79173,0.1450805398345668
49024,22492,0.11054845077675736
49024,22659,0.09492419248516809
49024,22761,0.10946196660482375
49024,24746,0.11374032371569318
49024,28280,0.11303968600087222
49024,38638,0.10861966067013386
49024,16304,0.1615172067319769
49024,21593,0.13965785381026438
49024,21989,0.17512634585805317
49024,22367,0.1729518855656697
49024,23532,0.15646453089244852
49024,25791,0.16073298429319371
49024,30570,0.02011173184357542
49024,30655,0.11956521739130435
49024,30753,0.05357142857142857
49024,38395,0.1476949345475242
49024,69327,0.15572153325817362
49024,30821,0.10620601407549585
49024,36076,0.15584146088400083
49024,38295,0.1576378721327477
49024,38754,0.1255938242280285
49024,38755,0.09519230769230769
49024,41197,0.16808371484630477
49024,46873,0.1413947536788228
49024,49543,0.14265083440308088
49024,55925,0.14247619047619048
49024,56182,0.14263565891472868
49024,6342,0.13053924185798185
49024,6343,0.12863825363825362
49024,10055,0.10583687669114805
49024,6820,0.03741373047584454
49024,6822,0.16753246753246753
49024,6831,0.14095513748191027
49024,6889,0.10404060121022839
49024,9108,0.1916023166023166
49024,9110,0.16307692307692306
49024,9157,0.1976613447267821
49024,9158,0.15416551342374757
49024,9159,0.16009629852542884
49024,9160,0.14796992481203008
49024,9186,0.18985270049099837
49024,9187,0.1746307558644657
49024,9325,0.17954815695600476
49024,9326,0.12931854199683043
49024,9369,0.18351477449455678
49024,9375,0.15526164462334674
49024,9950,0.13909313725490197
49024,31218,0.17566278847987793
49024,33328,0.1295226512617817
49024,33329,0.15755053507728894
49024,35264,0.1529299666507861
49024,38126,0.12483934538599949
49024,43335,0.15592747559274756
49024,44174,0.14640508051712406
49024,45123,0.1342169124509987
49024,45635,0.17658930373360243
49024,46157,0.1806797853309481
49024,46987,0.1554789800137836
49024,2188,0.1565217391304348
49024,24043,0.12213740458015267
49024,24288,0.18011695906432748
49024,27822,0.17893835616438356
49024,31199,0.19221728910942804
49024,33863,0.1629821260583255
49024,33864,0.16085440278988666
49024,34521,0.18162593984962405
49024,38402,0.1996438464582509
49024,40117,0.116737915159487
49024,45579,0.17884322678843226
49024,312161,0.18433643918408463
49024,47804,0.16033644368510974
49024,6383,0.17719331925513535
49024,6496,0.18679549114331723
49024,6498,0.1837733869557615
49024,6499,0.1697195655697844
49024,6503,0.18159065628476084
49024,6504,0.1927710843373494
49024,6505,0.1878698224852071
49024,6518,0.17458100558659218
49024,6525,0.188842893751232
49024,6549,0.17857142857142858
49024,6649,0.17167953154112323
49024,77182,0.18144938226074128
49024,7939,0.10284167794316644
49024,20977,0.14060080520284918
49024,24212,0.10661268556005399
49024,24213,0.10906657745065239
49024,24214,0.1688
49024,6651,0.16979166666666667
49024,74008,0.1562204724409449
49024,8889,0.1635973538351511
49024,8895,0.1765061454765263
49024,8915,0.15649064906490648
49024,8916,0.1328103868001082
49024,8917,0.09983686786296901
49024,8919,0.17755443886097153
49024,8921,0.1725206611570248
49024,8922,0.17046056114346214
49024,8923,0.1566621803499327
49024,8925,0.16263736263736264
49024,8926,0.1804889741131352
49024,8927,0.17464925012094823
49024,30165,0.1552257266542981
49024,64417,0.15648898527565347
49024,64482,0.1560800790904597
49024,64718,0.14736732786374493
49024,64869,0.13575282000980873
49024,65089,0.138823297914207
49024,65212,0.14503436597270644
49024,65346,0.16765536723163843
49024,65648,0.17331350547519264
49024,66437,0.14544869042507513
49024,66673,0.14560956704683867
49024,66904,0.16158410376707602
49024,66952,0.16086147301249668
49024,2187,0.15088092704268652
49024,2313,0.15664353636597275
49024,2314,0.15579370395177494
49024,46580,0.19066300510003922
49593,5325,0.13773060399292394
49593,5326,0.17792688570106432
49593,5653,0.1750906892382104
49593,7875,0.13759398496240602
49593,9260,0.0909355872923346
49593,24249,0.17388604253997827
49593,3498,0.14195037507212926
49593,39792,0.018709073900841908
49593,45600,0.15699000175407823
49593,5607,0.14502726564528695
49593,6079,0.16918660287081339
49593,17622,0.17687901406005901
49593,2499,0.18979441997063143
49593,41051,0.16294169059807717
49593,41818,0.16957123098201937
49593,41907,0.18421052631578946
49593,42311,0.1708884688090737
49593,42338,0.15753256328336201
49593,46135,0.12357846853677028
49593,47818,0.15719815207891122
49593,49908,0.15378356387306755
49593,55321,0.16064210647880817
49593,60437,0.15718992454033373
49593,61266,0.18596340766152086
49593,64449,0.17234983592523898
49593,64466,0.16885130373502466
49593,64513,0.15295292795604945
49593,64522,0.17474943420627223
49593,64525,0.16258278145695365
49593,75802,0.15305452156776878
49593,79173,0.14975441529940434
49593,22492,0.1252725138353178
49593,22659,0.09723023658395845
49593,22761,0.11251489868891537
49593,24746,0.12710120068610634
49593,28280,0.12784260284473214
49593,38638,0.12479145812479146
49593,16304,0.1644616788321168
49593,21593,0.13282317573107405
49593,21989,0.17378171566653242
49593,22367,0.17507477567298105
49593,23532,0.148806500761808
49593,25791,0.1616639092413141
49593,30570,0.017699115044247787
49593,30655,0.1173092698933552
49593,30753,0.04508071885470606
49593,38395,0.14452332657200812
49593,69327,0.16976556184316896
49593,30821,0.11208356860530773
49593,36076,0.183917041674819
49593,38295,0.17627194957226475
49593,38754,0.14011208967173738
49593,38755,0.1008189776899181
49593,41197,0.19090352845196817
49593,46873,0.16683336667333468
49593,49543,0.1795190069821567
49593,55925,0.17316499566778065
49593,56182,0.17579408543263966
49593,6342,0.15675885241664514
49593,6343,0.15628153380423815
49593,10055,0.12450562823243079
49593,6820,0.03537077257213776
49593,6822,0.15747848336822518
49593,6831,0.13439343421390101
49593,6889,0.12507155123068117
49593,9108,0.1944015869517302
49593,9110,0.16939752961935972
49593,9157,0.19855521155830752
49593,9158,0.14839506172839506
49593,9159,0.15227212330587298
49593,9160,0.16193565828602324
49593,9186,0.20011435105774728
49593,9187,0.19282965363581123
49593,9325,0.20402743969904846
49593,9326,0.13340807174887892
49593,9369,0.21277928586343706
49593,9375,0.15181771633384536
49593,9950,0.16589684372594304
49593,31218,0.17278503353335686
49593,33328,0.12523464735854117
49593,33329,0.14349189754312597
49593,35264,0.15781677301731997
49593,38126,0.1299402191962803
49593,43335,0.1431043005437469
49593,44174,0.15133724722765818
49593,45123,0.13872363439697133
49593,45635,0.16376385433159918
49593,46157,0.17156637574644004
49593,46987,0.16005758408585263
49593,2188,0.1622323969805717
49593,24043,0.10091220068415051
49593,24288,0.15873348710421473
49593,27822,0.17592592592592593
49593,31199,0.1831184056271981
49593,33863,0.14787391580283477
49593,33864,0.1519539773854394
49593,34521,0.16171199662660762
49593,38402,0.19941348973607037
49593,40117,0.10079500283929585
49593,45579,0.17697867089723252
49593,312161,0.21263157894736842
49593,47804,0.1811722912966252
49593,6383,0.17002830856334042
49593,6496,0.17830746489283075
49593,6498,0.19377675337504116
49593,6499,0.183971696662052
49593,6503,0.18102372034956304
49593,6504,0.21553267681289168
49593,6505,0.18739054290718038
49593,6518,0.17921911670578194
49593,6525,0.19158279963403477
49593,6549,0.18697305339725576
49593,6649,0.15410068541715907
49593,77182,0.18330183817213538
49593,7939,0.08560650029019153
49593,20977,0.12328028055031022
49593,24212,0.09014492753623188
49593,24213,0.09615939936471268
49593,24214,0.1583710407239819
49593,6651,0.1608309990662932
49593,74008,0.15965016305959087
49593,8889,0.16173537234042554
49593,8895,0.16907140214576397
49593,8915,0.14209115281501342
49593,8916,0.1258741258741259
49593,8917,0.08875070661390616
49593,8919,0.16574374641970593
49593,8921,0.16480605487228003
49593,8922,0.14582846459453144
49593,8923,0.13924654268001907
49593,8925,0.14895173086299365
49593,8926,0.17063663923776526
49593,8927,0.15996522495109758
49593,30165,0.15786371138882338
49593,64417,0.16052487698195736
49593,64482,0.1629226767557342
49593,64718,0.160676532769556
49593,64869,0.14280299440917274
49593,65089,0.14797181489240144
49593,65212,0.15220319415047143
49593,65346,0.17485898468976632
49593,65648,0.18132576734588599
49593,66437,0.15672648065553366
49593,66673,0.157225309961522
49593,66904,0.17200052680100092
49593,66952,0.17452830188679244
49593,2187,0.15962761126248864
49593,2313,0.1765727757786326
49593,2314,0.17915857605177993
49593,46580,0.21001108237901736
5325,5326,0.21477477477477477
5325,5653,0.19127134724857686
5325,7875,0.9603616133518776
5325,9260,0.14812712826333713
5325,24249,0.13638132295719843
5325,3498,0.14422899353647275
5325,39792,0.041750841750841754
5325,45600,0.157644824311491
5325,5607,0.12432689261957555
5325,6079,0.1704
5325,17622,0.1494775102226261
5325,2499,0.17667407956510997
5325,41051,0.11824473567957591
5325,41818,0.1330529857022708
5325,41907,0.14285714285714285
5325,42311,0.17520357236669293
5325,42338,0.12228538113977554
5325,46135,0.16396242527754057
5325,47818,0.1168984906777153
5325,49908,0.10876908525874882
5325,55321,0.1094832179009057
5325,60437,0.10311635182288534
5325,61266,0.13240358126721763
5325,64449,0.12346532941379906
5325,64466,0.13074144159642181
5325,64513,0.11649331352154532
5325,64522,0.15876331731773555
5325,64525,0.13679245283018868
5325,75802,0.10578491655163759
5325,79173,0.10684474123539232
5325,22492,0.07309914702375493
5325,22659,0.10621348911311737
5325,22761,0.10914565299209635
5325,24746,0.07329449351625635
5325,28280,0.07461294534601753
5325,38638,0.07042766151046406
5325,16304,0.1552901023890785
5325,21593,0.14386792452830188
5325,21989,0.16303424851401074
5325,22367,0.1454844908042822
5325,23532,0.16396845163968451
5325,25791,0.1525974025974026
5325,30570,0.0273972602739726
5325,30655,0.14134105161601543
5325,30753,0.07474874371859297
5325,38395,0.153115971935617
5325,69327,0.1182139415354963
5325,30821,0.11228070175438597
5325,36076,0.13021920668058456
5325,38295,0.13393723714008413
5325,38754,0.11831726555652936
5325,38755,0.1
5325,41197,0.14384893085254097
5325,46873,0.11132126452310187
5325,49543,0.10005610622779129
5325,55925,0.09252217997465145
5325,56182,0.09537480063795853
5325,6342,0.09577208667979997
5325,6343,0.09273661041819516
5325,10055,0.07504319921007159
5325,6820,0.0610236220472441
5325,6822,0.19311102968120192
5325,6831,0.19920141969831412
5325,6889,0.0804462083020487
5325,9108,0.18481742472773863
5325,9110,0.15649762282091917
5325,9157,0.17577675489067895
5325,9158,0.2012295081967213
5325,9159,0.1869328493647913
5325,9160,0.1447602131438721
5325,9186,0.1772119341563786
5325,9187,0.15612867443150305
5325,9325,0.16244923461418306
5325,9326,0.14595660749506903
5325,9369,0.15512856739191863
5325,9375,0.17654530059271803
5325,9950,0.12354312354312354
5325,31218,0.1632026452527161
5325,33328,0.1527001862197393
5325,33329,0.16754617414248021
5325,35264,0.1090526869005387
5325,38126,0.08367514356029532
5325,43335,0.16807398472054685
5325,44174,0.11027663036675428
5325,45123,0.09711470795214637
5325,45635,0.19755244755244755
5325,46157,0.1896551724137931
5325,46987,0.12080326325698149
5325,2188,0.11560273375018176
5325,24043,0.16539717083786726
5325,24288,0.18088737201365188
5325,27822,0.14709467696058512
5325,31199,0.1785967399007796
5325,33863,0.16650928548945546
5325,33864,0.164719293245939
5325,34521,0.18400499843798812
5325,38402,0.1686046511627907
5325,40117,0.15285943345804381
5325,45579,0.1474537037037037
5325,312161,0.13685592385953396
5325,47804,0.1173266597968497
5325,6383,0.181598647669645
5325,6496,0.1919631430765293
5325,6498,0.14632124352331607
5325,6499,0.13934426229508196
5325,6503,0.16350985697719367
5325,6504,0.17066246056782333
5325,6505,0.18850013561160836
5325,6518,0.1652892561983471
5325,6525,0.1710654936461388
5325,6549,0.1634349030470914
5325,6649,0.20083523158694003
5325,77182,0.16370186894843503
5325,7939,0.14374646293152235
5325,20977,0.15939278937381404
5325,24212,0.1301218161683278
5325,24213,0.12095032397408208
5325,24214,0.16315205327413984
5325,6651,0.17352092352092352
5325,74008,0.12559940981187753
5325,8889,0.1412172406324453
5325,8895,0.14971257185703574
5325,8915,0.1695583596214511
5325,8916,0.16285488958990535
5325,8917,0.12565997888067582
5325,8919,0.147605338916514
5325,8921,0.1600418410041841
5325,8922,0.18195321203119197
5325,8923,0.17389635316698657
5325,8925,0.17603143418467584
5325,8926,0.17463352453792225
5325,8927,0.1667741935483871
5325,30165,0.113998899889989
5325,64417,0.10871462411170676
5325,64482,0.11178082191780822
5325,64718,0.09769471799462846
5325,64869,0.09186906019007392
5325,65089,0.09306260575296109
5325,65212,0.09596067535798247
5325,65346,0.12107194129845271
5325,65648,0.11980734497290789
5325,66437,0.10135450723960766
5325,66673,0.10347752332485156
5325,66904,0.11285072081847776
5325,66952,0.11735759021771548
5325,2187,0.1232478180375562
5325,2313,0.12443864986237868
5325,2314,0.12039423805913571
5325,46580,0.14451551764984602
5326,5653,0.19909938887101963
5326,7875,0.21237993596584845
5326,9260,0.11719418306244654
5326,24249,0.1566828566288901
5326,3498,0.17083692838654013
5326,39792,0.03188405797101449
5326,45600,0.17249517270971895
5326,5607,0.13963830418025497
5326,6079,0.17850378787878787
5326,17622,0.16306361951822113
5326,2499,0.18123620309050772
5326,41051,0.1382667964946446
5326,41818,0.14722004698512137
5326,41907,0.1565587734241908
5326,42311,0.17881257275902213
5326,42338,0.13734906695938529
5326,46135,0.1639747191011236
5326,47818,0.13108145676953017
5326,49908,0.12482414631026986
5326,55321,0.12443267776096822
5326,60437,0.11712846347607053
5326,61266,0.14987163029525033
5326,64449,0.13959472499195882
5326,64466,0.14262922782386725
5326,64513,0.13075634942785375
5326,64522,0.16853932584269662
5326,64525,0.1463319712006227
5326,75802,0.12505983724269987
5326,79173,0.12310843099328707
5326,22492,0.0914823696598277
5326,22659,0.09598031173092698
5326,22761,0.1088115396676074
5326,24746,0.09320105579321016
5326,28280,0.09453230908269318
5326,38638,0.0901950401553261
5326,16304,0.15657741559953434
5326,21593,0.13180623357116034
5326,21989,0.17040358744394618
5326,22367,0.1538647928277199
5326,23532,0.164778578784758
5326,25791,0.15789473684210525
5326,30570,0.025024533856722278
5326,30655,0.12571428571428572
5326,30753,0.060396496081143385
5326,38395,0.14174822814714816
5326,69327,0.13022002694207455
5326,30821,0.1076923076923077
5326,36076,0.14179624042701322
5326,38295,0.13501524812863877
5326,38754,0.11580817051509769
5326,38755,0.08851298190401259
5326,41197,0.16160868492474711
5326,46873,0.1319210399614829
5326,49543,0.1222684703433923
5326,55925,0.11935094542041036
5326,56182,0.12067929065223926
5326,6342,0.112375533428165
5326,6343,0.1100980798452825
5326,10055,0.08640992998090388
5326,6820,0.053989488772097464
5326,6822,0.19856608478802992
5326,6831,0.18119842124147828
5326,6889,0.09511092851273624
5326,9108,0.17866959868059373
5326,9110,0.16428808496515102
5326,9157,0.17546505781799898
5326,9158,0.18081180811808117
5326,9159,0.16800291545189505
5326,9160,0.1424963924963925
5326,9186,0.19279612098822443
5326,9187,0.1670345842531273
5326,9325,0.17151399836912204
5326,9326,0.12427634118101119
5326,9369,0.1742405222194326
5326,9375,0.16822754075615678
5326,9950,0.13108356290174472
5326,31218,0.1694591728525981
5326,33328,0.13224972294052456
5326,33329,0.15198863636363635
5326,35264,0.12495328267098542
5326,38126,0.09619608187648247
5326,43335,0.1482090042720999
5326,44174,0.12727922774401143
5326,45123,0.11367157242447715
5326,45635,0.19464285714285715
5326,46157,0.1731678486997636
5326,46987,0.13687150837988826
5326,2188,0.1335071350164654
5326,24043,0.14603441040704992
5326,24288,0.1926729986431479
5326,27822,0.1569864538875487
5326,31199,0.18313689936536717
5326,33863,0.17157665030005456
5326,33864,0.17931904161412357
5326,34521,0.19188894937397932
5326,38402,0.18161973368260206
5326,40117,0.1337737407101569
5326,45579,0.15879648976180527
5326,312161,0.15207504263786242
5326,47804,0.14825214095184613
5326,6383,0.18350604490500863
5326,6496,0.20597701149425288
5326,6498,0.17129186602870813
5326,6499,0.1689513975431725
5326,6503,0.1723127035830619
5326,6504,0.1908058709498754
5326,6505,0.20246734397677793
5326,6518,0.17634466149317635
5326,6525,0.18445960818842175
5326,6549,0.17616177328407545
5326,6649,0.19148936170212766
5326,77182,0.18481168964807573
5326,7939,0.12694300518134716
5326,20977,0.13894104393541118
5326,24212,0.1111111111111111
5326,24213,0.10718737017033651
5326,24214,0.15501237623762376
5326,6651,0.17098445595854922
5326,74008,0.14120054570259208
5326,8889,0.15702152873790243
5326,8895,0.15955307262569832
5326,8915,0.16748768472906403
5326,8916,0.1431340872374798
5326,8917,0.10072815533980582
5326,8919,0.1648711943793911
5326,8921,0.16104436229205177
5326,8922,0.16816351811706412
5326,8923,0.16331738437001594
5326,8925,0.1626095423563778
5326,8926,0.1754193016222161
5326,8927,0.16574279379157428
5326,30165,0.1313631037625309
5326,64417,0.1319087978990092
5326,64482,0.13790849673202615
5326,64718,0.11686358754027927
5326,64869,0.1113483831604637
5326,65089,0.11105461202074647
5326,65212,0.11447949850991676
5326,65346,0.13992816521999402
5326,65648,0.1378968253968254
5326,66437,0.11841517857142857
5326,66673,0.12417391304347826
5326,66904,0.13716878934270238
5326,66952,0.13447501403705783
5326,2187,0.15047498416719443
5326,2313,0.13758343549925078
5326,2314,0.13695311386632464
5326,46580,0.16433941997851773
5653,7875,0.18906776488206664
5653,9260,0.13821138211382114
5653,24249,0.15311627906976744
5653,3498,0.15716051562775915
5653,39792,0.029745808545159545
5653,45600,0.16651805617476595
5653,5607,0.13814684780949474
5653,6079,0.1785448224484728
5653,17622,0.18533916849015317
5653,2499,0.19351830263464678
5653,41051,0.14123726137505382
5653,41818,0.15202208867955172
5653,41907,0.1692225392296719
5653,42311,0.17115151515151514
5653,42338,0.1425127623369257
5653,46135,0.16295737457563184
5653,47818,0.13904899135446686
5653,49908,0.13297168563111936
5653,55321,0.1343692870201097
5653,60437,0.12562042070432522
5653,61266,0.1645952300974135
5653,64449,0.1476892163429337
5653,64466,0.15944453739334113
5653,64513,0.13105331225750827
5653,64522,0.1772681954137587
5653,64525,0.1632065775950668
5653,75802,0.12946538556294654
5653,79173,0.1263145594765132
5653,22492,0.08367787165198634
5653,22659,0.08879964301651048
5653,22761,0.08935047807451368
5653,24746,0.0839238060182203
5653,28280,0.0884185449880887
5653,38638,0.08329609437840736
5653,16304,0.1830540625987986
5653,21593,0.16547968160871387
5653,21989,0.18745014623770273
5653,22367,0.1790733992712129
5653,23532,0.18300898203592814
5653,25791,0.18360546484505164
5653,30570,0.02767017155506364
5653,30655,0.15137420718816066
5653,30753,0.06763035622096025
5653,38395,0.16531065088757396
5653,69327,0.14413006096607786
5653,30821,0.12195121951219512
5653,36076,0.15496427691549644
5653,38295,0.16010814058275757
5653,38754,0.13367108339828526
5653,38755,0.09835355285961872
5653,41197,0.17418677859391396
5653,46873,0.12424547283702213
5653,49543,0.12515779981965736
5653,55925,0.10860655737704918
5653,56182,0.112565445026178
5653,6342,0.11375311903713489
5653,6343,0.11168091168091168
5653,10055,0.09406586240626019
5653,6820,0.0630048465266559
5653,6822,0.22974812797821648
5653,6831,0.18466898954703834
5653,6889,0.09317681584739546
5653,9108,0.233201581027668
5653,9110,0.2320421210981572
5653,9157,0.23478744095582108
5653,9158,0.23146067415730337
5653,9159,0.20413122721749696
5653,9160,0.1605377619612495
5653,9186,0.22766857427220702
5653,9187,0.2285559174809989
5653,9325,0.22425697988592014
5653,9326,0.15960207612456748
5653,9369,0.2275614471140569
5653,9375,0.19648988935520795
5653,9950,0.14848336594911937
5653,31218,0.18059901654000893
5653,33328,0.1497564935064935
5653,33329,0.1811764705882353
5653,35264,0.13581203201652467
5653,38126,0.10413849066810928
5653,43335,0.17464890169247388
5653,44174,0.13647000862175146
5653,45123,0.12038970076548365
5653,45635,0.2117910925985261
5653,46157,0.19424920127795528
5653,46987,0.15240436318943001
5653,2188,0.14129353233830846
5653,24043,0.1553398058252427
5653,24288,0.18502704241389126
5653,27822,0.16292134831460675
5653,31199,0.21231073074391046
5653,33863,0.17631731325998842
5653,33864,0.17784256559766765
5653,34521,0.1923519263944796
5653,38402,0.19048713235294118
5653,40117,0.14065335753176045
5653,45579,0.15748203005881073
5653,312161,0.15368357487922704
5653,47804,0.1504053271569195
5653,6383,0.19318181818181818
5653,6496,0.19239001189060642
5653,6498,0.19894115251476277
5653,6499,0.1897069872276484
5653,6503,0.22258533042846768
5653,6504,0.22272317403065825
5653,6505,0.23058945728382238
5653,6518,0.20800696257615317
5653,6525,0.2161076995748701
5653,6549,0.201363073110285
5653,6649,0.1895910780669145
5653,77182,0.18055555555555555
5653,7939,0.12116925978312117
5653,20977,0.16417290108063176
5653,24212,0.12687969924812031
5653,24213,0.12638888888888888
5653,24214,0.20102915951972555
5653,6651,0.1839947523778288
5653,74008,0.15604867573371511
5653,8889,0.1486320947325439
5653,8895,0.17743467933491686
5653,8915,0.18382614891343071
5653,8916,0.16778523489932887
5653,8917,0.1308496138119037
5653,8919,0.18048294747323873
5653,8921,0.17793069550258048
5653,8922,0.18315508021390375
5653,8923,0.17515485203028217
5653,8925,0.182909604519774
5653,8926,0.18147282291057862
5653,8927,0.18309020541827925
5653,30165,0.1470029834553838
5653,64417,0.1415525114155251
5653,64482,0.15263229492586042
5653,64718,0.1260522817899867
5653,64869,0.11427083333333334
5653,65089,0.11431846602751146
5653,65212,0.1148109243697479
5653,65346,0.15031152647975077
5653,65648,0.14983040849432236
5653,66437,0.12104901511681172
5653,66673,0.12172573189522343
5653,66904,0.14895563348071353
5653,66952,0.1446485855934675
5653,2187,0.14280180761781794
5653,2313,0.14159167604049494
5653,2314,0.14840622683469237
5653,46580,0.18096972456180288
7875,9260,0.14508060033351863
7875,24249,0.13650425367362723
7875,3498,0.14450973191333089
7875,39792,0.040735873850197106
7875,45600,0.15736160188457007
7875,5607,0.12395652858717908
7875,6079,0.16935270805812416
7875,17622,0.14952638700947227
7875,2499,0.17622549019607844
7875,41051,0.11842298109336069
7875,41818,0.13317717918688304
7875,41907,0.1431451612903226
7875,42311,0.17443374121322572
7875,42338,0.12244305817496011
7875,46135,0.16287878787878787
7875,47818,0.1170839469808542
7875,49908,0.1091227125941873
7875,55321,0.10953454449012068
7875,60437,0.10345240949412611
7875,61266,0.13253424657534246
7875,64449,0.1236457437661221
7875,64466,0.13068764967499144
7875,64513,0.11668145519077196
7875,64522,0.15850622406639003
7875,64525,0.1364410387398893
7875,75802,0.106125
7875,79173,0.10716407270999169
7875,22492,0.07393174123890567
7875,22659,0.10531803962460896
7875,22761,0.11011904761904762
7875,24746,0.07404630237135626
7875,28280,0.07535584705554005
7875,38638,0.07096832743443143
7875,16304,0.15530047265361244
7875,21593,0.14087117701575533
7875,21989,0.16232127838519764
7875,22367,0.14464382816748234
7875,23532,0.16243862520458266
7875,25791,0.15140719629497684
7875,30570,0.027406417112299464
7875,30655,0.13994307400379508
7875,30753,0.07371007371007371
7875,38395,0.15174938974776242
7875,69327,0.1184084372003835
7875,30821,0.11133004926108374
7875,36076,0.1295577967416602
7875,38295,0.13344
7875,38754,0.11691113028472822
7875,38755,0.09871031746031746
7875,41197,0.14301430143014301
7875,46873,0.11140867702196036
7875,49543,0.10059501673484567
7875,55925,0.09296130117779024
7875,56182,0.09568390986988258
7875,6342,0.09573345394240916
7875,6343,0.09271426485618338
7875,10055,0.07835390946502058
7875,6820,0.07263294422827497
7875,6822,0.19963570127504554
7875,6831,0.20598591549295775
7875,6889,0.08267294923966588
7875,9108,0.1913265306122449
7875,9110,0.16469661150512213
7875,9157,0.17559863169897377
7875,9158,0.20016174686615446
7875,9159,0.1859633437639696
7875,9160,0.14592462751971955
7875,9186,0.17824310520939735
7875,9187,0.15676567656765678
7875,9325,0.1685323383084577
7875,9326,0.14723032069970846
7875,9369,0.1564339781328848
7875,9375,0.18518518518518517
7875,9950,0.12844983234459634
7875,31218,0.16287790016404968
7875,33328,0.1511681172698122
7875,33329,0.1673894189071986
7875,35264,0.1092502943870208
7875,38126,0.08418181818181818
7875,43335,0.1660721363456203
7875,44174,0.11032161555721764
7875,45123,0.0974143114852676
7875,45635,0.19585492227979276
7875,46157,0.18804310045185957
7875,46987,0.12080536912751678
7875,2188,0.1161140871579557
7875,24043,0.16275346851654215
7875,24288,0.17992017193736567
7875,27822,0.14692230070635723
7875,31199,0.17710885544277213
7875,33863,0.16568047337278108
7875,33864,0.16431394692264256
7875,34521,0.18299845440494591
7875,38402,0.167948101874099
7875,40117,0.15110178384050368
7875,45579,0.14751838235294118
7875,312161,0.13742690058479531
7875,47804,0.11734544389100499
7875,6383,0.18140426551641506
7875,6496,0.1953144894321365
7875,6498,0.1497005988023952
7875,6499,0.14247720364741642
7875,6503,0.16877637130801687
7875,6504,0.17492163009404388
7875,6505,0.1923907177549919
7875,6518,0.1644956073916995
7875,6525,0.17436770428015563
7875,6549,0.16634839804795248
7875,6649,0.2003000750187547
7875,77182,0.1636485580147552
7875,7939,0.15617977528089888
7875,20977,0.16043030869971936
7875,24212,0.13119216113228088
7875,24213,0.12214551248008497
7875,24214,0.16349670811997075
7875,6651,0.1733238231098431
7875,74008,0.12557286892758937
7875,8889,0.1410752688172043
7875,8895,0.15405674464907915
7875,8915,0.1781090623774029
7875,8916,0.18163830629204591
7875,8917,0.1506631299734748
7875,8919,0.15336463223787167
7875,8921,0.16575449569976544
7875,8922,0.18994826311899482
7875,8923,0.18039664378337147
7875,8925,0.18266978922716628
7875,8926,0.18152967311964455
7875,8927,0.17228103946102022
7875,30165,0.11448918104628869
7875,64417,0.10876583064315867
7875,64482,0.11227830832196453
7875,64718,0.09814856123131831
7875,64869,0.09220082096621408
7875,65089,0.09339095604511437
7875,65212,0.09616613418530351
7875,65346,0.12142857142857143
7875,65648,0.11981428785382657
7875,66437,0.10143073165057578
7875,66673,0.10368135184067592
7875,66904,0.11358024691358025
7875,66952,0.11770817871456138
7875,2187,0.12397891963109355
7875,2313,0.12523445390275573
7875,2314,0.12124414917711007
7875,46580,0.14487300094073377
9260,24249,0.0787518573551263
9260,3498,0.07898392538202025
9260,39792,0.04648074369189907
9260,45600,0.09059602649006622
9260,5607,0.06680127881541309
9260,6079,0.10033343437405275
9260,17622,0.0866599292572006
9260,2499,0.10427586206896551
9260,41051,0.0639788293897883
9260,41818,0.07172314864622557
9260,41907,0.07870737509912767
9260,42311,0.10368389780154486
9260,42338,0.06538756715272448
9260,46135,0.12786697247706422
9260,47818,0.06343984962406016
9260,49908,0.05736191963651853
9260,55321,0.05784546597736482
9260,60437,0.052967693463561234
9260,61266,0.07244239631336405
9260,64449,0.06892697466467958
9260,64466,0.07308970099667775
9260,64513,0.06277533039647577
9260,64522,0.08867667121418826
9260,64525,0.08762269571462772
9260,75802,0.05571578395385422
9260,79173,0.055349182763744426
9260,22492,0.0382425507686468
9260,22659,0.09602649006622517
9260,22761,0.07996051332675222
9260,24746,0.03998829610845606
9260,28280,0.03930088837388953
9260,38638,0.03830550051891688
9260,16304,0.10243492863140219
9260,21593,0.12643678160919541
9260,21989,0.10233629483382692
9260,22367,0.09317963496637849
9260,23532,0.13233665559246954
9260,25791,0.10979498861047836
9260,30570,0.04073033707865169
9260,30655,0.1090407177363699
9260,30753,0.08428246013667426
9260,38395,0.10178668110449378
9260,69327,0.06397941680960549
9260,30821,0.11026615969581749
9260,36076,0.08373786407766991
9260,38295,0.10060120240480962
9260,38754,0.10884353741496598
9260,38755,0.10170807453416149
9260,41197,0.09232769830949285
9260,46873,0.0798454603992273
9260,49543,0.06066252587991718
9260,55925,0.05295622085151196
9260,56182,0.05948664585501214
9260,6342,0.055446836268754074
9260,6343,0.05405831363278172
9260,10055,0.03620747726507242
9260,6820,0.08333333333333333
9260,6822,0.12275179856115108
9260,6831,0.14757969303423848
9260,6889,0.04160143144710356
9260,9108,0.11829593001141119
9260,9110,0.11627906976744186
9260,9157,0.11528150134048257
9260,9158,0.13955928646379853
9260,9159,0.15917602996254682
9260,9160,0.12214682294879704
9260,9186,0.10474537037037036
9260,9187,0.10106554730384243
9260,9325,0.1110277569392348
9260,9326,0.12833453496755587
9260,9369,0.0979551451187335
9260,9375,0.14447592067988668
9260,9950,0.07866184448462929
9260,31218,0.09833904561033482
9260,33328,0.12222222222222222
9260,33329,0.1319402985074627
9260,35264,0.05798099435339485
9260,38126,0.04223241876580204
9260,43335,0.11945748565466875
9260,44174,0.05694553036226219
9260,45123,0.048641949808943506
9260,45635,0.12918254976704785
9260,46157,0.11384876805437553
9260,46987,0.0662992651970608
9260,2188,0.06190476190476191
9260,24043,0.13920922570016475
9260,24288,0.1289366432011856
9260,27822,0.08263181214000886
9260,31199,0.12785588752196836
9260,33863,0.11798179059180576
9260,33864,0.10822510822510822
9260,34521,0.12425816023738873
9260,38402,0.09391819160387513
9260,40117,0.1393643031784841
9260,45579,0.08841068187710656
9260,312161,0.08678184009642427
9260,47804,0.06418445240691696
9260,6383,0.10416666666666667
9260,6496,0.10581560283687944
9260,6498,0.08405270331667423
9260,6499,0.07854485324514263
9260,6503,0.11878727634194831
9260,6504,0.11144578313253012
9260,6505,0.10896847260483625
9260,6518,0.11281489594742607
9260,6525,0.0995092693565976
9260,6549,0.0886984715145901
9260,6649,0.13771888310459063
9260,77182,0.09594829729057917
9260,7939,0.14623069936421434
9260,20977,0.13315400134498992
9260,24212,0.12554872695346794
9260,24213,0.11515664690939881
9260,24214,0.11188811188811189
9260,6651,0.11938958707360861
9260,74008,0.0754679009861139
9260,8889,0.08075724898154804
9260,8895,0.0915032679738562
9260,8915,0.12429954151808456
9260,8916,0.11280487804878049
9260,8917,0.10369774919614148
9260,8919,0.09348612786489746
9260,8921,0.09630292188431723
9260,8922,0.12482598607888631
9260,8923,0.1280667320902846
9260,8925,0.12771327612317013
9260,8926,0.11419870574800152
9260,8927,0.10732274312282061
9260,30165,0.06036972848064703
9260,64417,0.058287795992714025
9260,64482,0.059475806451612906
9260,64718,0.050615277455305314
9260,64869,0.04721827522133566
9260,65089,0.04827057793345009
9260,65212,0.04823399558498896
9260,65346,0.06561278259391468
9260,65648,0.06657088122605365
9260,66437,0.05203784570596798
9260,66673,0.0556398583712696
9260,66904,0.06573705179282868
9260,66952,0.06264794066593025
9260,2187,0.06089699629680428
9260,2313,0.06396232148283197
9260,2314,0.06232975484697965
9260,46580,0.09081167961425127
24249,3498,0.23531767218366256
24249,39792,0.021286031042128603
24249,45600,0.2004538577912254
24249,5607,0.20042543134010873
24249,6079,0.20206584893479665
24249,17622,0.21052631578947367
24249,2499,0.2076899320568252
24249,41051,0.21595708252482593
24249,41818,0.2208650130873738
24249,41907,0.226195205932989
24249,42311,0.20412404092071612
24249,42338,0.20941996402877697
24249,46135,0.13209393346379647
24249,47818,0.2076739155186155
24249,49908,0.20507060333761232
24249,55321,0.2016248153618907
24249,60437,0.1955607705094358
24249,61266,0.21589905362776024
24249,64449,0.19884581608330196
24249,64466,0.2097462949007787
24249,64513,0.20641259698767686
24249,64522,0.2292529638623054
24249,64525,0.20302158273381296
24249,75802,0.19836462749848577
24249,79173,0.2000194476857254
24249,22492,0.15295680024998046
24249,22659,0.07326236693800876
24249,22761,0.10060472787245739
24249,24746,0.1511128775834658
24249,28280,0.1520107450422691
24249,38638,0.1439265318722025
24249,16304,0.16254735702688075
24249,21593,0.11667684789248625
24249,21989,0.18557724115117433
24249,22367,0.18479685452162517
24249,23532,0.1451171875
24249,25791,0.15622111295988167
24249,30570,0.01514139389890893
24249,30655,0.10286643626753406
24249,30753,0.03989535644211903
24249,38395,0.13079598145285934
24249,69327,0.19354454502143878
24249,30821,0.08937048503611972
24249,36076,0.16322997009286952
24249,38295,0.15077138849929875
24249,38754,0.10955111726319952
24249,38755,0.07757201646090535
24249,41197,0.18000986355416734
24249,46873,0.13087354146956795
24249,49543,0.15293359123146358
24249,55925,0.16286820038701355
24249,56182,0.1530955976303868
24249,6342,0.15553060078607525
24249,6343,0.15425181278839814
24249,10055,0.14095669402773847
24249,6820,0.02633889376646181
24249,6822,0.1565934065934066
24249,6831,0.1278136621648072
24249,6889,0.13578965576889812
24249,9108,0.17755706569088692
24249,9110,0.13996948893974065
24249,9157,0.18507462686567164
24249,9158,0.14531548757170173
24249,9159,0.12554541848472828
24249,9160,0.11447212336892053
24249,9186,0.19592795614722006
24249,9187,0.17700700211691908
24249,9325,0.17443270396674174
24249,9326,0.09991826726604004
24249,9369,0.1780121971320257
24249,9375,0.13978914486528699
24249,9950,0.14985232395460904
24249,31218,0.20768416275903798
24249,33328,0.10944076969332532
24249,33329,0.1272440323535214
24249,35264,0.20280305407384164
24249,38126,0.17368090452261306
24249,43335,0.1353512278697887
24249,44174,0.20555836280949974
24249,45123,0.18890401633764464
24249,45635,0.18213309024612578
24249,46157,0.1773308957952468
24249,46987,0.20360976760646454
24249,2188,0.20518867924528303
24249,24043,0.10050782903089293
24249,24288,0.1871001210444406
24249,27822,0.22072640583368391
24249,31199,0.18680297397769516
24249,33863,0.1704152249134948
24249,33864,0.17301378857518057
24249,34521,0.183923941227312
24249,38402,0.22730811147438892
24249,40117,0.08916266443934015
24249,45579,0.18878837312768798
24249,312161,0.14801126363956355
24249,47804,0.19063059033989266
24249,6383,0.18722006569125113
24249,6496,0.18307267709291627
24249,6498,0.20223932820153953
24249,6499,0.19476398254660848
24249,6503,0.14423076923076922
24249,6504,0.1727005023384722
24249,6505,0.1877094972067039
24249,6518,0.17027441622635078
24249,6525,0.19243620899149452
24249,6549,0.18649025069637884
24249,6649,0.15865921787709497
24249,77182,0.19180066637693757
24249,7939,0.07695569217723129
24249,20977,0.1189507930052867
24249,24212,0.08533730580974676
24249,24213,0.08884648006785412
24249,24214,0.15922257521958513
24249,6651,0.18113772455089822
24249,74008,0.19483568075117372
24249,8889,0.19124588756973251
24249,8895,0.20273241206030151
24249,8915,0.1604391371340524
24249,8916,0.14155424662739882
24249,8917,0.0805578684429642
24249,8919,0.19008792965627497
24249,8921,0.1965197956577267
24249,8922,0.16108630952380953
24249,8923,0.1629277566539924
24249,8925,0.15694895813419996
24249,8926,0.18791828108488903
24249,8927,0.18263950398582818
24249,30165,0.20818447547905164
24249,64417,0.20898239935261986
24249,64482,0.20641260930584043
24249,64718,0.1961331102435397
24249,64869,0.18943630714602752
24249,65089,0.19416956405456004
24249,65212,0.20095607468206006
24249,65346,0.2125255439355692
24249,65648,0.2115162704823448
24249,66437,0.19691452663855882
24249,66673,0.20217391304347826
24249,66904,0.20333803479078513
24249,66952,0.20497887404362225
24249,2187,0.18906957595718402
24249,2313,0.19516235917826374
24249,2314,0.19283023176161662
24249,46580,0.18664460821176115
3498,39792,0.027122153209109733
3498,45600,0.23436569386539607
3498,5607,0.22872837774661056
3498,6079,0.21221065713841852
3498,17622,0.19016853932584268
3498,2499,0.20252978379173409
3498,41051,0.19574190745166195
3498,41818,0.20862110026196715
3498,41907,0.20612219294944173
3498,42311,0.2000608550129317
3498,42338,0.2034650785056849
3498,46135,0.1457361448031349
3498,47818,0.19724770642201836
3498,49908,0.1836609962310278
3498,55321,0.18148893360160967
3498,60437,0.17096323871568173
3498,61266,0.19638366662675127
3498,64449,0.17179002128162688
3498,64466,0.1959046820740031
3498,64513,0.1910626702997275
3498,64522,0.2268619934282585
3498,64525,0.17991065385136049
3498,75802,0.18434563595853917
3498,79173,0.1945803537824614
3498,22492,0.1256423624041111
3498,22659,0.055491551459293395
3498,22761,0.08033288043478261
3498,24746,0.12376912589001667
3498,28280,0.12529194605590296
3498,38638,0.1171794494332401
3498,16304,0.13373353343338334
3498,21593,0.09631993991738641
3498,21989,0.16925707180603047
3498,22367,0.1574370709382151
3498,23532,0.12685755708590069
3498,25791,0.12993674132330313
3498,30570,0.013195876288659794
3498,30655,0.08381773860866304
3498,30753,0.03850050658561297
3498,38395,0.10501957992168032
3498,69327,0.16257703081232494
3498,30821,0.061228334589299174
3498,36076,0.1176046176046176
3498,38295,0.1095253367543297
3498,38754,0.07437421213758329
3498,38755,0.054895302773061684
3498,41197,0.13825929283771532
3498,46873,0.09499563572883328
3498,49543,0.10997014925373134
3498,55925,0.12078651685393259
3498,56182,0.11506344214293461
3498,6342,0.11058946270213876
3498,6343,0.11019114790963917
3498,10055,0.12446264073694985
3498,6820,0.02925531914893617
3498,6822,0.16751269035532995
3498,6831,0.13656633221850614
3498,6889,0.11564231946397552
3498,9108,0.16263484798953906
3498,9110,0.12307146657208724
3498,9157,0.16856208132107806
3498,9158,0.15468607825295724
3498,9159,0.12144318393156035
3498,9160,0.09104151493080845
3498,9186,0.19126416219439477
3498,9187,0.16250191629618274
3498,9325,0.14950861930078943
3498,9326,0.08039917153078516
3498,9369,0.15700185070943862
3498,9375,0.1307285010041994
3498,9950,0.11926075656944846
3498,31218,0.20820052158794553
3498,33328,0.09094276717910724
3498,33329,0.11624057384587089
3498,35264,0.1820719912254462
3498,38126,0.16275359015272395
3498,43335,0.11722065063649222
3498,44174,0.19773790951638065
3498,45123,0.18669758966288413
3498,45635,0.1779193937306235
3498,46157,0.16094310609943618
3498,46987,0.19259008245792386
3498,2188,0.1831376734258271
3498,24043,0.10128840436075322
3498,24288,0.20253164556962025
3498,27822,0.20286776420605418
3498,31199,0.16126809097174363
3498,33863,0.16970593067192377
3498,33864,0.18424376381433533
3498,34521,0.20629604822505024
3498,38402,0.20069960647135987
3498,40117,0.09149686520376175
3498,45579,0.1624774336897653
3498,312161,0.10242025965699632
3498,47804,0.18923592348427537
3498,6383,0.21642993117586762
3498,6496,0.2076911566661679
3498,6498,0.1997049356223176
3498,6499,0.19920827480526115
3498,6503,0.12721530092998773
3498,6504,0.15235322658903444
3498,6505,0.19478927203065133
3498,6518,0.16224046354418156
3498,6525,0.19013778100072518
3498,6549,0.2035806320358063
3498,6649,0.1744642857142857
3498,77182,0.2055063913470993
3498,7939,0.0751730959446093
3498,20977,0.1061178247734139
3498,24212,0.07551261829652997
3498,24213,0.07331378299120235
3498,24214,0.14131569787678386
3498,6651,0.16352530541012217
3498,74008,0.1962041226747109
3498,8889,0.19108367626886144
3498,8895,0.1818315882613184
3498,8915,0.1501712637461691
3498,8916,0.1348314606741573
3498,8917,0.07605743112145906
3498,8919,0.17756303789823344
3498,8921,0.18795399515738498
3498,8922,0.165547703180212
3498,8923,0.15716073663507957
3498,8925,0.15566378066378067
3498,8926,0.17549668874172186
3498,8927,0.16253306878306878
3498,30165,0.1953700820097581
3498,64417,0.20244259892525648
3498,64482,0.19829557264601955
3498,64718,0.16903898859517283
3498,64869,0.17105151128139634
3498,65089,0.17051161998808206
3498,65212,0.17318915207689667
3498,65346,0.18888762381874075
3498,65648,0.1893491124260355
3498,66437,0.17272229322621874
3498,66673,0.17800357512465895
3498,66904,0.17373961218836564
3498,66952,0.17837078651685392
3498,2187,0.2111472742066721
3498,2313,0.17099748533109807
3498,2314,0.16098871574422355
3498,46580,0.16094058011827655
39792,45600,0.03673120728929385
39792,5607,0.016819837003641407
39792,6079,0.026024723487312947
39792,17622,0.022727272727272728
39792,2499,0.022022602144306
39792,41051,0.015328117515567619
39792,41818,0.01569423929098966
39792,41907,0.018043879434078328
39792,42311,0.025324469768914212
39792,42338,0.014276749294006902
39792,46135,0.04120111731843575
39792,47818,0.014788619193055779
39792,49908,0.012785122766235653
39792,55321,0.012992575671045116
39792,60437,0.01160418260647794
39792,61266,0.01616891763363135
39792,64449,0.015046296296296295
39792,64466,0.016181229773462782
39792,64513,0.014705882352941176
39792,64522,0.02059171597633136
39792,64525,0.020065211938801102
39792,75802,0.012561806761993853
39792,79173,0.01245596376446905
39792,22492,0.0077034183919114105
39792,22659,0.03288672350791717
39792,22761,0.02026221692491061
39792,24746,0.008114794656110836
39792,28280,0.008331699666732013
39792,38638,0.007559808612440192
39792,16304,0.026743075453677174
39792,21593,0.04661389621811785
39792,21989,0.024964336661911554
39792,22367,0.0247645622602023
39792,23532,0.0411413404114134
39792,25791,0.02833158447009444
39792,30570,0.04743083003952569
39792,30655,0.033820840950639856
39792,30753,0.043859649122807015
39792,38395,0.027686222808174028
39792,69327,0.013987252124645893
39792,30821,0.029288702928870293
39792,36076,0.01775147928994083
39792,38295,0.024830699774266364
39792,38754,0.02890625
39792,38755,0.03512623490669594
39792,41197,0.019801980198019802
39792,46873,0.014094432699083862
39792,49543,0.011536787113626469
39792,55925,0.009908654590493884
39792,56182,0.009136510211393766
39792,6342,0.008748317631224764
39792,6343,0.00860529306705634
39792,10055,0.007151370679380214
39792,6820,0.06111111111111111
39792,6822,0.03375959079283888
39792,6831,0.038924274593064405
39792,6889,0.008098551385878864
39792,9108,0.025811823480432972
39792,9110,0.026829268292682926
39792,9157,0.02185596560372626
39792,9158,0.03351614868982328
39792,9159,0.032909498878085267
39792,9160,0.025974025974025976
39792,9186,0.021705900336288598
39792,9187,0.02265597769257581
39792,9325,0.022203947368421052
39792,9326,0.037142857142857144
39792,9369,0.022214260121820137
39792,9375,0.03415941058271936
39792,9950,0.015711947626841243
39792,31218,0.021877596233730267
39792,33328,0.03762541806020067
39792,33329,0.0364963503649635
39792,35264,0.012078651685393259
39792,38126,0.009379441023211747
39792,43335,0.030864197530864196
39792,44174,0.01246519029306458
39792,45123,0.010335108048856874
39792,45635,0.03058823529411765
39792,46157,0.03173076923076923
39792,46987,0.015117677375021473
39792,2188,0.012743864065449969
39792,24043,0.07083825265643448
39792,24288,0.033360128617363344
39792,27822,0.02177438035672921
39792,31199,0.038232373386295926
39792,33863,0.029154518950437316
39792,33864,0.025899280575539568
39792,34521,0.03315810756166599
39792,38402,0.024550385383956607
39792,40117,0.05131128848346636
39792,45579,0.019446726924130374
39792,312161,0.02294630564479119
39792,47804,0.014689445952418969
39792,6383,0.02150237363864842
39792,6496,0.020578586340590517
39792,6498,0.019700925706147638
39792,6499,0.017378245011800044
39792,6503,0.028985507246376812
39792,6504,0.0244104261481175
39792,6505,0.021421616358325218
39792,6518,0.0288
39792,6525,0.01978211009174312
39792,6549,0.018808777429467086
39792,6649,0.033780160857908845
39792,77182,0.018911917098445596
39792,7939,0.049399198931909215
39792,20977,0.045847750865051905
39792,24212,0.05774278215223097
39792,24213,0.05919395465994962
39792,24214,0.030777537796976243
39792,6651,0.03806584362139918
39792,74008,0.01713330547430004
39792,8889,0.022042057258677476
39792,8895,0.022796352583586626
39792,8915,0.03963963963963964
39792,8916,0.03564954682779456
39792,8917,0.04789719626168224
39792,8919,0.024390243902439025
39792,8921,0.0236648544931244
39792,8922,0.03397027600849257
39792,8923,0.036973833902161544
39792,8925,0.036556603773584904
39792,8926,0.028104026845637585
39792,8927,0.03027681660899654
39792,30165,0.013132654566917515
39792,64417,0.012962962962962963
39792,64482,0.013103651354534746
39792,64718,0.011442727379969328
39792,64869,0.009535425213438297
39792,65089,0.009987792697813783
39792,65212,0.010529853254172734
39792,65346,0.014891380518570427
39792,65648,0.014717906786590351
39792,66437,0.010602884971027
39792,66673,0.01078582434514638
39792,66904,0.013988399863527807
39792,66952,0.01278524033015051
39792,2187,0.013260748185371301
39792,2313,0.012251861042183622
39792,2314,0.011339359079704191
39792,46580,0.01927437641723356
45600,5607,0.19560410976719989
45600,6079,0.1994449583718779
45600,17622,0.1933277731442869
45600,2499,0.20768011273559978
45600,41051,0.18696397941680962
45600,41818,0.20168753402286335
45600,41907,0.20815731973780044
45600,42311,0.20293040293040293
45600,42338,0.18859223300970873
45600,46135,0.15504433261442607
45600,47818,0.18393909626719057
45600,49908,0.1719194447604961
45600,55321,0.17228969860548807
45600,60437,0.16354995350759377
45600,61266,0.20113589139770052
45600,64449,0.17878704720087815
45600,64466,0.19068553372716032
45600,64513,0.18266863613983259
45600,64522,0.21170313986679354
45600,64525,0.18071519795657726
45600,75802,0.1763563801100205
45600,79173,0.1749638504441231
45600,22492,0.11900705767826722
45600,22659,0.0715751667521806
45600,22761,0.09278127032300022
45600,24746,0.12072968490878938
45600,28280,0.12195121951219512
45600,38638,0.11425584948138619
45600,16304,0.15541965415436523
45600,21593,0.11635375494071146
45600,21989,0.17860535816074483
45600,22367,0.16921641791044775
45600,23532,0.1457309941520468
45600,25791,0.1450530417839359
45600,30570,0.016115351993214587
45600,30655,0.10724925521350546
45600,30753,0.04532967032967033
45600,38395,0.1252302025782689
45600,69327,0.16836537221003742
45600,30821,0.08941651932306138
45600,36076,0.14466417245679672
45600,38295,0.1442877580216636
45600,38754,0.10461245839277224
45600,38755,0.07688429543735821
45600,41197,0.16022408963585436
45600,46873,0.1193868349864743
45600,49543,0.12734982332155478
45600,55925,0.1305944457195318
45600,56182,0.12914199319642183
45600,6342,0.12934479835291268
45600,6343,0.12657928917227534
45600,10055,0.1190757419164329
45600,6820,0.03399275564224018
45600,6822,0.16786727788692427
45600,6831,0.15201729106628242
45600,6889,0.11409211610658365
45600,9108,0.18321078431372548
45600,9110,0.1357045763479837
45600,9157,0.18819684736639755
45600,9158,0.15970459266097392
45600,9159,0.14209505334626577
45600,9160,0.11000237586124971
45600,9186,0.2056750406651003
45600,9187,0.16912450998693299
45600,9325,0.16954947707160098
45600,9326,0.10477619404851213
45600,9369,0.16290443942814145
45600,9375,0.1412177985948478
45600,9950,0.13279323705530116
45600,31218,0.211425612702796
45600,33328,0.11381915671459908
45600,33329,0.13585266682611816
45600,35264,0.169905607995558
45600,38126,0.14558413894805833
45600,43335,0.13924339106654512
45600,44174,0.17905151091515217
45600,45123,0.164249910490512
45600,45635,0.19355536332179932
45600,46157,0.1789405684754522
45600,46987,0.1840553704178416
45600,2188,0.1760597302504817
45600,24043,0.11415044713308785
45600,24288,0.19675456389452334
45600,27822,0.19721577726218098
45600,31199,0.18392311052861512
45600,33863,0.17694805194805194
45600,33864,0.1827401454267126
45600,34521,0.2032719836400818
45600,38402,0.21134652425144457
45600,40117,0.10818561001042754
45600,45579,0.17929419635390534
45600,312161,0.13312945973496432
45600,47804,0.179537149817296
45600,6383,0.22064989517819705
45600,6496,0.21595821325648415
45600,6498,0.19758127846709597
45600,6499,0.19801098411755974
45600,6503,0.14030384271671134
45600,6504,0.16683417085427135
45600,6505,0.20640834575260805
45600,6518,0.182328190743338
45600,6525,0.2084942084942085
45600,6549,0.21057692307692308
45600,6649,0.17632579995524725
45600,77182,0.20231788079470198
45600,7939,0.09238120520307937
45600,20977,0.1260545905707196
45600,24212,0.09507415254237288
45600,24213,0.08962633916906193
45600,24214,0.15731330092797172
45600,6651,0.17516483516483516
45600,74008,0.1799337843673528
45600,8889,0.1814826700898588
45600,8895,0.18435951875442322
45600,8915,0.15762983299016242
45600,8916,0.14717925386715194
45600,8917,0.08581706063720453
45600,8919,0.18036072144288579
45600,8921,0.18318535966660626
45600,8922,0.1765886287625418
45600,8923,0.16297968397291196
45600,8925,0.16727856815052777
45600,8926,0.18321392016376664
45600,8927,0.17534472113603622
45600,30165,0.18093362678095679
45600,64417,0.18305157747388823
45600,64482,0.17789570835256113
45600,64718,0.1601364522417154
45600,64869,0.15311137902253547
45600,65089,0.1541318477251625
45600,65212,0.16082338565654666
45600,65346,0.18068858400207094
45600,65648,0.18420072040740282
45600,66437,0.16283292978208233
45600,66673,0.16847485916962238
45600,66904,0.1696518668012109
45600,66952,0.1745895613820142
45600,2187,0.181828329054582
45600,2313,0.16680478276311117
45600,2314,0.1669948314053655
45600,46580,0.17412682265174637
5607,6079,0.20598420833910513
5607,17622,0.17491542413231426
5607,2499,0.19397685428721725
5607,41051,0.19504364402528343
5607,41818,0.2027203482045702
5607,41907,0.20166819012797074
5607,42311,0.18079247817327065
5607,42338,0.20097941235258845
5607,46135,0.11651870640456563
5607,47818,0.18744995996797437
5607,49908,0.1832010582010582
5607,55321,0.18639774859287053
5607,60437,0.18351764086361244
5607,61266,0.19530392802282204
5607,64449,0.17543478260869566
5607,64466,0.18951392681594756
5607,64513,0.1871362632952037
5607,64522,0.20704845814977973
5607,64525,0.17347810174454067
5607,75802,0.1875
5607,79173,0.19446640316205532
5607,22492,0.14268388385531855
5607,22659,0.05697770437654831
5607,22761,0.07742509641056067
5607,24746,0.13935138265527724
5607,28280,0.14048099078341014
5607,38638,0.13710931975675295
5607,16304,0.12012798138452589
5607,21593,0.08741935483870968
5607,21989,0.15440471297438005
5607,22367,0.145748987854251
5607,23532,0.11109377437977844
5607,25791,0.11785714285714285
5607,30570,0.01059763724808895
5607,30655,0.07842504437631112
5607,30753,0.03219178082191781
5607,38395,0.09349530985698908
5607,69327,0.1667528705906693
5607,30821,0.06484196806777452
5607,36076,0.12883435582822086
5607,38295,0.1150392017106201
5607,38754,0.07986165697217419
5607,38755,0.053357119688614986
5607,41197,0.14401952807160293
5607,46873,0.10557377049180328
5607,49543,0.12472430524922805
5607,55925,0.13614979299962363
5607,56182,0.1346114830594441
5607,6342,0.12949921752738655
5607,6343,0.1276840490797546
5607,10055,0.13868326236488698
5607,6820,0.022750775594622543
5607,6822,0.15073697006533962
5607,6831,0.12266112266112267
5607,6889,0.1274778657055551
5607,9108,0.15787953199479995
5607,9110,0.11271720744271875
5607,9157,0.16366657435613405
5607,9158,0.13533834586466165
5607,9159,0.10963508322663253
5607,9160,0.09063587472318886
5607,9186,0.18523454157782515
5607,9187,0.1556584502247038
5607,9325,0.15042221268069272
5607,9326,0.07948634590377113
5607,9369,0.1570759911894273
5607,9375,0.11888994008199306
5607,9950,0.12358821238478515
5607,31218,0.19159360495100566
5607,33328,0.08757604867114954
5607,33329,0.10473775946759627
5607,35264,0.1917795422699673
5607,38126,0.1747734686480609
5607,43335,0.1121034801355097
5607,44174,0.19729435264209189
5607,45123,0.1878022149430666
5607,45635,0.15898203592814372
5607,46157,0.14485425342058297
5607,46987,0.18877709781143034
5607,2188,0.18409876543209877
5607,24043,0.08390669575432119
5607,24288,0.16726541169708292
5607,27822,0.18946991404011462
5607,31199,0.14811476641129637
5607,33863,0.15091091665471237
5607,33864,0.16157567380787838
5607,34521,0.17509784026670533
5607,38402,0.191164972634871
5607,40117,0.07846076961519241
5607,45579,0.16200977321137702
5607,312161,0.1117302471781683
5607,47804,0.18713858424725824
5607,6383,0.19657009224373131
5607,6496,0.18390501319261213
5607,6498,0.19066618304920807
5607,6499,0.19461529534640826
5607,6503,0.11539047039123154
5607,6504,0.14489446662863661
5607,6505,0.17681277056277056
5607,6518,0.15742983330958826
5607,6525,0.18730448383733056
5607,6549,0.1904298064044807
5607,6649,0.1449563753252717
5607,77182,0.18814981836402356
5607,7939,0.06288780815025993
5607,20977,0.09756493506493506
5607,24212,0.06445672191528545
5607,24213,0.06390414378432352
5607,24214,0.12823226977166188
5607,6651,0.13697807149294083
5607,74008,0.17899977370445802
5607,8889,0.17130987292277614
5607,8895,0.1606143433554601
5607,8915,0.12967271599193422
5607,8916,0.11561492399815754
5607,8917,0.0643670572701766
5607,8919,0.1604213895186025
5607,8921,0.16535747570230327
5607,8922,0.13774271844660194
5607,8923,0.13113496932515337
5607,8925,0.1335090711738254
5607,8926,0.15151079136690648
5607,8927,0.14752675730402082
5607,30165,0.19680030840400925
5607,64417,0.2012367009184323
5607,64482,0.19686176357335386
5607,64718,0.1869590790689858
5607,64869,0.18144446235692407
5607,65089,0.18484676962885097
5607,65212,0.1856643072166626
5607,65346,0.19345676414895854
5607,65648,0.19384646628757107
5607,66437,0.1893598615916955
5607,66673,0.19207885622946452
5607,66904,0.1830811979005866
5607,66952,0.19040419312569298
5607,2187,0.19953183520599252
5607,2313,0.1861926740646175
5607,2314,0.17766599597585514
5607,46580,0.1656472986748216
6079,17622,0.1913867047891351
6079,2499,0.19853217914941665
6079,41051,0.1753960143076137
6079,41818,0.18880022798518095
6079,41907,0.20126173257424218
6079,42311,0.18978673449422814
6079,42338,0.1813912160446814
6079,46135,0.15546666666666667
6079,47818,0.1761305241521069
6079,49908,0.16710275927687918
6079,55321,0.17098750883808625
6079,60437,0.15959965561773568
6079,61266,0.18763604701784936
6079,64449,0.17551494052799535
6079,64466,0.1824226655102631
6079,64513,0.1683104905853721
6079,64522,0.20498568300488462
6079,64525,0.18568731765917282
6079,75802,0.1656970239427165
6079,79173,0.16397648316408336
6079,22492,0.11542330259849119
6079,22659,0.07486163705214098
6079,22761,0.09471153846153846
6079,24746,0.11435169346561752
6079,28280,0.11527353041114509
6079,38638,0.11258112830753869
6079,16304,0.1612002791346825
6079,21593,0.12437255995538204
6079,21989,0.18196856906534326
6079,22367,0.17265165347940759
6079,23532,0.1541077969649398
6079,25791,0.15488215488215487
6079,30570,0.01668848167539267
6079,30655,0.11915492957746479
6079,30753,0.05500794912559619
6079,38395,0.13369397217928902
6079,69327,0.16095380029806258
6079,30821,0.09533352419123962
6079,36076,0.14788323989947805
6079,38295,0.14516129032258066
6079,38754,0.10965848452508005
6079,38755,0.07896237172177879
6079,41197,0.16761827079934746
6079,46873,0.12266928361138371
6079,49543,0.12854128993369499
6079,55925,0.13062899915489556
6079,56182,0.12969874700079978
6079,6342,0.12385554425228891
6079,6343,0.12235031610264038
6079,10055,0.11286407766990292
6079,6820,0.037990985189954925
6079,6822,0.184652862362972
6079,6831,0.1554959785522788
6079,6889,0.11259287483330158
6079,9108,0.1833184656556646
6079,9110,0.15991799077396207
6079,9157,0.18674447686536055
6079,9158,0.17079463364293085
6079,9159,0.15130861504907306
6079,9160,0.12439548629768941
6079,9186,0.20311284046692607
6079,9187,0.17997957099080694
6079,9325,0.1774585635359116
6079,9326,0.11549375709421113
6079,9369,0.18129018875751918
6079,9375,0.15878467635402907
6079,9950,0.14195159431425278
6079,31218,0.19743354720439962
6079,33328,0.12139522109310628
6079,33329,0.14508328855454056
6079,35264,0.16755751801069022
6079,38126,0.1413107822410148
6079,43335,0.14750762970498474
6079,44174,0.17402510085163603
6079,45123,0.1504180832491041
6079,45635,0.1915699739521667
6079,46157,0.18003312041637096
6079,46987,0.17969803181450525
6079,2188,0.170556326479122
6079,24043,0.12717979555021047
6079,24288,0.19281621859850154
6079,27822,0.1897965879265092
6079,31199,0.18467819404418828
6079,33863,0.17622315696258578
6079,33864,0.18329177057356608
6079,34521,0.19747060128688707
6079,38402,0.20656660412757974
6079,40117,0.10836277974087162
6079,45579,0.16901157613535173
6079,312161,0.14134593742966464
6079,47804,0.1735357917570499
6079,6383,0.19904076738609114
6079,6496,0.19064816574795665
6079,6498,0.18591128094367834
6079,6499,0.18834221247257912
6079,6503,0.1574329405866132
6079,6504,0.1778516057585825
6079,6505,0.19231534939279316
6079,6518,0.19093708754949407
6079,6525,0.19853905225697696
6079,6549,0.19153599730230988
6079,6649,0.1801088570014844
6079,77182,0.19110407876230662
6079,7939,0.09375942116370214
6079,20977,0.13346390598768887
6079,24212,0.09978896593307206
6079,24213,0.09940298507462686
6079,24214,0.16789577187807275
6079,6651,0.18018455560951918
6079,74008,0.1779984721161192
6079,8889,0.17921454296004116
6079,8895,0.17981372362668693
6079,8915,0.17196309584828293
6079,8916,0.14443607133885958
6079,8917,0.09841363102232667
6079,8919,0.18162098205482152
6079,8921,0.1807346619773349
6079,8922,0.1754601226993865
6079,8923,0.17034621174109382
6079,8925,0.17526826775677057
6079,8926,0.184911573763152
6079,8927,0.18458049886621314
6079,30165,0.1744495523832567
6079,64417,0.17252931323283083
6079,64482,0.17940320232896653
6079,64718,0.15464751694143825
6079,64869,0.14643508300546973
6079,65089,0.15024559375902918
6079,65212,0.15488707165109034
6079,65346,0.18158182813355228
6079,65648,0.17432502596053998
6079,66437,0.1604120676968359
6079,66673,0.15990040056295335
6079,66904,0.17131049193440875
6079,66952,0.17026748971193414
6079,2187,0.1651862959972315
6079,2313,0.16283976666252947
6079,2314,0.16152356358941253
6079,46580,0.1718238077903167
17622,2499,0.25445473984319317
17622,41051,0.2502532928064843
17622,41818,0.23361160530997674
17622,41907,0.26897171082173327
17622,42311,0.22540834845735028
17622,42338,0.24709411323584551
17622,46135,0.14744324696170602
17622,47818,0.2637942122186495
17622,49908,0.24498278114238214
17622,55321,0.24946996466431096
17622,60437,0.23620261367318285
17622,61266,0.2708094144661309
17622,64449,0.22367870589875888
17622,64466,0.28368382886149385
17622,64513,0.23933679281103656
17622,64522,0.2754686226568867
17622,64525,0.27287993282955497
17622,75802,0.22433208213733716
17622,79173,0.23451516445963264
17622,22492,0.13513074549293488
17622,22659,0.0712355686563498
17622,22761,0.094699350513304
17622,24746,0.13448161642928122
17622,28280,0.13776898342814742
17622,38638,0.1284153005464481
17622,16304,0.20029673590504452
17622,21593,0.14233665290259898
17622,21989,0.21195445920303604
17622,22367,0.2282939832444783
17622,23532,0.172859450726979
17622,25791,0.1854017760450509
17622,30570,0.015864479698843775
17622,30655,0.12663755458515283
17622,30753,0.047531512605042014
17622,38395,0.15456407921693605
17622,69327,0.2180332190877933
17622,30821,0.09256559766763849
17622,36076,0.16684322033898305
17622,38295,0.15429141716566866
17622,38754,0.1103448275862069
17622,38755,0.08024242424242424
17622,41197,0.17118271695349688
17622,46873,0.12975075128159802
17622,49543,0.14864864864864866
17622,55925,0.14684036110158838
17622,56182,0.14239320509617787
17622,6342,0.15065343659244917
17622,6343,0.1477634840080255
17622,10055,0.12824472387675565
17622,6820,0.03507839489768801
17622,6822,0.1677569107406626
17622,6831,0.13410746812386157
17622,6889,0.11875
17622,9108,0.2004418557943362
17622,9110,0.16996848266546602
17622,9157,0.19777945050809184
17622,9158,0.1619451260316752
17622,9159,0.14132462686567165
17622,9160,0.12225560434481164
17622,9186,0.21284501061571126
17622,9187,0.19300518134715025
17622,9325,0.19956008798240352
17622,9326,0.1140159767610748
17622,9369,0.20591021026709605
17622,9375,0.15694349119194692
17622,9950,0.14980882864094544
17622,31218,0.23402432756553024
17622,33328,0.1199057714958775
17622,33329,0.16812692398768647
17622,35264,0.2153061224489796
17622,38126,0.1794039294039294
17622,43335,0.1574363555158553
17622,44174,0.21385017421602787
17622,45123,0.19950895698826954
17622,45635,0.20519864750633982
17622,46157,0.2211911955114372
17622,46987,0.22682291666666668
17622,2188,0.22040966515393107
17622,24043,0.11335012594458438
17622,24288,0.20594648166501486
17622,27822,0.24161704794735192
17622,31199,0.2166739036039948
17622,33863,0.18214144606874752
17622,33864,0.18816501773380623
17622,34521,0.19897253507212012
17622,38402,0.2561018747789176
17622,40117,0.10158966716343766
17622,45579,0.20502998001332445
17622,312161,0.14908945367220333
17622,47804,0.1806652309164872
17622,6383,0.19020746887966805
17622,6496,0.1830433299215285
17622,6498,0.2063957979298625
17622,6499,0.1975917597562745
17622,6503,0.1662990736656374
17622,6504,0.198998998998999
17622,6505,0.19312074525259765
17622,6518,0.1861598440545809
17622,6525,0.2106164383561644
17622,6549,0.19635126777983922
17622,6649,0.16609515645092157
17622,77182,0.19059801726894787
17622,7939,0.07690380761523045
17622,20977,0.14890510948905109
17622,24212,0.10885750962772786
17622,24213,0.11071428571428571
17622,24214,0.20035421740092982
17622,6651,0.2068514073750818
17622,74008,0.21994177583697233
17622,8889,0.20655475619504396
17622,8895,0.23682790864952347
17622,8915,0.1885766092475068
17622,8916,0.16258896797153025
17622,8917,0.0975609756097561
17622,8919,0.21988282680336874
17622,8921,0.22361946418808093
17622,8922,0.20154015401540154
17622,8923,0.19427036705461057
17622,8925,0.1781403665623603
17622,8926,0.22138029899651854
17622,8927,0.21446229913473425
17622,30165,0.2220652301895679
17622,64417,0.21781314728006104
17622,64482,0.2255630232283929
17622,64718,0.19507613209412694
17622,64869,0.1848999906094469
17622,65089,0.19224952741020793
17622,65212,0.19212478599961955
17622,65346,0.2265717674970344
17622,65648,0.22300528567832872
17622,66437,0.1927072723568955
17622,66673,0.19766463286345465
17622,66904,0.21321359846055163
17622,66952,0.218937125748503
17622,2187,0.17444395987788922
17622,2313,0.18326458456098998
17622,2314,0.18337617823479005
17622,46580,0.19158565202815958
2499,41051,0.24450799428051476
2499,41818,0.24924752759065502
2499,41907,0.28233265402100644
2499,42311,0.26747839748625296
2499,42338,0.2581232128931635
2499,46135,0.1588278749076582
2499,47818,0.2417568095920761
2499,49908,0.22545717035611165
2499,55321,0.23119178409362312
2499,60437,0.2345514950166113
2499,61266,0.27945574162679426
2499,64449,0.25158718440868155
2499,64466,0.27219991075412764
2499,64513,0.24348395546823837
2499,64522,0.2982062780269058
2499,64525,0.2428742106161461
2499,75802,0.2451828775816315
2499,79173,0.25888665325285043
2499,22492,0.14822897431593085
2499,22659,0.08665418561112596
2499,22761,0.1144537434969464
2499,24746,0.15157243512631036
2499,28280,0.15008517887563885
2499,38638,0.14371307314637596
2499,16304,0.20372447834866503
2499,21593,0.15193514644351463
2499,21989,0.2353418543315074
2499,22367,0.2387759210791222
2499,23532,0.1774550824513906
2499,25791,0.2074195053663089
2499,30570,0.017246419175679626
2499,30655,0.14428646656134808
2499,30753,0.05246649558026804
2499,38395,0.15761396702230843
2499,69327,0.2340601711288987
2499,30821,0.10558188520273828
2499,36076,0.19662495259764884
2499,38295,0.18058544984933275
2499,38754,0.12512413108242304
2499,38755,0.0893371757925072
2499,41197,0.20987899226343978
2499,46873,0.1520136131593874
2499,49543,0.1743091859596714
2499,55925,0.17057338622430582
2499,56182,0.17347480106100796
2499,6342,0.17262889879057924
2499,6343,0.17061964485284986
2499,10055,0.14306336423036012
2499,6820,0.03570400230348402
2499,6822,0.19789521848547242
2499,6831,0.1646356627704551
2499,6889,0.14062647865997918
2499,9108,0.2292207792207792
2499,9110,0.1748201438848921
2499,9157,0.24784039489921844
2499,9158,0.1802451333813987
2499,9159,0.17304747320061256
2499,9160,0.14522613065326634
2499,9186,0.2484767707539985
2499,9187,0.211864406779661
2499,9325,0.223128084102124
2499,9326,0.12995536886321868
2499,9369,0.22067994367330518
2499,9375,0.18147964250248264
2499,9950,0.1750046494327692
2499,31218,0.26210930360080426
2499,33328,0.13528662420382165
2499,33329,0.18663594470046083
2499,35264,0.22068642380227246
2499,38126,0.1849794941900205
2499,43335,0.17569193742478942
2499,44174,0.22640443088052448
2499,45123,0.21437317509654327
2499,45635,0.2334550433591967
2499,46157,0.24183460736622656
2499,46987,0.23950550196984105
2499,2188,0.23680164018452077
2499,24043,0.123773173391494
2499,24288,0.24163090128755366
2499,27822,0.24893547330494595
2499,31199,0.2268208092485549
2499,33863,0.2128839590443686
2499,33864,0.22146164686933764
2499,34521,0.23053956067391768
2499,38402,0.271538030274715
2499,40117,0.12235485621269669
2499,45579,0.24296721017738757
2499,312161,0.162999359111301
2499,47804,0.19550281074328546
2499,6383,0.23949504057709647
2499,6496,0.23663126513881125
2499,6498,0.2305045871559633
2499,6499,0.21258762572386466
2499,6503,0.1782762691853601
2499,6504,0.21446862996158772
2499,6505,0.23678071539657855
2499,6518,0.19074074074074074
2499,6525,0.2362175976633808
2499,6549,0.23793677204658903
2499,6649,0.18666359021688972
2499,77182,0.22523140212547138
2499,7939,0.09227409227409228
2499,20977,0.1458171458171458
2499,24212,0.0992345544013122
2499,24213,0.10577971646673937
2499,24214,0.18831168831168832
2499,6651,0.21415313225058005
2499,74008,0.22414054217779797
2499,8889,0.2105878423513694
2499,8895,0.23336457357075913
2499,8915,0.19180722891566265
2499,8916,0.1718972895863053
2499,8917,0.10034787262510035
2499,8919,0.21724995218971122
2499,8921,0.22583110431792128
2499,8922,0.2153954802259887
2499,8923,0.19724334600760457
2499,8925,0.20616056269706523
2499,8926,0.2256110750594852
2499,8927,0.21409978308026031
2499,30165,0.22505772268805443
2499,64417,0.2259555756004059
2499,64482,0.2179997587163711
2499,64718,0.20591243862520459
2499,64869,0.19623264394601417
2499,65089,0.20167821250853743
2499,65212,0.2013745704467354
2499,65346,0.2270807791853971
2499,65648,0.23931061702407577
2499,66437,0.20787468247248095
2499,66673,0.21448132325555921
2499,66904,0.22348383649479028
2499,66952,0.23378483980203177
2499,2187,0.20169802661771455
2499,2313,0.22633434038267874
2499,2314,0.2178603925646692
2499,46580,0.22236180904522612
41051,41818,0.2758811181084963
41051,41907,0.2864485981308411
41051,42311,0.22200289511777865
41051,42338,0.27335640138408307
41051,46135,0.12005943536404161
41051,47818,0.29369897425162234
41051,49908,0.28929384965831434
41051,55321,0.2955441640378549
41051,60437,0.2859902492870941
41051,61266,0.2974481658692185
41051,64449,0.24961325966850828
41051,64466,0.2849887133182844
41051,64513,0.2589112450209376
41051,64522,0.26483516483516484
41051,64525,0.24006866110838646
41051,75802,0.2733900364520049
41051,79173,0.2715626127751714
41051,22492,0.17749411680810098
41051,22659,0.057677557907654546
41051,22761,0.08974719101123596
41051,24746,0.17603593161402492
41051,28280,0.1757846242441693
41051,38638,0.16781738762857545
41051,16304,0.16071934296233362
41051,21593,0.10488549618320611
41051,21989,0.1893080922543661
41051,22367,0.2101010101010101
41051,23532,0.13131313131313133
41051,25791,0.15441176470588236
41051,30570,0.011538461538461539
41051,30655,0.09654750992972808
41051,30753,0.03277390753641545
41051,38395,0.12648104265402843
41051,69327,0.24460887949260043
41051,30821,0.07491209295214799
41051,36076,0.16160589505780715
41051,38295,0.14056500274273176
41051,38754,0.08967150044391832
41051,38755,0.06295620437956205
41051,41197,0.1776107594936709
41051,46873,0.12604087812263437
41051,49543,0.16810486073184053
41051,55925,0.1782902137232846
41051,56182,0.1712795828319294
41051,6342,0.1782604441835437
41051,6343,0.17626175398196123
41051,10055,0.1724929494326753
41051,6820,0.022423664122137404
41051,6822,0.13681837396082852
41051,6831,0.11004431314623338
41051,6889,0.1487998765146253
41051,9108,0.1762023217247098
41051,9110,0.1286131386861314
41051,9157,0.19145802650957292
41051,9158,0.1305300043802015
41051,9159,0.11431143114311432
41051,9160,0.10199821055770951
41051,9186,0.19987220447284346
41051,9187,0.17675576519916142
41051,9325,0.17292096219931272
41051,9326,0.0851581508515815
41051,9369,0.18131138837271038
41051,9375,0.1274320510916382
41051,9950,0.14189442156495694
41051,31218,0.22817860746720484
41051,33328,0.1000754716981132
41051,33329,0.1252260397830018
41051,35264,0.25478129142207917
41051,38126,0.2413408651702096
41051,43335,0.13552089464390818
41051,44174,0.2574211929050639
41051,45123,0.2589064126170843
41051,45635,0.17036089798238135
41051,46157,0.18139870223503965
41051,46987,0.2507584475363532
41051,2188,0.24964964964964964
41051,24043,0.07998136356577108
41051,24288,0.18006298781322744
41051,27822,0.24678111587982832
41051,31199,0.177032108764825
41051,33863,0.16049046321525887
41051,33864,0.17649391856160762
41051,34521,0.1822429906542056
41051,38402,0.25175370226032734
41051,40117,0.077624864697696
41051,45579,0.21143353174603174
41051,312161,0.13712558395163507
41051,47804,0.2030264817150063
41051,6383,0.187737119079672
41051,6496,0.18897538925163235
41051,6498,0.2044951671130779
41051,6499,0.20763375867472578
41051,6503,0.13313052296103142
41051,6504,0.1721908953376427
41051,6505,0.1822039346791822
41051,6518,0.16535965386695511
41051,6525,0.1943788086058948
41051,6549,0.20182520182520183
41051,6649,0.14091559370529327
41051,77182,0.195495927168184
41051,7939,0.05937984496124031
41051,20977,0.10273556231003039
41051,24212,0.06994535519125683
41051,24213,0.0715619166148102
41051,24214,0.14954486345903772
41051,6651,0.16596790516119705
41051,74008,0.2156142109366299
41051,8889,0.18991973559962227
41051,8895,0.21023530924521022
41051,8915,0.13996775611900925
41051,8916,0.12936554132712455
41051,8917,0.0683076923076923
41051,8919,0.18962618031302547
41051,8921,0.20135100025980773
41051,8922,0.15601503759398497
41051,8923,0.14057971014492754
41051,8925,0.13908347927612377
41051,8926,0.18604326587578507
41051,8927,0.17379195098175743
41051,30165,0.2555177442877978
41051,64417,0.2638325341202508
41051,64482,0.24631254217680518
41051,64718,0.24869758305576906
41051,64869,0.23993453355155483
41051,65089,0.2497318703077304
41051,65212,0.2533688238229912
41051,65346,0.2440895240096669
41051,65648,0.26101276245368465
41051,66437,0.24892590968873302
41051,66673,0.24254597393322622
41051,66904,0.2440087145969499
41051,66952,0.25025401341190817
41051,2187,0.20941646973277586
41051,2313,0.22565552198069988
41051,2314,0.21936837897261643
41051,46580,0.18770784579381697
41818,41907,0.28223260512690995
41818,42311,0.25435332638785535
41818,42338,0.2719930146256276
41818,46135,0.14090520922288644
41818,47818,0.26451187335092347
41818,49908,0.2644275761672039
41818,55321,0.2618387262455059
41818,60437,0.25197977292243107
41818,61266,0.28567940422414845
41818,64449,0.24003322259136212
41818,64466,0.27553616866593966
41818,64513,0.24503311258278146
41818,64522,0.2668
41818,64525,0.23462718420701614
41818,75802,0.25328882780286666
41818,79173,0.25626423690205014
41818,22492,0.168034621698254
41818,22659,0.06303926747666842
41818,22761,0.09383420510381994
41818,24746,0.16608524192325194
41818,28280,0.162472770975738
41818,38638,0.1576931575458496
41818,16304,0.16510557231306558
41818,21593,0.11016359206404455
41818,21989,0.20002976633427594
41818,22367,0.2081165452653486
41818,23532,0.14271220831924247
41818,25791,0.16206111833550066
41818,30570,0.012061606977175728
41818,30655,0.10412299091544375
41818,30753,0.0392588515868648
41818,38395,0.12748538011695906
41818,69327,0.2333069709637329
41818,30821,0.07900716657926936
41818,36076,0.16444132115249474
41818,38295,0.14930662557781202
41818,38754,0.0980590717299578
41818,38755,0.07015706806282722
41818,41197,0.17785234899328858
41818,46873,0.1269907795473596
41818,49543,0.16443707825263407
41818,55925,0.17649422400803616
41818,56182,0.16390621639062164
41818,6342,0.16985670954921034
41818,6343,0.17005336617405584
41818,10055,0.163135593220339
41818,6820,0.024080882352941178
41818,6822,0.1528621682123441
41818,6831,0.12696800406297612
41818,6889,0.1472151795207328
41818,9108,0.18614383137011778
41818,9110,0.1379139072847682
41818,9157,0.2006868747200239
41818,9158,0.14084507042253522
41818,9159,0.12867204947603506
41818,9160,0.11050663039782387
41818,9186,0.20887062491143546
41818,9187,0.17981118373275237
41818,9325,0.1785933660933661
41818,9326,0.09410944579993029
41818,9369,0.18177810433504776
41818,9375,0.13522171640532793
41818,9950,0.1495910162207126
41818,31218,0.24408014571949
41818,33328,0.11130314552367784
41818,33329,0.13673890608875128
41818,35264,0.24335439863577088
41818,38126,0.21486082355647573
41818,43335,0.14107469638995176
41818,44174,0.24625850340136055
41818,45123,0.2420217209690894
41818,45635,0.18633440514469454
41818,46157,0.19036027263875366
41818,46987,0.24083184257602863
41818,2188,0.24769263790512985
41818,24043,0.09600862998921252
41818,24288,0.19734608856657923
41818,27822,0.25424614580611443
41818,31199,0.19032047089601045
41818,33863,0.18118735543562067
41818,33864,0.1884422110552764
41818,34521,0.19950433705080545
41818,38402,0.25328383780696745
41818,40117,0.08659317211948792
41818,45579,0.21918183061978383
41818,312161,0.14210931485758277
41818,47804,0.20614355866680598
41818,6383,0.20893686799672043
41818,6496,0.20686755430974071
41818,6498,0.21524663677130046
41818,6499,0.21198437881376617
41818,6503,0.1403307679711806
41818,6504,0.17597422522246087
41818,6505,0.2011527377521614
41818,6518,0.16864929980424634
41818,6525,0.2046831955922865
41818,6549,0.2154938670109748
41818,6649,0.15610786224821313
41818,77182,0.1985284456707397
41818,7939,0.06772694781987133
41818,20977,0.115995115995116
41818,24212,0.07572223219092052
41818,24213,0.07620917365696948
41818,24214,0.15583781143136297
41818,6651,0.18031444480838518
41818,74008,0.2135875467599855
41818,8889,0.19437969437969438
41818,8895,0.2147117296222664
41818,8915,0.15314114314280952
41818,8916,0.13816982687551524
41818,8917,0.07261191399365527
41818,8919,0.19196683819325328
41818,8921,0.20702057257948497
41818,8922,0.1711519527404004
41818,8923,0.1569048011879228
41818,8925,0.15899232565899232
41818,8926,0.19580529034277666
41818,8927,0.19209573295544008
41818,30165,0.24009875527209135
41818,64417,0.2509250243427459
41818,64482,0.22874885472869796
41818,64718,0.23125782787618537
41818,64869,0.22035345342781526
41818,65089,0.2219941850521635
41818,65212,0.22977066205106014
41818,65346,0.2310279116690954
41818,65648,0.24280104712041886
41818,66437,0.22627336020520336
41818,66673,0.2274222347523729
41818,66904,0.22381004726833023
41818,66952,0.23751351351351352
41818,2187,0.20784009314962157
41818,2313,0.22501045587620241
41818,2314,0.2162770748445207
41818,46580,0.19572614672655506
41907,42311,0.23563488335681854
41907,42338,0.3078461357487354
41907,46135,0.1356746765249538
41907,47818,0.28392459899309214
41907,49908,0.28257751296480194
41907,55321,0.2777898629541005
41907,60437,0.2801057770545159
41907,61266,0.3191236637191501
41907,64449,0.28167011375387796
41907,64466,0.31167126165156883
41907,64513,0.26762523191094617
41907,64522,0.3015389082462253
41907,64525,0.26762610844599505
41907,75802,0.2951392565921847
41907,79173,0.29065040650406504
41907,22492,0.1725742651050958
41907,22659,0.07420425698105838
41907,22761,0.09968901174844506
41907,24746,0.17284438473089386
41907,28280,0.17351347105490536
41907,38638,0.16676913618198586
41907,16304,0.1866387580673295
41907,21593,0.1293003478933127
41907,21989,0.219935170178282
41907,22367,0.23631921824104235
41907,23532,0.1584434928318749
41907,25791,0.1836405942366207
41907,30570,0.014648236022281824
41907,30655,0.11746522411128284
41907,30753,0.04057618178129438
41907,38395,0.14528023598820058
41907,69327,0.26941421059068116
41907,30821,0.09117305458768873
41907,36076,0.19068838352796558
41907,38295,0.17001859050194354
41907,38754,0.1160964666292765
41907,38755,0.07905900501349789
41907,41197,0.19825119236883942
41907,46873,0.14557347125038028
41907,49543,0.18380855397148677
41907,55925,0.18893617021276596
41907,56182,0.18707443739180613
41907,6342,0.1887698146907792
41907,6343,0.18743169398907103
41907,10055,0.16693805309734513
41907,6820,0.028180518684909128
41907,6822,0.16009038762384842
41907,6831,0.1320510449417422
41907,6889,0.15376721115197126
41907,9108,0.21119809394145678
41907,9110,0.1500907441016334
41907,9157,0.22932022932022933
41907,9158,0.14914027149321266
41907,9159,0.13935045317220543
41907,9160,0.12855260681347638
41907,9186,0.230567954440511
41907,9187,0.19914651493598862
41907,9325,0.2055048969942587
41907,9326,0.11020881670533643
41907,9369,0.20869565217391303
41907,9375,0.14738011479355675
41907,9950,0.16701775504062594
41907,31218,0.2589406971480308
41907,33328,0.12330855727082142
41907,33329,0.15566127497621313
41907,35264,0.2641509433962264
41907,38126,0.2347342098894894
41907,43335,0.1572108345534407
41907,44174,0.2613426401149661
41907,45123,0.2589826934902925
41907,45635,0.2034822370735139
41907,46157,0.21454090746695248
41907,46987,0.2679471788715486
41907,2188,0.27222668349202706
41907,24043,0.09751283063560995
41907,24288,0.20379936677220464
41907,27822,0.268047006155568
41907,31199,0.20946915351506457
41907,33863,0.187729243081027
41907,33864,0.1981162196679438
41907,34521,0.20919308840798523
41907,38402,0.280012424289486
41907,40117,0.09852216748768473
41907,45579,0.24129242626352454
41907,312161,0.15819589363850556
41907,47804,0.2128691053327457
41907,6383,0.21880041061739258
41907,6496,0.21519939804364183
41907,6498,0.23844450595073347
41907,6499,0.2241042345276873
41907,6503,0.15840692016579563
41907,6504,0.1977486559139785
41907,6505,0.2164691203992514
41907,6518,0.18559238595339678
41907,6525,0.22190802202708737
41907,6549,0.22641248791269514
41907,6649,0.16128463031586376
41907,77182,0.21117223867964452
41907,7939,0.07341622261693309
41907,20977,0.12084130019120459
41907,24212,0.08485691573926868
41907,24213,0.08749010292953285
41907,24214,0.17367197281345018
41907,6651,0.18553403234405544
41907,74008,0.22835763127338407
41907,8889,0.20871017114234033
41907,8895,0.2303206997084548
41907,8915,0.16432609885099397
41907,8916,0.15052403324900615
41907,8917,0.07955650651624198
41907,8919,0.21239900559353636
41907,8921,0.22203205227944608
41907,8922,0.18701672361086136
41907,8923,0.1670571274103442
41907,8925,0.1675468949189583
41907,8926,0.20919148936170212
41907,8927,0.2007168458781362
41907,30165,0.2662416181158624
41907,64417,0.26137295081967216
41907,64482,0.24772825616616184
41907,64718,0.23929541834535745
41907,64869,0.23323771961276443
41907,65089,0.24044011544011545
41907,65212,0.2416235358213021
41907,65346,0.25281842168385704
41907,65648,0.2694960832456448
41907,66437,0.24419054996127032
41907,66673,0.24379344587884808
41907,66904,0.2474396703943496
41907,66952,0.2589131187262028
41907,2187,0.2105691056910569
41907,2313,0.23182018510356986
41907,2314,0.2324096248146881
41907,46580,0.20882180539273154
42311,42338,0.22196200884725475
42311,46135,0.20086980157651535
42311,47818,0.22270742358078602
42311,49908,0.1987404626377619
42311,55321,0.1958000238635008
42311,60437,0.19183494293239683
42311,61266,0.23362673429807548
42311,64449,0.19809802487198244
42311,64466,0.22917906008328376
42311,64513,0.21051939513477974
42311,64522,0.2609301515415433
42311,64525,0.22809482001755926
42311,75802,0.1945866029796429
42311,79173,0.2024983563445102
42311,22492,0.13165455467297618
42311,22659,0.08321377331420372
42311,22761,0.11810074716799229
42311,24746,0.131199861985681
42311,28280,0.13046453931046284
42311,38638,0.12245578912245579
42311,16304,0.1738728323699422
42311,21593,0.1335352422907489
42311,21989,0.20402656704026567
42311,22367,0.1998772504091653
42311,23532,0.1748105565717272
42311,25791,0.1830065359477124
42311,30570,0.017857142857142856
42311,30655,0.12941831338714166
42311,30753,0.05193199381761979
42311,38395,0.14614205416453754
42311,69327,0.18808347062053818
42311,30821,0.09521142537104453
42311,36076,0.16072460975139718
42311,38295,0.1482545293857711
42311,38754,0.1098326359832636
42311,38755,0.08251748251748252
42311,41197,0.18013809910641754
42311,46873,0.12630966239813737
42311,49543,0.13826269912834385
42311,55925,0.14006514657980457
42311,56182,0.13678618857901725
42311,6342,0.14017377970866343
42311,6343,0.13796538413647116
42311,10055,0.1188869512472515
42311,6820,0.03568075117370892
42311,6822,0.17473884140550808
42311,6831,0.1605492474254027
42311,6889,0.12101000476417341
42311,9108,0.19640479360852198
42311,9110,0.14587475149105367
42311,9157,0.197720207253886
42311,9158,0.16272635814889336
42311,9159,0.15526950925181013
42311,9160,0.1284355179704017
42311,9186,0.20720200269593683
42311,9187,0.1754913758523867
42311,9325,0.17571676802780192
42311,9326,0.11215729714760454
42311,9369,0.17599186164801628
42311,9375,0.16280884265279583
42311,9950,0.1452991452991453
42311,31218,0.2447328818660647
42311,33328,0.13322457857531267
42311,33329,0.16447897133672648
42311,35264,0.18987787693752936
42311,38126,0.15514161775963256
42311,43335,0.16438703140830802
42311,44174,0.1939859823649107
42311,45123,0.1823468717756308
42311,45635,0.22182425978987583
42311,46157,0.22005772005772006
42311,46987,0.20315904139433552
42311,2188,0.20328964276535594
42311,24043,0.13431952662721894
42311,24288,0.2424858757062147
42311,27822,0.2336919973100202
42311,31199,0.2200340384147824
42311,33863,0.2174109156517817
42311,33864,0.21407563025210083
42311,34521,0.24195740824648845
42311,38402,0.2482758620689655
42311,40117,0.12907010853622763
42311,45579,0.2168740849194729
42311,312161,0.13995135971700198
42311,47804,0.17568081063964536
42311,6383,0.221480244852532
42311,6496,0.2285216718266254
42311,6498,0.20826363332218134
42311,6499,0.19828125
42311,6503,0.15471512770137524
42311,6504,0.18046755516714005
42311,6505,0.21140805743917032
42311,6518,0.1787781350482315
42311,6525,0.20498048689834603
42311,6549,0.20647773279352227
42311,6649,0.1832805264440653
42311,77182,0.20732136571629708
42311,7939,0.10341753343239227
42311,20977,0.15305269027042095
42311,24212,0.10607407407407407
42311,24213,0.1056338028169014
42311,24214,0.17578409919766594
42311,6651,0.21230693797499386
42311,74008,0.20033877425315677
42311,8889,0.20370050146982535
42311,8895,0.21961620469083157
42311,8915,0.19160910718853927
42311,8916,0.17315470171890798
42311,8917,0.1001150747986191
42311,8919,0.19861932938856017
42311,8921,0.21708043694141013
42311,8922,0.21057859448721133
42311,8923,0.20101137800252844
42311,8925,0.1997439180537772
42311,8926,0.21591679855301832
42311,8927,0.22017926913353253
42311,30165,0.19252313687286898
42311,64417,0.19766915591762843
42311,64482,0.18482725295965208
42311,64718,0.17118126272912423
42311,64869,0.16702230843840932
42311,65089,0.16912908242612754
42311,65212,0.17125771983138907
42311,65346,0.19190814652815746
42311,65648,0.2020534421482164
42311,66437,0.17652035959809625
42311,66673,0.18410087719298246
42311,66904,0.18532870122928916
42311,66952,0.1893046743493461
42311,2187,0.18648806057076295
42311,2313,0.19398838090426876
42311,2314,0.18489039665970772
42311,46580,0.19359560841720036
42338,46135,0.11901624945103206
42338,47818,0.28330245007206095
42338,49908,0.2739273927392739
42338,55321,0.2711571675302245
42338,60437,0.276252604874513
42338,61266,0.2974040632054176
42338,64449,0.268192423064104
42338,64466,0.29973984843343515
42338,64513,0.2746847123961858
42338,64522,0.2884757448904211
42338,64525,0.2526044858438534
42338,75802,0.3014218009478673
42338,79173,0.29149613460663937
42338,22492,0.17441696113074204
42338,22659,0.055003013863773355
42338,22761,0.08662613981762918
42338,24746,0.17680950666186532
42338,28280,0.17765042979942694
42338,38638,0.16861646234676006
42338,16304,0.15511964385086255
42338,21593,0.102221555088562
42338,21989,0.193731816979635
42338,22367,0.20506362672322376
42338,23532,0.13442044953724108
42338,25791,0.15487544483985766
42338,30570,0.011186387269576178
42338,30655,0.09303721488595439
42338,30753,0.03384279475982533
42338,38395,0.12370683374617514
42338,69327,0.2471131639722864
42338,30821,0.06905332534451768
42338,36076,0.15583604098975257
42338,38295,0.14009204114780727
42338,38754,0.0905109489051095
42338,38755,0.061480927449513834
42338,41197,0.16802378182758174
42338,46873,0.12297935836856504
42338,49543,0.15706020998500106
42338,55925,0.17326915957052944
42338,56182,0.16450943582649935
42338,6342,0.16940995283472904
42338,6343,0.16926713947990543
42338,10055,0.16878980891719744
42338,6820,0.0218921032056294
42338,6822,0.1408234473133287
42338,6831,0.11467017697820682
42338,6889,0.14768029398254479
42338,9108,0.1786349336616058
42338,9110,0.123262147054608
42338,9157,0.19035029742233972
42338,9158,0.12708213670304422
42338,9159,0.11697553743513714
42338,9160,0.09767169424513106
42338,9186,0.2026599113362888
42338,9187,0.17145803790125047
42338,9325,0.16948693651008528
42338,9326,0.08364506957953015
42338,9369,0.1729617087783277
42338,9375,0.12447041636230825
42338,9950,0.14215202369200394
42338,31218,0.24014111125110243
42338,33328,0.09817317688994505
42338,33329,0.1279416145367888
42338,35264,0.2609967906362092
42338,38126,0.24256986544432943
42338,43335,0.12869715769730197
42338,44174,0.2683285806273572
42338,45123,0.2761789600967352
42338,45635,0.17606427967296306
42338,46157,0.1820253525138869
42338,46987,0.26026538501723956
42338,2188,0.2602602602602603
42338,24043,0.08182653999387067
42338,24288,0.18307567127746135
42338,27822,0.24458058435438265
42338,31199,0.17402449444602677
42338,33863,0.17269513190100624
42338,33864,0.18315595848114571
42338,34521,0.19189707090062963
42338,38402,0.2441890166028097
42338,40117,0.07932875667429443
42338,45579,0.21329401646393906
42338,312161,0.12676435004704933
42338,47804,0.2069863939013799
42338,6383,0.20173934345908867
42338,6496,0.1955300287176926
42338,6498,0.21429401510749566
42338,6499,0.21365712376072185
42338,6503,0.12709695763434745
42338,6504,0.16387914755867278
42338,6505,0.18849840255591055
42338,6518,0.15547609588134023
42338,6525,0.1990614966658434
42338,6549,0.2098391233387736
42338,6649,0.14267533936651583
42338,77182,0.19177596596951435
42338,7939,0.06149609912804038
42338,20977,0.10176593834181383
42338,24212,0.06520740854125211
42338,24213,0.06990974453113048
42338,24214,0.14192634560906517
42338,6651,0.15950049666524763
42338,74008,0.214435261707989
42338,8889,0.19188019188019187
42338,8895,0.20756153260593757
42338,8915,0.1411202778983934
42338,8916,0.1256259836886536
42338,8917,0.06672719019518839
42338,8919,0.18675851511672406
42338,8921,0.2
42338,8922,0.16126720183486237
42338,8923,0.14236608421655686
42338,8925,0.13680126454950423
42338,8926,0.18073281185673115
42338,8927,0.17367986798679869
42338,30165,0.261531007751938
42338,64417,0.26625103144769413
42338,64482,0.24477127303982427
42338,64718,0.24309951886553557
42338,64869,0.2332686711930165
42338,65089,0.24339745679817412
42338,65212,0.2491973326747345
42338,65346,0.24398625429553264
42338,65648,0.2585803034932274
42338,66437,0.24199411459234896
42338,66673,0.24633431085043989
42338,66904,0.23501786625829504
42338,66952,0.244460042113707
42338,2187,0.21408527201955282
42338,2313,0.22322978969708662
42338,2314,0.21394752416650226
42338,46580,0.18774366471734893
46135,47818,0.12122119126010177
46135,49908,0.10974945533769064
46135,55321,0.10129109543458006
46135,60437,0.09322135572885423
46135,61266,0.1289819944598338
46135,64449,0.11205110497237569
46135,64466,0.12985436893203883
46135,64513,0.11313432835820895
46135,64522,0.16359398177579995
46135,64525,0.13746747614917607
46135,75802,0.09903351324212376
46135,79173,0.09977351293360352
46135,22492,0.06503247050214946
46135,22659,0.08744635193133048
46135,22761,0.09798708697303456
46135,24746,0.06403295263059353
46135,28280,0.065118439386902
46135,38638,0.060699402065591594
46135,16304,0.13967819239986307
46135,21593,0.13675623800383876
46135,21989,0.1497872340425532
46135,22367,0.1350978770333609
46135,23532,0.17035775127768313
46135,25791,0.140625
46135,30570,0.029957203994293864
46135,30655,0.1273792093704246
46135,30753,0.07397793640493186
46135,38395,0.13609958506224065
46135,69327,0.10319488817891374
46135,30821,0.09242424242424242
46135,36076,0.1032258064516129
46135,38295,0.11186331399097356
46135,38754,0.10198675496688742
46135,38755,0.08320571720265442
46135,41197,0.11743674367436743
46135,46873,0.08971259736771421
46135,49543,0.07928862541682105
46135,55925,0.07629960871995528
46135,56182,0.07682579829276004
46135,6342,0.07201553862244135
46135,6343,0.06945449283750543
46135,10055,0.05841672768692539
46135,6820,0.053306342780026994
46135,6822,0.16830960204454182
46135,6831,0.17644444444444443
46135,6889,0.0625861886071921
46135,9108,0.1445177505497958
46135,9110,0.1361111111111111
46135,9157,0.13230337078651686
46135,9158,0.16208569118835894
46135,9159,0.14695340501792115
46135,9160,0.12039093736117282
46135,9186,0.14455696202531645
46135,9187,0.13430777716492
46135,9325,0.13502632393930009
46135,9326,0.12388503468780972
46135,9369,0.12941176470588237
46135,9375,0.15528213831141283
46135,9950,0.09879394405953297
46135,31218,0.16232991167343042
46135,33328,0.13242863827795975
46135,33329,0.15768374164810692
46135,35264,0.09780047132757266
46135,38126,0.07602073292716195
46135,43335,0.15064620355411953
46135,44174,0.10299086472281316
46135,45123,0.09027917252460334
46135,45635,0.18752203031371167
46135,46157,0.17907801418439717
46135,46987,0.11551778407302486
46135,2188,0.10858806404657934
46135,24043,0.17986425339366516
46135,24288,0.19808306709265175
46135,27822,0.1469019286007386
46135,31199,0.19299525720539948
46135,33863,0.1800840607824119
46135,33864,0.1697620429483459
46135,34521,0.21155094094743673
46135,38402,0.15447941888619854
46135,40117,0.16141514648977334
46135,45579,0.13291724456773
46135,312161,0.10577547047371837
46135,47804,0.10875643855776305
46135,6383,0.1475682087781732
46135,6496,0.1542900150526844
46135,6498,0.1314321140731556
46135,6499,0.12203903733181733
46135,6503,0.13397312859884836
46135,6504,0.13650497512437812
46135,6505,0.15267785771382894
46135,6518,0.14569334147831398
46135,6525,0.14756481705839594
46135,6549,0.1305439330543933
46135,6649,0.18723729461215133
46135,77182,0.14928057553956833
46135,7939,0.1371527777777778
46135,20977,0.17116233447768514
46135,24212,0.13105413105413105
46135,24213,0.1361079865016873
46135,24214,0.15612130288281542
46135,6651,0.1862708719851577
46135,74008,0.12356001486436269
46135,8889,0.14020122484689415
46135,8895,0.14950670376928915
46135,8915,0.17670845127375656
46135,8916,0.15258964143426296
46135,8917,0.1155292853304675
46135,8919,0.14432989690721648
46135,8921,0.15021008403361344
46135,8922,0.19214639725505148
46135,8923,0.18188976377952756
46135,8925,0.18523002421307505
46135,8926,0.1705901322154144
46135,8927,0.16296538210320052
46135,30165,0.10402085906408673
46135,64417,0.10421092090466075
46135,64482,0.10714285714285714
46135,64718,0.08777604282846309
46135,64869,0.0856117386255674
46135,65089,0.08496042216358839
46135,65212,0.08637767600383428
46135,65346,0.11213909714468018
46135,65648,0.10887520648746057
46135,66437,0.0913746944476778
46135,66673,0.0933800434887654
46135,66904,0.10399876007439554
46135,66952,0.10275800711743772
46135,2187,0.1088042049934297
46135,2313,0.09506892141537587
46135,2314,0.09203276247207744
46135,46580,0.12352941176470589
47818,49908,0.29681095671298613
47818,55321,0.28859588704122796
47818,60437,0.2806985294117647
47818,61266,0.3002063273727648
47818,64449,0.24110192837465566
47818,64466,0.29766536964980544
47818,64513,0.2644151565074135
47818,64522,0.2746261277963169
47818,64525,0.2567719385844464
47818,75802,0.26802390735898396
47818,79173,0.27825295723384896
47818,22492,0.17129036847346707
47818,22659,0.05645534474780194
47818,22761,0.08359089631919078
47818,24746,0.17355371900826447
47818,28280,0.17222022310183518
47818,38638,0.16269255117113315
47818,16304,0.1583060963478755
47818,21593,0.10105649977032613
47818,21989,0.18681465632522065
47818,22367,0.21387832699619772
47818,23532,0.13578394598649662
47818,25791,0.15093248518143704
47818,30570,0.01178750201840788
47818,30655,0.09621887488472179
47818,30753,0.03235575390500478
47818,38395,0.1219946571682992
47818,69327,0.24540724222151428
47818,30821,0.0698422423035687
47818,36076,0.15283234064123685
47818,38295,0.13753266400770184
47818,38754,0.08511269276393832
47818,38755,0.06291137302923619
47818,41197,0.168310322156476
47818,46873,0.11755821271239773
47818,49543,0.1550059659399067
47818,55925,0.16643382695352518
47818,56182,0.15508339952343128
47818,6342,0.1628380343123001
47818,6343,0.1622573277502855
47818,10055,0.16185573727764385
47818,6820,0.022588913809676387
47818,6822,0.13787234042553193
47818,6831,0.10931234219515817
47818,6889,0.14075953259532595
47818,9108,0.17114001106806861
47818,9110,0.12567745715541234
47818,9157,0.18514056224899597
47818,9158,0.12958614616965072
47818,9159,0.11275248718721737
47818,9160,0.09661042257727341
47818,9186,0.19399361022364217
47818,9187,0.16599243116273
47818,9325,0.1674002751031637
47818,9326,0.08442948914040992
47818,9369,0.17008061318884632
47818,9375,0.12377122430741734
47818,9950,0.1370051205195454
47818,31218,0.22764124651634152
47818,33328,0.09627611262488647
47818,33329,0.1302162656107219
47818,35264,0.2555375986310486
47818,38126,0.2397647759416406
47818,43335,0.12593571114046676
47818,44174,0.2610746323869416
47818,45123,0.26525177533892835
47818,45635,0.17047727922263503
47818,46157,0.18450130851991858
47818,46987,0.25619660373378333
47818,2188,0.252189670794322
47818,24043,0.0805568590646019
47818,24288,0.17714913485306236
47818,27822,0.24739427339163772
47818,31199,0.17684700407213497
47818,33863,0.16389613957961258
47818,33864,0.17335984095427434
47818,34521,0.1850415512465374
47818,38402,0.2459399766142653
47818,40117,0.07633706467661691
47818,45579,0.2030438010393467
47818,312161,0.12600902996305924
47818,47804,0.19554910498306724
47818,6383,0.18777668470241024
47818,6496,0.1833479844279794
47818,6498,0.20545539686256145
47818,6499,0.20127474002012746
47818,6503,0.1284283848498041
47818,6504,0.16570407040704072
47818,6505,0.1809966434288665
47818,6518,0.15804403620153992
47818,6525,0.18999003984063745
47818,6549,0.19784467611573153
47818,6649,0.1405350978135788
47818,77182,0.1921276851074043
47818,7939,0.056671337381286005
47818,20977,0.10481152313821636
47818,24212,0.07095657646318439
47818,24213,0.07275007839448103
47818,24214,0.14704176334106728
47818,6651,0.1742568458046566
47818,74008,0.22633419835270224
47818,8889,0.19849516302400574
47818,8895,0.21953125
47818,8915,0.14667062138514014
47818,8916,0.1295754026354319
47818,8917,0.06813254877671106
47818,8919,0.1932455339679228
47818,8921,0.20840446487196324
47818,8922,0.1641769185705917
47818,8923,0.15330188679245282
47818,8925,0.14507083825265643
47818,8926,0.18458304134548004
47818,8927,0.1825363238820708
47818,30165,0.2575254104769351
47818,64417,0.2606368251038302
47818,64482,0.24765133171912834
47818,64718,0.2383177570093458
47818,64869,0.23931413569611945
47818,65089,0.24470452484958377
47818,65212,0.24364599718519744
47818,65346,0.24501213976564973
47818,65648,0.25395520854735976
47818,66437,0.23794576684976895
47818,66673,0.23877131886775604
47818,66904,0.23936501348827557
47818,66952,0.2439370877727042
47818,2187,0.20195794053662075
47818,2313,0.21725612125923047
47818,2314,0.20837061338105178
47818,46580,0.18204212341421358
49908,55321,0.30110680162709297
49908,60437,0.2836030964109782
49908,61266,0.28738468139884144
49908,64449,0.2397046589018303
49908,64466,0.280089628681178
49908,64513,0.252953709083866
49908,64522,0.256125486604076
49908,64525,0.23699688617229847
49908,75802,0.26903191299696916
49908,79173,0.2804527644754027
49908,22492,0.1756951596292482
49908,22659,0.05539153662308449
49908,22761,0.08222365869424693
49908,24746,0.17688975827860837
49908,28280,0.17378956846990373
49908,38638,0.16718728779030287
49908,16304,0.152859573354273
49908,21593,0.0959229265568277
49908,21989,0.18628670980587356
49908,22367,0.20610782958401408
49908,23532,0.1220510023182872
49908,25791,0.14828137490007995
49908,30570,0.01036042609076317
49908,30655,0.09073088770652478
49908,30753,0.029432982253643054
49908,38395,0.11264554562686163
49908,69327,0.24332463360770928
49908,30821,0.06805477920626048
49908,36076,0.15225608315615402
49908,38295,0.13369730827831386
49908,38754,0.08753749659121898
49908,38755,0.060398939880039054
49908,41197,0.16278786401852077
49908,46873,0.1214722483537159
49908,49543,0.1608994763322723
49908,55925,0.17277580071174378
49908,56182,0.16379473584548382
49908,6342,0.1708919319022946
49908,6343,0.16924055232558138
49908,10055,0.16811978771796815
49908,6820,0.021619268717353455
49908,6822,0.12551867219917012
49908,6831,0.101667344448963
49908,6889,0.1452113508720071
49908,9108,0.1614258434118396
49908,9110,0.11492716824802887
49908,9157,0.1739076771167613
49908,9158,0.11682930089560219
49908,9159,0.10530657135001374
49908,9160,0.0951142739838511
49908,9186,0.18734417665914757
49908,9187,0.16081800580832525
49908,9325,0.15627765836388924
49908,9326,0.0806136680613668
49908,9369,0.16855036855036856
49908,9375,0.11544737557791677
49908,9950,0.13564448580735225
49908,31218,0.21681363903586126
49908,33328,0.0902566933480541
49908,33329,0.11928512053200332
49908,35264,0.2610277398817644
49908,38126,0.24527080486225994
49908,43335,0.12220425761250336
49908,44174,0.2518829917673848
49908,45123,0.258337826388354
49908,45635,0.1556745461669061
49908,46157,0.16916744124286284
49908,46987,0.2510451921162652
49908,2188,0.24890329963761204
49908,24043,0.07106455266138165
49908,24288,0.16555120596034853
49908,27822,0.23604287628405538
49908,31199,0.16186429425043156
49908,33863,0.1524867457712699
49908,33864,0.1622876695588415
49908,34521,0.17003174603174603
49908,38402,0.23633731451321027
49908,40117,0.07091397089984461
49908,45579,0.19803808424697056
49908,312161,0.12179729900290294
49908,47804,0.1966896551724138
49908,6383,0.1718537028623353
49908,6496,0.17562682215743441
49908,6498,0.19530823786142934
49908,6499,0.1936969950790493
49908,6503,0.12094630515683147
49908,6504,0.15926395939086294
49908,6505,0.16905102527420124
49908,6518,0.15229060042441642
49908,6525,0.1835032437442076
49908,6549,0.19329020940686328
49908,6649,0.12601626016260162
49908,77182,0.1792473836562013
49908,7939,0.0519994347887523
49908,20977,0.09475441769862251
49908,24212,0.06263345195729537
49908,24213,0.0670081092616304
49908,24214,0.137546468401487
49908,6651,0.15724193118164845
49908,74008,0.2077745180217938
49908,8889,0.18363958379455392
49908,8895,0.20596727622714148
49908,8915,0.13240653259549198
49908,8916,0.12103360556968805
49908,8917,0.06198172874209417
49908,8919,0.18695546950629235
49908,8921,0.19515151515151516
49908,8922,0.15020713617533074
49908,8923,0.1379125301851355
49908,8925,0.13086121187693134
49908,8926,0.17412037633715685
49908,8927,0.16763528348185458
49908,30165,0.26013230224541134
49908,64417,0.26274475216087495
49908,64482,0.24838650193619768
49908,64718,0.24310429247592621
49908,64869,0.24233588147214122
49908,65089,0.2489103732466915
49908,65212,0.2466210844331372
49908,65346,0.23814258725265983
49908,65648,0.24917459700912797
49908,66437,0.24411690813164727
49908,66673,0.23720732226479352
49908,66904,0.23292897671688514
49908,66952,0.24549223797126604
49908,2187,0.19621830683283198
49908,2313,0.21968365553602812
49908,2314,0.21140209889382622
49908,46580,0.17711202938475665
55321,60437,0.30634709276520194
55321,61266,0.2967914438502674
55321,64449,0.2466363071827779
55321,64466,0.28101881209046714
55321,64513,0.2521088957055215
55321,64522,0.2560851352881241
55321,64525,0.2328144529030792
55321,75802,0.26843918381768395
55321,79173,0.2767972449418855
55321,22492,0.1762138570649209
55321,22659,0.055025577215539884
55321,22761,0.07749873160832065
55321,24746,0.17896345699597055
55321,28280,0.17789125034501793
55321,38638,0.1721849820570113
55321,16304,0.15667486727955457
55321,21593,0.10063500828271674
55321,21989,0.1836009314867018
55321,22367,0.20533168009919406
55321,23532,0.12062256809338522
55321,25791,0.14722477365175174
55321,30570,0.00901932712956335
55321,30655,0.09354704988254801
55321,30753,0.029791459781529295
55321,38395,0.11286019210245464
55321,69327,0.25526791089705
55321,30821,0.06983471074380165
55321,36076,0.1608695652173913
55321,38295,0.14334427885829756
55321,38754,0.0891488503428802
55321,38755,0.059226761721963256
55321,41197,0.17175757575757575
55321,46873,0.12612192563235808
55321,49543,0.16930946291560103
55321,55925,0.18401850863142907
55321,56182,0.17720678866028255
55321,6342,0.18510618566261708
55321,6343,0.1858915860558496
55321,10055,0.17945630821874406
55321,6820,0.021382751247327157
55321,6822,0.1308927424534361
55321,6831,0.09852216748768473
55321,6889,0.15063347083087802
55321,9108,0.16991396761133604
55321,9110,0.12803090860644817
55321,9157,0.1899468939113252
55321,9158,0.12200608707158926
55321,9159,0.11029511763905889
55321,9160,0.09692224622030238
55321,9186,0.19737464522232734
55321,9187,0.17525399129172714
55321,9325,0.17210419828022255
55321,9326,0.08131868131868132
55321,9369,0.17828319882611884
55321,9375,0.11651917404129794
55321,9950,0.13867772402672196
55321,31218,0.21341675356273895
55321,33328,0.09289022064832471
55321,33329,0.12093468160699644
55321,35264,0.2678085916258836
55321,38126,0.2606275303643725
55321,43335,0.1255659121171771
55321,44174,0.2621903177799177
55321,45123,0.2693553362122147
55321,45635,0.15750773993808048
55321,46157,0.17132362586908043
55321,46987,0.2601270849880858
55321,2188,0.2503546770074719
55321,24043,0.07132906101978267
55321,24288,0.1602580004961548
55321,27822,0.24033240997229918
55321,31199,0.1648726699921239
55321,33863,0.14956521739130435
55321,33864,0.158749248346362
55321,34521,0.1639037766421538
55321,38402,0.23978006215634712
55321,40117,0.07132925472747498
55321,45579,0.20277078085642317
55321,312161,0.13031481249216104
55321,47804,0.2012434854164762
55321,6383,0.18070790455727695
55321,6496,0.1807242855489992
55321,6498,0.20306222173960256
55321,6499,0.20516574296768797
55321,6503,0.12753623188405797
55321,6504,0.17232210686249683
55321,6505,0.1783552865788537
55321,6518,0.15693791738807816
55321,6525,0.1962054604349838
55321,6549,0.2010911074740862
55321,6649,0.12516145698785844
55321,77182,0.18291202119439232
55321,7939,0.05168820341809087
55321,20977,0.09539473684210527
55321,24212,0.06258751050126016
55321,24213,0.06659205372132065
55321,24214,0.14083213020081375
55321,6651,0.1489556135770235
55321,74008,0.21987226468432625
55321,8889,0.18451598773543584
55321,8895,0.20493944431251485
55321,8915,0.13142857142857142
55321,8916,0.12394179894179894
55321,8917,0.06238760547793609
55321,8919,0.1901509705248023
55321,8921,0.1948300622307324
55321,8922,0.14640231092436976
55321,8923,0.13386034255599474
55321,8925,0.1344136007437907
55321,8926,0.17735560372306516
55321,8927,0.16751592356687897
55321,30165,0.26719896017082906
55321,64417,0.27356909780403915
55321,64482,0.25553615730956536
55321,64718,0.26156247432843177
55321,64869,0.25279924302160545
55321,65089,0.2606349206349206
55321,65212,0.2614942528735632
55321,65346,0.24576523031203565
55321,65648,0.26823552387462163
55321,66437,0.25208960213975257
55321,66673,0.2523500256366433
55321,66904,0.24725597804782437
55321,66952,0.25647942961749687
55321,2187,0.20335932813437313
55321,2313,0.23126734505087881
55321,2314,0.2294022617124394
55321,46580,0.18603588161352988
60437,61266,0.30701754385964913
60437,64449,0.2516273195375498
60437,64466,0.2851051170170567
60437,64513,0.25894393623765966
60437,64522,0.24379820721284137
60437,64525,0.22644281217208814
60437,75802,0.28654871751460254
60437,79173,0.2877455412180488
60437,22492,0.18690116813230082
60437,22659,0.05401369010578718
60437,22761,0.07461139896373056
60437,24746,0.1874374874974995
60437,28280,0.18658892128279883
60437,38638,0.179260606848158
60437,16304,0.15115457115928368
60437,21593,0.09575923392612859
60437,21989,0.17446284691136973
60437,22367,0.19757287059090395
60437,23532,0.11366941347552109
60437,25791,0.14086687306501547
60437,30570,0.009601843553962361
60437,30655,0.08612558947629685
60437,30753,0.027798933739527798
60437,38395,0.11097664286578725
60437,69327,0.26186424654944224
60437,30821,0.06775034123340365
60437,36076,0.16223836894046198
60437,38295,0.13938486349498905
60437,38754,0.08867235079171741
60437,38755,0.05598027127003699
60437,41197,0.1700824237023836
60437,46873,0.13026159974162987
60437,49543,0.17984227736103098
60437,55925,0.19621109607577808
60437,56182,0.18848637015781922
60437,6342,0.19520758360396734
60437,6343,0.19569539286022994
60437,10055,0.18697748215048515
60437,6820,0.018452532451005345
60437,6822,0.11973057716873767
60437,6831,0.09374247894103489
60437,6889,0.1541266390856181
60437,9108,0.16630045102347635
60437,9110,0.11838942307692307
60437,9157,0.18903269754768393
60437,9158,0.11075345731998093
60437,9159,0.10129679471494984
60437,9160,0.08945065629557608
60437,9186,0.18904555314533622
60437,9187,0.16784686877627794
60437,9325,0.16547509225092252
60437,9326,0.07717041800643087
60437,9369,0.17250643680734357
60437,9375,0.1068840579710145
60437,9950,0.1371010497296151
60437,31218,0.20470763659601662
60437,33328,0.08576329331046312
60437,33329,0.11410967344423906
60437,35264,0.2731409926154903
60437,38126,0.2760980378465191
60437,43335,0.12101833976833977
60437,44174,0.26406495981440053
60437,45123,0.28359427172219337
60437,45635,0.14227500291069972
60437,46157,0.16329204383039542
60437,46987,0.25475285171102663
60437,2188,0.25562700964630225
60437,24043,0.06347424865943384
60437,24288,0.15333257892950097
60437,27822,0.23519145878246586
60437,31199,0.15358118541394464
60437,33863,0.1389233720799007
60437,33864,0.15366820885657634
60437,34521,0.15217391304347827
60437,38402,0.2351256059938299
60437,40117,0.06680819180819181
60437,45579,0.1999365280863218
60437,312161,0.13062442607897154
60437,47804,0.19606332905434318
60437,6383,0.1740397626730509
60437,6496,0.17104984093319195
60437,6498,0.2017950786607503
60437,6499,0.1929943066679533
60437,6503,0.12311737987090605
60437,6504,0.1647248817626024
60437,6505,0.1663778162911612
60437,6518,0.1470853027233851
60437,6525,0.18940200042562247
60437,6549,0.20141987829614605
60437,6649,0.11462589004318897
60437,77182,0.17574030731657678
60437,7939,0.04851583936143677
60437,20977,0.087170647623738
60437,24212,0.05800376647834275
60437,24213,0.06119889641334337
60437,24214,0.1341187671069856
60437,6651,0.14030521708269253
60437,74008,0.2070165265294288
60437,8889,0.17810573132517943
60437,8895,0.195690030474532
60437,8915,0.11946372994972468
60437,8916,0.11170656186733358
60437,8917,0.057873820168902135
60437,8919,0.17973713033953997
60437,8921,0.1850635129215944
60437,8922,0.13578635014836796
60437,8923,0.12068351726593093
60437,8925,0.1213534194165471
60437,8926,0.166685972431368
60437,8927,0.15788864451904155
60437,30165,0.2591916558018253
60437,64417,0.2688091679123069
60437,64482,0.2410783055198973
60437,64718,0.2739930774071743
60437,64869,0.25636595808608126
60437,65089,0.26538024971623153
60437,65212,0.26912224510028215
60437,65346,0.24077328646748683
60437,65648,0.2731123388581952
60437,66437,0.2638223074464685
60437,66673,0.256630708086625
60437,66904,0.2443812494266581
60437,66952,0.2648318600200492
60437,2187,0.20252141587198966
60437,2313,0.23953040126160854
60437,2314,0.23987398739873989
60437,46580,0.18023989898989898
61266,64449,0.27502477700693756
61266,64466,0.3130699088145897
61266,64513,0.26768299517991256
61266,64522,0.29050973891421467
61266,64525,0.26470179341025996
61266,75802,0.28985062410476775
61266,79173,0.2895177990336259
61266,22492,0.1707593502077824
61266,22659,0.06678765880217785
61266,22761,0.08917609046849757
61266,24746,0.17143956889915318
61266,28280,0.16959376908979842
61266,38638,0.16355070296141191
61266,16304,0.18325642715886617
61266,21593,0.12599565532223025
61266,21989,0.21693610469591995
61266,22367,0.23938404106392908
61266,23532,0.1498518905732706
61266,25791,0.1781560761840553
61266,30570,0.013785180930499713
61266,30655,0.11754035915109741
61266,30753,0.038671948688926615
61266,38395,0.14372504773476827
61266,69327,0.2730177514792899
61266,30821,0.0855595667870036
61266,36076,0.18368536052439913
61266,38295,0.1685609092364335
61266,38754,0.10903372357155339
61266,38755,0.07196697774587221
61266,41197,0.19818319454958364
61266,46873,0.14459400781589232
61266,49543,0.1856162705219309
61266,55925,0.18858024691358025
61266,56182,0.18530457981325033
61266,6342,0.19007015650296816
61266,6343,0.1891262957478316
61266,10055,0.1744218445249373
61266,6820,0.026166097838452786
61266,6822,0.15647039527636541
61266,6831,0.12695109261186263
61266,6889,0.15087136929460582
61266,9108,0.20656899050072453
61266,9110,0.15083990401097017
61266,9157,0.22410312160273335
61266,9158,0.14524093308360292
61266,9159,0.1371053565094005
61266,9160,0.11885533707865169
61266,9186,0.22236822893853117
61266,9187,0.19759398496240602
61266,9325,0.19872408293460925
61266,9326,0.10272121102901424
61266,9369,0.20664319608143272
61266,9375,0.1399341078550373
61266,9950,0.1605308219178082
61266,31218,0.24803205953914412
61266,33328,0.11464628510487025
61266,33329,0.1472785485592316
61266,35264,0.26837358764382707
61266,38126,0.24674085850556438
61266,43335,0.15676795580110497
61266,44174,0.2658670664667666
61266,45123,0.2754075615678113
61266,45635,0.18886876337889016
61266,46157,0.21216216216216216
61266,46987,0.26623451788401437
61266,2188,0.2714269874708948
61266,24043,0.0917616770871644
61266,24288,0.19306231360853868
61266,27822,0.26351713062098503
61266,31199,0.20531482735274204
61266,33863,0.17699670484857993
61266,33864,0.18955629338967703
61266,34521,0.19731649565903708
61266,38402,0.272552783109405
61266,40117,0.09010989010989011
61266,45579,0.22697322304780598
61266,312161,0.15570768985830283
61266,47804,0.20450698264917477
61266,6383,0.21459527470991194
61266,6496,0.2069113237184064
61266,6498,0.22758983809398448
61266,6499,0.22119470132466884
61266,6503,0.1575097805749277
61266,6504,0.20038381576843114
61266,6505,0.2049808429118774
61266,6518,0.18263845675171125
61266,6525,0.21991760193209262
61266,6549,0.22712808273667462
61266,6649,0.15046296296296297
61266,77182,0.20486624546309987
61266,7939,0.06637330399706637
61266,20977,0.11570100143061517
61266,24212,0.07675276752767528
61266,24213,0.08181315644002211
61266,24214,0.16250628245937343
61266,6651,0.18354324097397146
61266,74008,0.22895455674199156
61266,8889,0.19894179894179895
61266,8895,0.2307579533792699
61266,8915,0.1504168793602178
61266,8916,0.14324461773181896
61266,8917,0.07900964864372838
61266,8919,0.20542292956086058
61266,8921,0.2177836958129901
61266,8922,0.17752278096523794
61266,8923,0.16329994907485995
61266,8925,0.15304909121793783
61266,8926,0.20196015424164523
61266,8927,0.19375100660331776
61266,30165,0.2679599232573012
61266,64417,0.2684194741577527
61266,64482,0.24997376429845733
61266,64718,0.24876078575362584
61266,64869,0.23611718408395277
61266,65089,0.24644967804533827
61266,65212,0.25220568576775687
61266,65346,0.25063554425699097
61266,65648,0.2726551880380607
61266,66437,0.24185522486151534
61266,66673,0.24669050149772925
61266,66904,0.256037541490214
61266,66952,0.2673178399012013
61266,2187,0.2109775325187229
61266,2313,0.24002145922746781
61266,2314,0.24046140195208518
61266,46580,0.20693997481460752
64449,64466,0.26264113892979873
64449,64513,0.2413221313287641
64449,64522,0.24388933655654044
64449,64525,0.22363957117655042
64449,75802,0.2806174606419955
64449,79173,0.25151661049590757
64449,22492,0.16348403653105895
64449,22659,0.06993910315556376
64449,22761,0.09105797576154602
64449,24746,0.16662813102119461
64449,28280,0.16428516848781233
64449,38638,0.16147670143318077
64449,16304,0.17491312262121464
64449,21593,0.11737943585077343
64449,21989,0.20221266133988935
64449,22367,0.22048584248800868
64449,23532,0.1436842105263158
64449,25791,0.1743711760707002
64449,30570,0.012424771888953601
64449,30655,0.11088783339422725
64449,30753,0.03747609942638623
64449,38395,0.13753932191541418
64449,69327,0.24614845938375352
64449,30821,0.08681318681318681
64449,36076,0.18620079610791684
64449,38295,0.17188768057133583
64449,38754,0.11552153791384834
64449,38755,0.0726246814706953
64449,41197,0.1922081874904885
64449,46873,0.14763231197771587
64449,49543,0.18848297213622292
64449,55925,0.19187616870974444
64449,56182,0.18431065353625783
64449,6342,0.19120687778866036
64449,6343,0.18909129647384681
64449,10055,0.16132604332479755
64449,6820,0.024990388312187622
64449,6822,0.14503942181340343
64449,6831,0.1204608938547486
64449,6889,0.14938312770923642
64449,9108,0.18795064893446564
64449,9110,0.13829787234042554
64449,9157,0.2001230579910783
64449,9158,0.13277654678711437
64449,9159,0.12451154529307282
64449,9160,0.11498936924167258
64449,9186,0.20173913043478262
64449,9187,0.181123595505618
64449,9325,0.18558673469387754
64449,9326,0.10341677325050247
64449,9369,0.19184359248510768
64449,9375,0.1270392224921902
64449,9950,0.1608764595646533
64449,31218,0.21484814398200225
64449,33328,0.1154954954954955
64449,33329,0.13607990012484394
64449,35264,0.23461304082876294
64449,38126,0.21887205124199344
64449,43335,0.14295580110497239
64449,44174,0.23080684596577017
64449,45123,0.23038102447640676
64449,45635,0.16800261737281205
64449,46157,0.18602707671736587
64449,46987,0.2317377495462795
64449,2188,0.23865984988578265
64449,24043,0.08644036356891115
64449,24288,0.17149532710280374
64449,27822,0.23284604240748058
64449,31199,0.17821285140562249
64449,33863,0.15935010154663334
64449,33864,0.16813894295553228
64449,34521,0.1774395983683715
64449,38402,0.24294032023289666
64449,40117,0.08539741219963032
64449,45579,0.2222692036645525
64449,312161,0.15103415103415102
64449,47804,0.19050126368997472
64449,6383,0.191253805701633
64449,6496,0.1821519344817848
64449,6498,0.20815366522932183
64449,6499,0.19876314162028447
64449,6503,0.14390202415376765
64449,6504,0.18437001594896332
64449,6505,0.18846323205636284
64449,6518,0.16602077197333748
64449,6525,0.19597919302685224
64449,6549,0.2031209021767637
64449,6649,0.1374235157929552
64449,77182,0.1856647090229578
64449,7939,0.06498329001113999
64449,20977,0.10753461607624527
64449,24212,0.07468259895444361
64449,24213,0.07920238538948937
64449,24214,0.15006706908115358
64449,6651,0.15978695073235685
64449,74008,0.193968138149094
64449,8889,0.17607016625212724
64449,8895,0.19331228473019518
64449,8915,0.14322381930184805
64449,8916,0.13198573127229488
64449,8917,0.07146783947223749
64449,8919,0.1845568879789412
64449,8921,0.18888564760793466
64449,8922,0.15312604480106987
64449,8923,0.13966010432441528
64449,8925,0.13926630434782608
64449,8926,0.1730860675225868
64449,8927,0.175
64449,30165,0.23559552441702394
64449,64417,0.23281509729148334
64449,64482,0.216805512701841
64449,64718,0.23191838221898342
64449,64869,0.21310201967892284
64449,65089,0.22076455256298871
64449,65212,0.22778803058265226
64449,65346,0.22664992007307605
64449,65648,0.23889382496668146
64449,66437,0.2269715352309846
64449,66673,0.22499283462310118
64449,66904,0.22957110609480813
64449,66952,0.23817940786566505
64449,2187,0.18626117372716672
64449,2313,0.21914170384533674
64449,2314,0.22035388504231235
64449,46580,0.1974218859464761
64466,64513,0.2846590909090909
64466,64522,0.2960444136016655
64466,64525,0.26944017869607706
64466,75802,0.2804023163669613
64466,79173,0.28696593817680643
64466,22492,0.16833848706538954
64466,22659,0.0625904486251809
64466,22761,0.0917044718081659
64466,24746,0.1700507614213198
64466,28280,0.16714939024390243
64466,38638,0.16021481315730587
64466,16304,0.18279215427723752
64466,21593,0.12731229597388466
64466,21989,0.21445042275172943
64466,22367,0.23914734712929828
64466,23532,0.1535770509008221
64466,25791,0.17569841804106362
64466,30570,0.012050497322111706
64466,30655,0.11137184115523466
64466,30753,0.03811320754716981
64466,38395,0.13789528252980818
64466,69327,0.26105312536648295
64466,30821,0.07841378072851247
64466,36076,0.16494549627079746
64466,38295,0.15717684377478192
64466,38754,0.09892584892584892
64466,38755,0.06932998925116446
64466,41197,0.176033303597978
64466,46873,0.1275320970042796
64466,49543,0.16542168674698796
64466,55925,0.17272542648253453
64466,56182,0.16073178699771318
64466,6342,0.1721790917792194
64466,6343,0.1697720412199438
64466,10055,0.16120143290162578
64466,6820,0.026770457565976836
64466,6822,0.14846805736636245
64466,6831,0.11869078380706288
64466,6889,0.14238628872775214
64466,9108,0.19629452164191025
64466,9110,0.14232209737827714
64466,9157,0.21461609620721553
64466,9158,0.1381645783948527
64466,9159,0.12938480521769788
64466,9160,0.10900226362528295
64466,9186,0.21099855282199712
64466,9187,0.1893022560884506
64466,9325,0.1874802402782169
64466,9326,0.09666427546628407
64466,9369,0.1889240983853931
64466,9375,0.13667820069204153
64466,9950,0.14897526501766784
64466,31218,0.24924752759065502
64466,33328,0.11136726369923745
64466,33329,0.1461593172119488
64466,35264,0.2596025126145608
64466,38126,0.23737373737373738
64466,43335,0.14854202401372213
64466,44174,0.2584236159427492
64466,45123,0.26464264212608585
64466,45635,0.19272727272727272
64466,46157,0.2074074074074074
64466,46987,0.2665045170257123
64466,2188,0.2702792553191489
64466,24043,0.09182922340817078
64466,24288,0.19112574474756977
64466,27822,0.2564239115963254
64466,31199,0.19996627887371438
64466,33863,0.18118796281707894
64466,33864,0.1916502798366359
64466,34521,0.20142630744849446
64466,38402,0.2659808963997061
64466,40117,0.08838060384263495
64466,45579,0.22521008403361345
64466,312161,0.1452249408050513
64466,47804,0.1953576305009978
64466,6383,0.20260351751834926
64466,6496,0.1949080622347949
64466,6498,0.2172891094280491
64466,6499,0.2135669027208349
64466,6503,0.14881756756756756
64466,6504,0.1808594364866992
64466,6505,0.1950577569820149
64466,6518,0.16748617086662568
64466,6525,0.20836266366324088
64466,6549,0.21245085190039317
64466,6649,0.14695695200395845
64466,77182,0.19740711039828923
64466,7939,0.06485892268230121
64466,20977,0.12079813050512314
64466,24212,0.08020003704389701
64466,24213,0.08227264342372256
64466,24214,0.1667227456258412
64466,6651,0.1864578069732188
64466,74008,0.2330508474576271
64466,8889,0.20159151193633953
64466,8895,0.227113190991518
64466,8915,0.15702054794520548
64466,8916,0.1445067074206147
64466,8917,0.07867419413585867
64466,8919,0.20447849145550973
64466,8921,0.2211666914056702
64466,8922,0.1838397555593278
64466,8923,0.16737685358786433
64466,8925,0.15886573283225144
64466,8926,0.20016051364365972
64466,8927,0.1985115677074907
64466,30165,0.26429938337231557
64466,64417,0.2639760837070254
64466,64482,0.24929178470254956
64466,64718,0.24212256827107498
64466,64869,0.22707537339353942
64466,65089,0.23671539875689399
64466,65212,0.23468401160235564
64466,65346,0.2494514378103707
64466,65648,0.26063531260523065
64466,66437,0.23683472079319054
64466,66673,0.2376931196622205
64466,66904,0.24404626899523701
64466,66952,0.25280337515265905
64466,2187,0.20429369669640232
64466,2313,0.22656332944049262
64466,2314,0.21746705869541544
64466,46580,0.19716745348514303
64513,64522,0.25968137254901963
64513,64525,0.23419434194341943
64513,75802,0.2593212459321246
64513,79173,0.2556222560702446
64513,22492,0.17961234745154342
64513,22659,0.056752984958908355
64513,22761,0.09045725646123261
64513,24746,0.17749107077775347
64513,28280,0.17612156295224313
64513,38638,0.17034409365023057
64513,16304,0.15610311921378722
64513,21593,0.09955446305115993
64513,21989,0.18432685867381113
64513,22367,0.19642617224237538
64513,23532,0.12780604609398383
64513,25791,0.14934029288096273
64513,30570,0.011688311688311689
64513,30655,0.09418837675350701
64513,30753,0.03220121755847485
64513,38395,0.11960725974412377
64513,69327,0.23172530018959342
64513,30821,0.07070240295748614
64513,36076,0.15246693794506613
64513,38295,0.13441674700454484
64513,38754,0.08651551312649165
64513,38755,0.06144393241167435
64513,41197,0.1693750825736557
64513,46873,0.12004558693174623
64513,49543,0.1487012987012987
64513,55925,0.16838166510757718
64513,56182,0.15365489806066635
64513,6342,0.16078012808072967
64513,6343,0.1605679435868115
64513,10055,0.15452481349335062
64513,6820,0.020903682264029586
64513,6822,0.13064401981599433
64513,6831,0.10738754840631516
64513,6889,0.13692213177699278
64513,9108,0.16065528634361234
64513,9110,0.11889441357121966
64513,9157,0.17523987206823027
64513,9158,0.12048545108934054
64513,9159,0.1077943615257048
64513,9160,0.09825721153846154
64513,9186,0.18964856230031948
64513,9187,0.15973941368078176
64513,9325,0.15921557871640155
64513,9326,0.0842040565457898
64513,9369,0.16022099447513813
64513,9375,0.12121212121212122
64513,9950,0.13247596453989263
64513,31218,0.2203968153671174
64513,33328,0.09460895975702353
64513,33329,0.1202608431907795
64513,35264,0.23504594037127322
64513,38126,0.21997944803288313
64513,43335,0.12739887806318276
64513,44174,0.24162482884527614
64513,45123,0.23999365934849806
64513,45635,0.16946236559139785
64513,46157,0.17392562581391985
64513,46987,0.233101443256152
64513,2188,0.23619693043651585
64513,24043,0.08064769690300268
64513,24288,0.17635712317442823
64513,27822,0.2328344024708957
64513,31199,0.1636101083032491
64513,33863,0.1620988844511775
64513,33864,0.17164873123422347
64513,34521,0.1775597623324582
64513,38402,0.2367024718519477
64513,40117,0.07910401002506266
64513,45579,0.19987616099071207
64513,312161,0.12505147563486615
64513,47804,0.18583389471658165
64513,6383,0.18417814960629922
64513,6496,0.17878217200251098
64513,6498,0.19740987049352468
64513,6499,0.1922734357604097
64513,6503,0.12267981438515081
64513,6504,0.1583207573055289
64513,6505,0.17524177949709865
64513,6518,0.1550114973623698
64513,6525,0.1873831193118065
64513,6549,0.1895424836601307
64513,6649,0.13564441887226697
64513,77182,0.18378572282673683
64513,7939,0.05946030749921556
64513,20977,0.10061349693251534
64513,24212,0.065439672801636
64513,24213,0.0670846394984326
64513,24214,0.13519746324589219
64513,6651,0.15892597968069666
64513,74008,0.20362141746278606
64513,8889,0.18313024961552113
64513,8895,0.20335267569310123
64513,8915,0.13489606368863336
64513,8916,0.1247620442231659
64513,8917,0.06550760633343682
64513,8919,0.18095854922279792
64513,8921,0.19126819126819128
64513,8922,0.15614957639497518
64513,8923,0.14206128133704735
64513,8925,0.13569538371067333
64513,8926,0.1720969089390142
64513,8927,0.16867301231802911
64513,30165,0.23906536641884715
64513,64417,0.24634101719721918
64513,64482,0.22994447635458548
64513,64718,0.22822873553509587
64513,64869,0.23137254901960785
64513,65089,0.23326239973809135
64513,65212,0.23612371134020618
64513,65346,0.23270440251572327
64513,65648,0.24547221937992428
64513,66437,0.24125843484357198
64513,66673,0.24957110609480812
64513,66904,0.22958604315061423
64513,66952,0.23235887096774194
64513,2187,0.19713975380159304
64513,2313,0.20948693126815102
64513,2314,0.2000990099009901
64513,46580,0.17727440600763264
64522,64525,0.2711944531988654
64522,75802,0.25346470333477694
64522,79173,0.27118286377545636
64522,22492,0.15461366538952745
64522,22659,0.07375415282392027
64522,22761,0.10654784967067028
64522,24746,0.1568003913894325
64522,28280,0.1561867767257425
64522,38638,0.15135906173230843
64522,16304,0.18565644881434354
64522,21593,0.13294040602488538
64522,21989,0.2181463760411129
64522,22367,0.2268788682581786
64522,23532,0.16652702136573105
64522,25791,0.1818362086059885
64522,30570,0.0166865315852205
64522,30655,0.11859603226509702
64522,30753,0.04652794014496142
64522,38395,0.1421820423258681
64522,69327,0.23173356971001646
64522,30821,0.08820960698689956
64522,36076,0.1663379355687048
64522,38295,0.15172667156502573
64522,38754,0.1040282392026578
64522,38755,0.07667174907427576
64522,41197,0.18018172466998114
64522,46873,0.12994907179234433
64522,49543,0.1530870782771036
64522,55925,0.16212037548315847
64522,56182,0.15227272727272728
64522,6342,0.1562753036437247
64522,6343,0.15376793582646028
64522,10055,0.14230047625920045
64522,6820,0.029847238542890717
64522,6822,0.17322681215900235
64522,6831,0.15188540130608805
64522,6889,0.13319798746579575
64522,9108,0.2026046511627907
64522,9110,0.1520064856100527
64522,9157,0.21640333747559026
64522,9158,0.16173771160513972
64522,9159,0.1483141271873666
64522,9160,0.11965632858340318
64522,9186,0.22407469156385462
64522,9187,0.1920233797490115
64522,9325,0.19469515564560694
64522,9326,0.10534317984361424
64522,9369,0.19536019536019536
64522,9375,0.1591051641229354
64522,9950,0.15252312185623884
64522,31218,0.26355570161025305
64522,33328,0.12323189027003857
64522,33329,0.15737774930600043
64522,35264,0.237548315847598
64522,38126,0.2037128306226384
64522,43335,0.16164720344191763
64522,44174,0.24678525503643378
64522,45123,0.23559168925022583
64522,45635,0.21922395115225526
64522,46157,0.21871901645845726
64522,46987,0.2517685699848408
64522,2188,0.24754960554625866
64522,24043,0.11370857921016796
64522,24288,0.22753596114328414
64522,27822,0.26234428935914755
64522,31199,0.21238057324840764
64522,33863,0.20817774458551158
64522,33864,0.21661931818181818
64522,34521,0.2344632768361582
64522,38402,0.27076356329537843
64522,40117,0.11131180853465794
64522,45579,0.22590887442451182
64522,312161,0.13938174501554784
64522,47804,0.2021128395635013
64522,6383,0.23277527366387638
64522,6496,0.22637144745538665
64522,6498,0.22359882005899706
64522,6499,0.2163628774175595
64522,6503,0.15476904619076184
64522,6504,0.19197496778943493
64522,6505,0.21837708830548927
64522,6518,0.18435754189944134
64522,6525,0.22539322198800066
64522,6549,0.22468731387730792
64522,6649,0.18181818181818182
64522,77182,0.22517374517374517
64522,7939,0.08452300022660322
64522,20977,0.14132340052585451
64522,24212,0.09252102750625142
64522,24213,0.09327009936766034
64522,24214,0.1820364072814563
64522,6651,0.21379588543767647
64522,74008,0.2344097995545657
64522,8889,0.22004555808656037
64522,8895,0.23885618166526493
64522,8915,0.18531540847983455
64522,8916,0.16303684103399146
64522,8917,0.09064587973273942
64522,8919,0.21888851005796114
64522,8921,0.2341045415595544
64522,8922,0.20526849037487335
64522,8923,0.19226044226044225
64522,8925,0.18795131008871466
64522,8926,0.22270659590598937
64522,8927,0.21261637849135473
64522,30165,0.23786739576213262
64522,64417,0.24365265628333688
64522,64482,0.23171836087842426
64522,64718,0.21593656319504884
64522,64869,0.2082795500645399
64522,65089,0.21598292184889548
64522,65212,0.21566613761553544
64522,65346,0.23727100442198357
64522,65648,0.24496767109918263
64522,66437,0.22202184149884782
64522,66673,0.22290894107952205
64522,66904,0.22735127129103924
64522,66952,0.23204419889502761
64522,2187,0.21155708597869363
64522,2313,0.21055657773689052
64522,2314,0.20165680473372782
64522,46580,0.20037926675094817
64525,75802,0.2256110750594852
64525,79173,0.22224523612261807
64525,22492,0.14299493609838437
64525,22659,0.0692218350754936
64525,22761,0.09691011235955056
64525,24746,0.1431616923581502
64525,28280,0.13829442282749677
64525,38638,0.13419088454819755
64525,16304,0.18384121892542102
64525,21593,0.13365428702430077
64525,21989,0.20527272727272727
64525,22367,0.2184598580010923
64525,23532,0.16447944006999124
64525,25791,0.1735112936344969
64525,30570,0.015407931295781763
64525,30655,0.11961503208065995
64525,30753,0.04494937021486787
64525,38395,0.15021645021645022
64525,69327,0.21284215911997953
64525,30821,0.08667736757624397
64525,36076,0.15589674371520162
64525,38295,0.15024818633066056
64525,38754,0.10356832027850305
64525,38755,0.07925568573397657
64525,41197,0.17069299947099276
64525,46873,0.12062848454130766
64525,49543,0.14531079607415484
64525,55925,0.14365194169355736
64525,56182,0.1378014786086535
64525,6342,0.14193699496428153
64525,6343,0.1420877735762576
64525,10055,0.1271425471902799
64525,6820,0.02808151093439364
64525,6822,0.15082685793982864
64525,6831,0.12905317769131
64525,6889,0.11838365896980461
64525,9108,0.1816454493634809
64525,9110,0.14025157232704402
64525,9157,0.18873695573947463
64525,9158,0.14613120269133725
64525,9159,0.12681000438788942
64525,9160,0.11456055968517709
64525,9186,0.19619079723579977
64525,9187,0.17557117750439366
64525,9325,0.17865911237016052
64525,9326,0.1051791010723249
64525,9369,0.17663817663817663
64525,9375,0.1422720413882302
64525,9950,0.14033920851346857
64525,31218,0.22672598451145165
64525,33328,0.1161751563896336
64525,33329,0.15668305766651766
64525,35264,0.21263414094479477
64525,38126,0.17922906948195433
64525,43335,0.15646983585589427
64525,44174,0.21054309703475396
64525,45123,0.19777084262148908
64525,45635,0.19162156744838646
64525,46157,0.20724222585924715
64525,46987,0.21743512219702696
64525,2188,0.22103749850245596
64525,24043,0.10710045119924008
64525,24288,0.19335974344463308
64525,27822,0.23596185863478128
64525,31199,0.19696969696969696
64525,33863,0.17894338193523954
64525,33864,0.18193202146690518
64525,34521,0.19191537589724217
64525,38402,0.2508942258559019
64525,40117,0.09840300610615313
64525,45579,0.20402576489533011
64525,312161,0.14592110302566066
64525,47804,0.17244578452974602
64525,6383,0.184185303514377
64525,6496,0.18237232289950578
64525,6498,0.1953971789161099
64525,6499,0.18458106789348946
64525,6503,0.14897153542489092
64525,6504,0.1781055019852524
64525,6505,0.18265935572309802
64525,6518,0.1679896621746354
64525,6525,0.19438092126755963
64525,6549,0.19122257053291536
64525,6649,0.1581414306093336
64525,77182,0.19138385247171857
64525,7939,0.07453857075248461
64525,20977,0.13566689544726607
64525,24212,0.095078031212485
64525,24213,0.09558998808104886
64525,24214,0.17803660565723795
64525,6651,0.1972210700953961
64525,74008,0.20466610785135514
64525,8889,0.19170746634026928
64525,8895,0.2206411794959712
64525,8915,0.17147127909459747
64525,8916,0.15331083930830874
64525,8917,0.0886964661830096
64525,8919,0.2017055342847198
64525,8921,0.21374978188797766
64525,8922,0.18688865764828305
64525,8923,0.17903191714225322
64525,8925,0.17173219978746015
64525,8926,0.2092751363990647
64525,8927,0.20356932731908217
64525,30165,0.21535644810619065
64525,64417,0.21440732070653332
64525,64482,0.21277080957810718
64525,64718,0.19155310718082535
64525,64869,0.1891991862400592
64525,65089,0.19512875336989868
64525,65212,0.1955830058019839
64525,65346,0.22003577817531306
64525,65648,0.22223585716038777
64525,66437,0.19675578251727247
64525,66673,0.20014450867052022
64525,66904,0.20484472049689442
64525,66952,0.20740383455926686
64525,2187,0.17045696068012753
64525,2313,0.18251868890166761
64525,2314,0.17684085510688835
64525,46580,0.18736876110482958
75802,79173,0.29576034526529577
75802,22492,0.18192120525298314
75802,22659,0.05199688796680498
75802,22761,0.08065486938726375
75802,24746,0.18238482384823848
75802,28280,0.18036314727639544
75802,38638,0.17514198916919826
75802,16304,0.1476109215017065
75802,21593,0.09350750129332644
75802,21989,0.1848778777608975
75802,22367,0.20120084765716978
75802,23532,0.11964512040557668
75802,25791,0.1435477872815173
75802,30570,0.01033141017040118
75802,30655,0.09010646585302519
75802,30753,0.028841041998936737
75802,38395,0.11161501637692114
75802,69327,0.25308641975308643
75802,30821,0.0658999870784339
75802,36076,0.15907819666629378
75802,38295,0.14082316343622878
75802,38754,0.08770595690747782
75802,38755,0.058141033904860126
75802,41197,0.16695412211107277
75802,46873,0.12662445851382872
75802,49543,0.17151848937844216
75802,55925,0.18892817107872725
75802,56182,0.17607367557217105
75802,6342,0.18539376061499954
75802,6343,0.18489537541761913
75802,10055,0.18330544710912808
75802,6820,0.018920719520319786
75802,6822,0.1261217560029105
75802,6831,0.10209490156486623
75802,6889,0.15657545069309775
75802,9108,0.16612729234088458
75802,9110,0.11667082605440479
75802,9157,0.1823068832534767
75802,9158,0.11413651622528907
75802,9159,0.10463779225756994
75802,9160,0.09405185561769192
75802,9186,0.18673081226225105
75802,9187,0.16480127912288717
75802,9325,0.16541173658419983
75802,9326,0.07835291080418226
75802,9369,0.1743268337975859
75802,9375,0.11168601716304896
75802,9950,0.13921547082738162
75802,31218,0.21533170623474596
75802,33328,0.09444158517756047
75802,33329,0.11289082521783701
75802,35264,0.262739965095986
75802,38126,0.26270171235289974
75802,43335,0.12333417148604475
75802,44174,0.26474832357185296
75802,45123,0.2781382015691008
75802,45635,0.15290818192903305
75802,46157,0.1640074211502783
75802,46987,0.2540694907187054
75802,2188,0.26099760721516657
75802,24043,0.06921365955776528
75802,24288,0.15676819945901446
75802,27822,0.2328159645232816
75802,31199,0.15835087284883
75802,33863,0.14865502595563945
75802,33864,0.16153846153846155
75802,34521,0.1636449816328949
75802,38402,0.22810590631364563
75802,40117,0.06907808827370071
75802,45579,0.20603732162458838
75802,312161,0.12594876660341556
75802,47804,0.2030739333981097
75802,6383,0.18188703743778403
75802,6496,0.17426656411383365
75802,6498,0.20376926280716368
75802,6499,0.20298567277827873
75802,6503,0.12019826517967781
75802,6504,0.1571632216678546
75802,6505,0.17146714671467148
75802,6518,0.14784130688448074
75802,6525,0.18636263977197984
75802,6549,0.19762351469668543
75802,6649,0.12356392080175996
75802,77182,0.1770023123817532
75802,7939,0.051868304154690355
75802,20977,0.08668889458835599
75802,24212,0.0593253707835674
75802,24213,0.06419850334777472
75802,24214,0.1309171597633136
75802,6651,0.14407197436529456
75802,74008,0.2051052840683353
75802,8889,0.17185231279817464
75802,8895,0.192104968038578
75802,8915,0.12351692269264394
75802,8916,0.1160969546302051
75802,8917,0.06068875893437297
75802,8919,0.17325673087754873
75802,8921,0.18769859282796186
75802,8922,0.13867259918427882
75802,8923,0.1237789044144924
75802,8925,0.12114811133200795
75802,8926,0.1605351170568562
75802,8927,0.15505268199233715
75802,30165,0.2592229549099982
75802,64417,0.2691784317060725
75802,64482,0.242948774272911
75802,64718,0.25487244493741085
75802,64869,0.24619366626065772
75802,65089,0.24940835178257884
75802,65212,0.2590645535369153
75802,65346,0.24361904761904762
75802,65648,0.2580554777248529
75802,66437,0.2483449055385112
75802,66673,0.2494428394552208
75802,66904,0.23842115132195763
75802,66952,0.2538711172925359
75802,2187,0.20311464546056993
75802,2313,0.2316485086622611
75802,2314,0.22559137820805553
75802,46580,0.1779826464208243
79173,22492,0.18505013673655424
79173,22659,0.04862553451435553
79173,22761,0.07584557567475231
79173,24746,0.18578801111552204
79173,28280,0.18254593175853018
79173,38638,0.17954017049857918
79173,16304,0.14066466651280868
79173,21593,0.08907870652837095
79173,21989,0.17903978661924871
79173,22367,0.19144898414824738
79173,23532,0.11532006713018461
79173,25791,0.13978368210674819
79173,30570,0.009591115598182737
79173,30655,0.08612029890971457
79173,30753,0.02753097234388687
79173,38395,0.10001183572020357
79173,69327,0.2515805132019338
79173,30821,0.06199756394640682
79173,36076,0.15198893852371836
79173,38295,0.13127544097693353
79173,38754,0.08122312470138557
79173,38755,0.053027545200825144
79173,41197,0.16105401268314018
79173,46873,0.12152594314699355
79173,49543,0.16503575461046294
79173,55925,0.17971206354459707
79173,56182,0.17407342350254698
79173,6342,0.18217821782178217
79173,6343,0.1824501907587961
79173,10055,0.18288996372430472
79173,6820,0.01857196636968252
79173,6822,0.12487028709789
79173,6831,0.10057402535278641
79173,6889,0.15258362890326171
79173,9108,0.16773528738264254
79173,9110,0.11692161745523538
79173,9157,0.18316942333482342
79173,9158,0.11622677239910048
79173,9159,0.10309777347531461
79173,9160,0.09045045045045046
79173,9186,0.19454329774614473
79173,9187,0.1622004357298475
79173,9325,0.16293093639776993
79173,9326,0.07426345264183103
79173,9369,0.1690405211438666
79173,9375,0.11365818530964954
79173,9950,0.1364160637517039
79173,31218,0.21918685305730445
79173,33328,0.08431988402995892
79173,33329,0.10942801745031508
79173,35264,0.2606311171110361
79173,38126,0.25943428532292306
79173,43335,0.1169833729216152
79173,44174,0.2722456750269017
79173,45123,0.2848077916328488
79173,45635,0.15919177762205092
79173,46157,0.15919755983106523
79173,46987,0.26076510811310294
79173,2188,0.26186448223666636
79173,24043,0.06889301175015461
79173,24288,0.17047132311186824
79173,27822,0.2327209986806049
79173,31199,0.15193434935521688
79173,33863,0.1543942992874109
79173,33864,0.16802736098852603
79173,34521,0.17264957264957265
79173,38402,0.22993374606277833
79173,40117,0.0690293899728328
79173,45579,0.20182523864470786
79173,312161,0.11416750531141676
79173,47804,0.2067488866050017
79173,6383,0.1923600209314495
79173,6496,0.18477222045237338
79173,6498,0.2059943865276664
79173,6499,0.2049251569290198
79173,6503,0.11777150916784203
79173,6504,0.15679166194630112
79173,6505,0.18141352730431007
79173,6518,0.14611364394529078
79173,6525,0.18963337547408343
79173,6549,0.2091800626832474
79173,6649,0.12321283273276763
79173,77182,0.1880663883514917
79173,7939,0.048738461538461536
79173,20977,0.088872656440224
79173,24212,0.05587835331932254
79173,24213,0.05981216015818092
79173,24214,0.13179204318741933
79173,6651,0.14660239830707736
79173,74008,0.2213392770617308
79173,8889,0.19191816892849908
79173,8895,0.19431891542930924
79173,8915,0.12329417348997271
79173,8916,0.11597968583914019
79173,8917,0.05758392550845381
79173,8919,0.17650237786424558
79173,8921,0.18869565217391304
79173,8922,0.1424020764511562
79173,8923,0.12765455403492212
79173,8925,0.12944675788221296
79173,8926,0.16531289326164053
79173,8927,0.16047258545537968
79173,30165,0.2692107093184979
79173,64417,0.2771094333360989
79173,64482,0.2536238099322412
79173,64718,0.25280381010907976
79173,64869,0.25176540548576526
79173,65089,0.26244751049790044
79173,65212,0.25334729598324485
79173,65346,0.23939532753092074
79173,65648,0.2616526382478052
79173,66437,0.2524172627938055
79173,66673,0.2569058548763792
79173,66904,0.2347896732262141
79173,66952,0.25217002237136465
79173,2187,0.2194209499024073
79173,2313,0.23469829451995497
79173,2314,0.22878881712819604
79173,46580,0.17883895131086142
22492,22659,0.04911310318519931
22492,22761,0.0910344827586207
22492,24746,0.33176193282262817
22492,28280,0.298932384341637
22492,38638,0.30601161909573127
22492,16304,0.10015201645354556
22492,21593,0.0643708360701886
22492,21989,0.12554000345602212
22492,22367,0.13185197994120698
22492,23532,0.07987102717641639
22492,25791,0.1012819347213383
22492,30570,0.006472804559945899
22492,30655,0.057445412801049575
22492,30753,0.019959696766145285
22492,38395,0.07627274398088586
22492,69327,0.17821635257456597
22492,30821,0.05145392749244713
22492,36076,0.12824661500468365
22492,38295,0.10781166399143927
22492,38754,0.06687749976746349
22492,38755,0.04996214988644966
22492,41197,0.131978813927238
22492,46873,0.11376068376068377
22492,49543,0.1546263067561242
22492,55925,0.18244345174785506
22492,56182,0.16553455404607206
22492,6342,0.1701325990870227
22492,6343,0.17076835026470166
22492,10055,0.16342947869806826
22492,6820,0.012688647505527251
22492,6822,0.08290339797189113
22492,6831,0.06928597718071403
22492,6889,0.13923215356928614
22492,9108,0.11182587240042298
22492,9110,0.07962422473549799
22492,9157,0.12422199170124482
22492,9158,0.07493422843146148
22492,9159,0.07253115119955365
22492,9160,0.07489481065918653
22492,9186,0.13232085920456452
22492,9187,0.11549607909989772
22492,9325,0.1137645400070497
22492,9326,0.057971014492753624
22492,9369,0.11697011336310546
22492,9375,0.07925816571323123
22492,9950,0.10966013728444668
22492,31218,0.14414414414414414
22492,33328,0.06089385474860335
22492,33329,0.07416001485056618
22492,35264,0.17968059802922187
22492,38126,0.1854489516864175
22492,43335,0.08031798245614036
22492,44174,0.18342093007783913
22492,45123,0.19356003611194703
22492,45635,0.10175845755601179
22492,46157,0.10394040032313077
22492,46987,0.17044378051446477
22492,2188,0.1863558352402746
22492,24043,0.04814253222137983
22492,24288,0.11097529031694753
22492,27822,0.15394976626257825
22492,31199,0.10236787611416225
22492,33863,0.10214772132006286
22492,33864,0.11401404831248929
22492,34521,0.11190830343862106
22492,38402,0.15917334458034585
22492,40117,0.04648965321742417
22492,45579,0.15336658354114713
22492,312161,0.10543701455227211
22492,47804,0.15910686701305995
22492,6383,0.13251332513325134
22492,6496,0.13446431556075547
22492,6498,0.14665502737877947
22492,6499,0.1502818750482663
22492,6503,0.08683371298405466
22492,6504,0.11751172462613928
22492,6505,0.12826603325415678
22492,6518,0.10854604059587072
22492,6525,0.13625062158130283
22492,6549,0.14574866523228944
22492,6649,0.08867261422005948
22492,77182,0.14093633565527297
22492,7939,0.038348362600854294
22492,20977,0.06028368794326241
22492,24212,0.03985197836606889
22492,24213,0.04169035436801213
22492,24214,0.0852978225661328
22492,6651,0.10045207956600362
22492,74008,0.1486579490708878
22492,8889,0.12720483076434133
22492,8895,0.13472676907579956
22492,8915,0.08174039686874203
22492,8916,0.0767625442337356
22492,8917,0.04147031102733271
22492,8919,0.12252130621888448
22492,8921,0.12768113494342173
22492,8922,0.09333212865919768
22492,8923,0.08833151581243184
22492,8925,0.08488933418344112
22492,8926,0.11441202475685235
22492,8927,0.11116035812427977
22492,30165,0.1912227899489046
22492,64417,0.20004042581862283
22492,64482,0.18645956676185832
22492,64718,0.20788183694530443
22492,64869,0.21770471071767308
22492,65089,0.21961107240134287
22492,65212,0.22181864525584655
22492,65346,0.1828499369482976
22492,65648,0.19157925407925408
22492,66437,0.228493003949923
22492,66673,0.22369314324507808
22492,66904,0.19060650887573966
22492,66952,0.18670908959433075
22492,2187,0.17252525252525253
22492,2313,0.19185423365487675
22492,2314,0.1855325336241367
22492,46580,0.14575
22659,22761,0.13306451612903225
22659,24746,0.04757717858538492
22659,28280,0.04529650376666023
22659,38638,0.047326076668244205
22659,16304,0.10262725779967159
22659,21593,0.11787564766839378
22659,21989,0.09259852611342519
22659,22367,0.08630393996247655
22659,23532,0.10324947589098532
22659,25791,0.10933333333333334
22659,30570,0.03088803088803089
22659,30655,0.1105929380413058
22659,30753,0.06414300736067298
22659,38395,0.10905240868184224
22659,69327,0.06260604004071937
22659,30821,0.14114114114114115
22659,36076,0.10261080752884032
22659,38295,0.11881977671451356
22659,38754,0.13402692778457773
22659,38755,0.12557077625570776
22659,41197,0.1039380245319561
22659,46873,0.10022558814050918
22659,49543,0.08817971866470711
22659,55925,0.07116843702579666
22659,56182,0.0788737320741518
22659,6342,0.06801831262262917
22659,6343,0.06789048900142428
22659,10055,0.037590199697935894
22659,6820,0.06496519721577726
22659,6822,0.09601371624517788
22659,6831,0.10352422907488987
22659,6889,0.042250389148321105
22659,9108,0.09729334308705194
22659,9110,0.09738012852199704
22659,9157,0.09608540925266904
22659,9158,0.0903761602344895
22659,9159,0.11388727484020918
22659,9160,0.14016990291262135
22659,9186,0.08627450980392157
22659,9187,0.08066023045780131
22659,9325,0.0965166908563135
22659,9326,0.13556953179594688
22659,9369,0.08761232349165597
22659,9375,0.10520722635494155
22659,9950,0.08724230654317298
22659,31218,0.07504451793436785
22659,33328,0.11340852130325814
22659,33329,0.10011248593925759
22659,35264,0.05362003266194883
22659,38126,0.043356643356643354
22659,43335,0.10079840319361277
22659,44174,0.05120288177023028
22659,45123,0.04405601553715629
22659,45635,0.08865814696485623
22659,46157,0.10053344275748871
22659,46987,0.05777121286722468
22659,2188,0.05715585203153426
22659,24043,0.09484066767830046
22659,24288,0.0894109396914446
22659,27822,0.07403386886669562
22659,31199,0.10331793364132717
22659,33863,0.08399423215573179
22659,33864,0.07863737663164597
22659,34521,0.08380084151472651
22659,38402,0.09069275515600211
22659,40117,0.10454545454545454
22659,45579,0.08788962698007154
22659,312161,0.12719119445576846
22659,47804,0.057063966866083754
22659,6383,0.08009271182075714
22659,6496,0.09186206896551724
22659,6498,0.07545070109058535
22659,6499,0.06647807637906648
22659,6503,0.10362941738299905
22659,6504,0.10451045104510451
22659,6505,0.09093601895734597
22659,6518,0.10290986515259049
22659,6525,0.0856763925729443
22659,6549,0.07423285198555957
22659,6649,0.10098302055406613
22659,77182,0.07920792079207921
22659,7939,0.1251063829787234
22659,20977,0.10443037974683544
22659,24212,0.10361842105263158
22659,24213,0.11317704122877931
22659,24214,0.08908685968819599
22659,6651,0.09849462365591398
22659,74008,0.06168958742632613
22659,8889,0.06900584795321638
22659,8895,0.08150817854172443
22659,8915,0.09358417752050169
22659,8916,0.08225108225108226
22659,8917,0.08807896735003796
22659,8919,0.0743223549985427
22659,8921,0.07446808510638298
22659,8922,0.09330985915492958
22659,8923,0.08809963099630996
22659,8925,0.09865900383141762
22659,8926,0.09654919236417034
22659,8927,0.09411323584551931
22659,30165,0.05546841579923
22659,64417,0.05361964767905362
22659,64482,0.05131112686038271
22659,64718,0.05159875331871176
22659,64869,0.04884682332463011
22659,65089,0.04852573169404852
22659,65212,0.051259487405125946
22659,65346,0.061378500754653696
22659,65648,0.062411347517730496
22659,66437,0.05471014492753623
22659,66673,0.05734406438631791
22659,66904,0.06107745210414279
22659,66952,0.06305742450320763
22659,2187,0.05394808004326663
22659,2313,0.06466686765149231
22659,2314,0.06698564593301436
22659,46580,0.08280922431865828
22761,24746,0.0885945133408493
22761,28280,0.0877699180938198
22761,38638,0.0827811563946628
22761,16304,0.10180012414649287
22761,21593,0.09513742071881606
22761,21989,0.11041829046505586
22761,22367,0.10297482837528604
22761,23532,0.11073699962588851
22761,25791,0.11332007952286283
22761,30570,0.018971848225214197
22761,30655,0.09094827586206897
22761,30753,0.04338153503893215
22761,38395,0.10369265199552406
22761,69327,0.08230827638572513
22761,30821,0.0945821854912764
22761,36076,0.11067193675889328
22761,38295,0.1151625645700395
22761,38754,0.10762331838565023
22761,38755,0.11571428571428571
22761,41197,0.12411440566780373
22761,46873,0.11030365948611472
22761,49543,0.09745916515426498
22761,55925,0.09919533851276359
22761,56182,0.09191119391398851
22761,6342,0.09149940968122787
22761,6343,0.08898426323319027
22761,10055,0.05485568489874023
22761,6820,0.030653556969346442
22761,6822,0.10070785070785071
22761,6831,0.10307692307692308
22761,6889,0.0644624662091911
22761,9108,0.10494709751215327
22761,9110,0.08859865866572537
22761,9157,0.0981404958677686
22761,9158,0.09360649947015189
22761,9159,0.10182250396196514
22761,9160,0.12695152013147082
22761,9186,0.10125406409660938
22761,9187,0.08730556949322629
22761,9325,0.1033503691084611
22761,9326,0.10425909494232476
22761,9369,0.09556929417825863
22761,9375,0.1092690278824416
22761,9950,0.09482129832239242
22761,31218,0.10532030401737243
22761,33328,0.11481637821865766
22761,33329,0.09557109557109557
22761,35264,0.07373674360573924
22761,38126,0.06118496346509376
22761,43335,0.09213802917111348
22761,44174,0.0739331986211815
22761,45123,0.06940824403899991
22761,45635,0.1111111111111111
22761,46157,0.1115987460815047
22761,46987,0.08073340233624131
22761,2188,0.08590827213523625
22761,24043,0.09078014184397164
22761,24288,0.11733258300506472
22761,27822,0.09786510485546948
22761,31199,0.11001589825119237
22761,33863,0.10536836093660765
22761,33864,0.10527683909539902
22761,34521,0.11377076879752182
22761,38402,0.12137559002022927
22761,40117,0.08860759493670886
22761,45579,0.11980760822037603
22761,312161,0.12075355157504633
22761,47804,0.08325185081715324
22761,6383,0.1002827931259517
22761,6496,0.11491329479768786
22761,6498,0.09160597930241472
22761,6499,0.08823529411764706
22761,6503,0.09671848013816926
22761,6504,0.1064801598629746
22761,6505,0.10337296772628003
22761,6518,0.10486787204450626
22761,6525,0.10082167443926271
22761,6549,0.09371961889947501
22761,6649,0.10785619174434088
22761,77182,0.10368377483443708
22761,7939,0.09683893627696939
22761,20977,0.09163179916317991
22761,24212,0.07925636007827788
22761,24213,0.08733624454148471
22761,24214,0.09388429752066116
22761,6651,0.12139107611548557
22761,74008,0.08480443059882312
22761,8889,0.09358019722278124
22761,8895,0.10377577021079454
22761,8915,0.10989010989010989
22761,8916,0.09224833391792353
22761,8917,0.0784037558685446
22761,8919,0.09983079526226735
22761,8921,0.1057438115837539
22761,8922,0.10934393638170974
22761,8923,0.11561093804084459
22761,8925,0.10458202168590416
22761,8926,0.1139716517211455
22761,8927,0.11761229314420804
22761,30165,0.08038164945758725
22761,64417,0.0802623732856291
22761,64482,0.07755367599219258
22761,64718,0.07432141318397242
22761,64869,0.07644225842811764
22761,65089,0.07603238036684086
22761,65212,0.07610491532424618
22761,65346,0.09034409580112172
22761,65648,0.0892294471498138
22761,66437,0.08698606863744479
22761,66673,0.08596861091590537
22761,66904,0.09074706668646963
22761,66952,0.08439535542339281
22761,2187,0.08413672217353199
22761,2313,0.09413388543823327
22761,2314,0.09035796766743649
22761,46580,0.11219946571682991
24746,28280,0.3208857442348008
24746,38638,0.32665799739921975
24746,16304,0.10088803442277762
24746,21593,0.06353325643983083
24746,21989,0.1269336161937594
24746,22367,0.13439575033200532
24746,23532,0.08207261724659606
24746,25791,0.102673996086835
24746,30570,0.007051345714569471
24746,30655,0.05888012314796998
24746,30753,0.01980295566502463
24746,38395,0.07634378235903229
24746,69327,0.1823279781752046
24746,30821,0.05182099961255327
24746,36076,0.1305674191580232
24746,38295,0.11126361057736298
24746,38754,0.06895893027698186
24746,38755,0.05131195335276968
24746,41197,0.13091650416592804
24746,46873,0.11711632796075683
24746,49543,0.1566706491437674
24746,55925,0.18636955578063957
24746,56182,0.17387025963212474
24746,6342,0.17215657311669127
24746,6343,0.17226553960504262
24746,10055,0.16411906677393404
24746,6820,0.013037037037037036
24746,6822,0.08559956196386202
24746,6831,0.06848153730218538
24746,6889,0.13715362177929022
24746,9108,0.1132262721039336
24746,9110,0.07866741321388578
24746,9157,0.12578505086245023
24746,9158,0.07817741334327245
24746,9159,0.07322654462242563
24746,9160,0.07699692780337941
24746,9186,0.1356762330297302
24746,9187,0.11537791710205503
24746,9325,0.11310220621341738
24746,9326,0.058505502992855764
24746,9369,0.11668713809440252
24746,9375,0.07960669376949986
24746,9950,0.11399141630901287
24746,31218,0.14472573839662448
24746,33328,0.06220735785953177
24746,33329,0.07612423780487805
24746,35264,0.17897570403092214
24746,38126,0.18891527190594776
24746,43335,0.08200562324273665
24746,44174,0.18647513213172517
24746,45123,0.19232880053661808
24746,45635,0.10243055555555555
24746,46157,0.10782416367155101
24746,46987,0.16996516195982506
24746,2188,0.1886613714202434
24746,24043,0.048424737456242706
24746,24288,0.111349227609608
24746,27822,0.1558252427184466
24746,31199,0.1048938134810711
24746,33863,0.10320793494772586
24746,33864,0.11191682683907042
24746,34521,0.11419863750448189
24746,38402,0.16028955532574973
24746,40117,0.046931057888102395
24746,45579,0.15267887419464224
24746,312161,0.10478276743336984
24746,47804,0.16335746541466561
24746,6383,0.13522355507088332
24746,6496,0.1400034293552812
24746,6498,0.1545543425126283
24746,6499,0.15613382899628253
24746,6503,0.08949780230057047
24746,6504,0.11844607443629449
24746,6505,0.13106922609224356
24746,6518,0.10916057743717697
24746,6525,0.13637901861252116
24746,6549,0.1470875366091767
24746,6649,0.08633225954901058
24746,77182,0.14789259290049048
24746,7939,0.03898255530650034
24746,20977,0.060771365680926406
24746,24212,0.03971575975859048
24746,24213,0.04190568789499271
24746,24214,0.08548268238761975
24746,6651,0.0987620103473762
24746,74008,0.1458883879993782
24746,8889,0.12568792489478794
24746,8895,0.13394998287084617
24746,8915,0.08366013071895424
24746,8916,0.07724484104852203
24746,8917,0.040069518200251036
24746,8919,0.11725853491164866
24746,8921,0.12433361994840929
24746,8922,0.09269870609981516
24746,8923,0.08859110366648056
24746,8925,0.08385353582409391
24746,8926,0.11305761242550118
24746,8927,0.11003441405542475
24746,30165,0.18604321643641517
24746,64417,0.2010549390327442
24746,64482,0.18216452659799634
24746,64718,0.20432143090280044
24746,64869,0.21721285192073367
24746,65089,0.21844099139591627
24746,65212,0.21689850592478105
24746,65346,0.183204953934451
24746,65648,0.19438460967095
24746,66437,0.22298166068890843
24746,66673,0.22174032768828308
24746,66904,0.18957738005715144
24746,66952,0.18537839823659075
24746,2187,0.1759780370624571
24746,2313,0.19426241444590067
24746,2314,0.18645447816432273
24746,46580,0.14979515192898601
28280,38638,0.3386433374681726
28280,16304,0.10127157129881925
28280,21593,0.062119482496194825
28280,21989,0.1279957861469581
28280,22367,0.13361425686945835
28280,23532,0.0823176448528033
28280,25791,0.10030423158476998
28280,30570,0.007576503001082357
28280,30655,0.05811737804878049
28280,30753,0.01980874316939891
28280,38395,0.07613360701623437
28280,69327,0.1792714983101765
28280,30821,0.05112219451371571
28280,36076,0.12865901044814781
28280,38295,0.10684262858175901
28280,38754,0.06699423603893036
28280,38755,0.050919241505438445
28280,41197,0.13066033588323223
28280,46873,0.11484083615231157
28280,49543,0.15388257575757575
28280,55925,0.1839253677789738
28280,56182,0.16590722342571151
28280,6342,0.16627720169417262
28280,6343,0.16663063063063063
28280,10055,0.16398868307265255
28280,6820,0.013504256776592621
28280,6822,0.08610230873698506
28280,6831,0.06903961136023916
28280,6889,0.1384568835098336
28280,9108,0.11720855038620442
28280,9110,0.0816402263660822
28280,9157,0.12764835164835164
28280,9158,0.07994818173406126
28280,9159,0.07263625200717862
28280,9160,0.07544659825161536
28280,9186,0.13616585615561813
28280,9187,0.11640577704747902
28280,9325,0.11507829977628635
28280,9326,0.05744050463538182
28280,9369,0.11859086152772934
28280,9375,0.08119016331894124
28280,9950,0.1122639904745705
28280,31218,0.14046069103655484
28280,33328,0.06232240954726274
28280,33329,0.07469584079977365
28280,35264,0.17847588997873653
28280,38126,0.1848937392303274
28280,43335,0.0799406473152184
28280,44174,0.18410435718128026
28280,45123,0.1943482224247949
28280,45635,0.10350145137880987
28280,46157,0.10431851311953352
28280,46987,0.16966126656848307
28280,2188,0.1876402055141472
28280,24043,0.04805932774727921
28280,24288,0.11183977313009572
28280,27822,0.1546673087727747
28280,31199,0.10232048236798831
28280,33863,0.10327098661466182
28280,33864,0.11539130434782609
28280,34521,0.11140677665424871
28280,38402,0.1584251430523529
28280,40117,0.04587772338996065
28280,45579,0.15187957278614078
28280,312161,0.10523455895671074
28280,47804,0.1679301959662423
28280,6383,0.132120910147816
28280,6496,0.14046139439856986
28280,6498,0.15451824286060997
28280,6499,0.1545461677257394
28280,6503,0.08907220316989527
28280,6504,0.12080295256098658
28280,6505,0.13472846765824975
28280,6518,0.1119283941864587
28280,6525,0.1374296041018744
28280,6549,0.14691866569743964
28280,6649,0.0876279239766082
28280,77182,0.14657873042044517
28280,7939,0.0389071249275922
28280,20977,0.06039632122878544
28280,24212,0.040737522926923446
28280,24213,0.041702783395935666
28280,24214,0.08599104450333546
28280,6651,0.09775743707093822
28280,74008,0.14635464936669756
28280,8889,0.12721274541358224
28280,8895,0.13445020835105026
28280,8915,0.08408964623078348
28280,8916,0.07842051849801643
28280,8917,0.04117985060333269
28280,8919,0.11797274275979557
28280,8921,0.12711719418306244
28280,8922,0.09204982597545339
28280,8923,0.08737327188940092
28280,8925,0.0831794682422452
28280,8926,0.11164787976382179
28280,8927,0.11044212796549245
28280,30165,0.18531813063063063
28280,64417,0.19846394345136953
28280,64482,0.18570624648283623
28280,64718,0.20307432870670644
28280,64869,0.21466768525592056
28280,65089,0.21148228121427665
28280,65212,0.21730214674783724
28280,65346,0.18209760851638054
28280,65648,0.19506610532535637
28280,66437,0.22230443263603955
28280,66673,0.2170621931260229
28280,66904,0.18931639895405306
28280,66952,0.18523656542056074
28280,2187,0.17678388528508024
28280,2313,0.1935483870967742
28280,2314,0.1856943321326178
28280,46580,0.1502797084251568
38638,16304,0.09704603920872883
38638,21593,0.06200539986965832
38638,21989,0.12147691253319627
38638,22367,0.12811937226652945
38638,23532,0.07910639077092108
38638,25791,0.09771928243036149
38638,30570,0.006723011909335382
38638,30655,0.057201416061114216
38638,30753,0.019157453297750666
38638,38395,0.07513923126084178
38638,69327,0.17226674509227263
38638,30821,0.050947644961531244
38638,36076,0.12688335872693415
38638,38295,0.1056313086594652
38638,38754,0.06727121310261867
38638,38755,0.048478015783540024
38638,41197,0.12774382370663684
38638,46873,0.1175115207373272
38638,49543,0.15493395493395493
38638,55925,0.1865608165579813
38638,56182,0.1732918794877489
38638,6342,0.16985352478533805
38638,6343,0.17082383124287343
38638,10055,0.16398289425056756
38638,6820,0.01270781578444487
38638,6822,0.08042729760748654
38638,6831,0.06546913467675755
38638,6889,0.1406764441783897
38638,9108,0.11188075405523892
38638,9110,0.08033769063180828
38638,9157,0.1256675279931094
38638,9158,0.07586020048767272
38638,9159,0.06992619926199262
38638,9160,0.07404998606336523
38638,9186,0.13407494145199064
38638,9187,0.1148694472702611
38638,9325,0.11195728291316527
38638,9326,0.05722835234711053
38638,9369,0.1152828739653554
38638,9375,0.07563563197366015
38638,9950,0.1106478779287918
38638,31218,0.13749386553247178
38638,33328,0.06131900703964431
38638,33329,0.07342496079697444
38638,35264,0.1750067439978419
38638,38126,0.18370009074410162
38638,43335,0.0781859410430839
38638,44174,0.1782720612500825
38638,45123,0.1869816836704254
38638,45635,0.0984506418769367
38638,46157,0.10246120920278223
38638,46987,0.16492089864913675
38638,2188,0.1826445107229087
38638,24043,0.04558699125857693
38638,24288,0.1059413646977428
38638,27822,0.14693429512309863
38638,31199,0.09873236921978218
38638,33863,0.0958714803938504
38638,33864,0.10998810939357907
38638,34521,0.10599237963283685
38638,38402,0.15270935960591134
38638,40117,0.04532657657657658
38638,45579,0.14799868225992424
38638,312161,0.10366232153941651
38638,47804,0.1568586387434555
38638,6383,0.128966639544345
38638,6496,0.13177329682184052
38638,6498,0.1483620826080076
38638,6499,0.15131224505502963
38638,6503,0.08662558898151504
38638,6504,0.117046554607058
38638,6505,0.13033916941554596
38638,6518,0.10497667185069985
38638,6525,0.13450292397660818
38638,6549,0.14211150652431792
38638,6649,0.0816708229426434
38638,77182,0.14158935054457442
38638,7939,0.0377251721210978
38638,20977,0.05669102006843614
38638,24212,0.03853401168268325
38638,24213,0.03996990501269632
38638,24214,0.0821954484605087
38638,6651,0.09377793670659754
38638,74008,0.14107413010590014
38638,8889,0.12194929932294127
38638,8895,0.1258289124668435
38638,8915,0.07911849710982659
38638,8916,0.07283517669274346
38638,8917,0.03772175536881419
38638,8919,0.1134527280299875
38638,8921,0.11900592110749729
38638,8922,0.08810375670840787
38638,8923,0.0818582082846617
38638,8925,0.07950960064905796
38638,8926,0.10724587011624857
38638,8927,0.1050785018857995
38638,30165,0.1813969571230982
38638,64417,0.1937358087351409
38638,64482,0.17771042843366855
38638,64718,0.20239314051702073
38638,64869,0.21103102475712943
38638,65089,0.20865920040042546
38638,65212,0.21039385931798163
38638,65346,0.17616808698207465
38638,65648,0.19043131569409205
38638,66437,0.2183406113537118
38638,66673,0.21500537345513165
38638,66904,0.18473718935561909
38638,66952,0.1837189251329214
38638,2187,0.16888502441308273
38638,2313,0.19123505976095617
38638,2314,0.18527367506516074
38638,46580,0.14592666334826612
16304,21593,0.2165528324628365
16304,21989,0.22868318122555412
16304,22367,0.2558506442282409
16304,23532,0.2146167557932264
16304,25791,0.2584493041749503
16304,30570,0.02635431918008785
16304,30655,0.18475658419792498
16304,30753,0.07328385899814471
16304,38395,0.19234819234819234
16304,69327,0.20962583946274385
16304,30821,0.1342443729903537
16304,36076,0.17336504161712246
16304,38295,0.1753934191702432
16304,38754,0.15398683247988296
16304,38755,0.11866452131938858
16304,41197,0.17142148350285288
16304,46873,0.14299563742123123
16304,49543,0.15206963936756085
16304,55925,0.12879708383961117
16304,56182,0.13437594898269056
16304,6342,0.13949090909090908
16304,6343,0.13764838892029396
16304,10055,0.09361497839654345
16304,6820,0.05113636363636364
16304,6822,0.15816326530612246
16304,6831,0.14434060228452752
16304,6889,0.09948506694129763
16304,9108,0.20740948638787537
16304,9110,0.1818791946308725
16304,9157,0.20102432778489115
16304,9158,0.16787838730998017
16304,9159,0.1743889091572419
16304,9160,0.1652014652014652
16304,9186,0.19135234590616376
16304,9187,0.18529557873820168
16304,9325,0.19745222929936307
16304,9326,0.15783227848101267
16304,9369,0.18669365039210725
16304,9375,0.17553006604101495
16304,9950,0.15822784810126583
16304,31218,0.19705500216543959
16304,33328,0.14079288625416822
16304,33329,0.19735391400220506
16304,35264,0.1645634818439351
16304,38126,0.1292713794973784
16304,43335,0.18513513513513513
16304,44174,0.15173252279635258
16304,45123,0.13290703393999015
16304,45635,0.1875
16304,46157,0.22133660331085223
16304,46987,0.17307692307692307
16304,2188,0.1681253529079616
16304,24043,0.13570541994207697
16304,24288,0.16887592788971367
16304,27822,0.19255725190839695
16304,31199,0.21340333539221742
16304,33863,0.16806722689075632
16304,33864,0.16957605985037408
16304,34521,0.1733440170940171
16304,38402,0.22339945897204688
16304,40117,0.12332112332112333
16304,45579,0.18803418803418803
16304,312161,0.18158047646717024
16304,47804,0.12820159735610026
16304,6383,0.16317460317460317
16304,6496,0.16603857237863
16304,6498,0.16994087354567997
16304,6499,0.16028919061893845
16304,6503,0.19083717864205668
16304,6504,0.2063758389261745
16304,6505,0.17543032303701958
16304,6518,0.17474693660095897
16304,6525,0.1782048482201354
16304,6549,0.1673084328070851
16304,6649,0.15203426124197003
16304,77182,0.15489293576145688
16304,7939,0.09698996655518395
16304,20977,0.17554012345679013
16304,24212,0.13136499786050493
16304,24213,0.13420829805249787
16304,24214,0.20598648213710974
16304,6651,0.19714374417882646
16304,74008,0.1668696711327649
16304,8889,0.16438627800912156
16304,8895,0.19362239045652674
16304,8915,0.18887408394403732
16304,8916,0.18242343541944075
16304,8917,0.12505141916906623
16304,8919,0.1915910176779742
16304,8921,0.19605981485877047
16304,8922,0.19583070120025267
16304,8923,0.17679202828672452
16304,8925,0.19270315091210613
16304,8926,0.20579139724486928
16304,8927,0.20399429386590584
16304,30165,0.1634808180724502
16304,64417,0.14769156393521876
16304,64482,0.1591332092528583
16304,64718,0.14317083882301274
16304,64869,0.13422470978441128
16304,65089,0.13498651172442416
16304,65212,0.13814065611571114
16304,65346,0.1723767091719158
16304,65648,0.17604912998976457
16304,66437,0.14398084815321477
16304,66673,0.1472117202268431
16304,66904,0.17198795180722892
16304,66952,0.1731633096652659
16304,2187,0.12267061582130075
16304,2313,0.14683301343570057
16304,2314,0.15474642392717816
16304,46580,0.16910499139414803
21593,21989,0.181360201511335
21593,22367,0.2026473369051371
21593,23532,0.21620278330019882
21593,25791,0.21645949421345906
21593,30570,0.043835616438356165
21593,30655,0.19441141498216408
21593,30753,0.09991876523151909
21593,38395,0.19402253797158256
21593,69327,0.13176833447566827
21593,30821,0.1558038485412787
21593,36076,0.13737836290784203
21593,38295,0.15905743740795286
21593,38754,0.1601479915433404
21593,38755,0.12755417956656348
21593,41197,0.13793103448275862
21593,46873,0.114540059347181
21593,49543,0.10522104420884176
21593,55925,0.08774250440917107
21593,56182,0.0924496644295302
21593,6342,0.09180432020330369
21593,6343,0.09009840098400984
21593,10055,0.059794846134600954
21593,6820,0.07142857142857142
21593,6822,0.1440410418310971
21593,6831,0.1466275659824047
21593,6889,0.0632523528124316
21593,9108,0.17016806722689076
21593,9110,0.16826265389876882
21593,9157,0.15874495184840012
21593,9158,0.15737410071942445
21593,9159,0.1735064935064935
21593,9160,0.18201170835550826
21593,9186,0.14208389715832206
21593,9187,0.14957780458383596
21593,9325,0.15760495526496904
21593,9326,0.17153067301965455
21593,9369,0.14553269880257905
21593,9375,0.1706138231029483
21593,9950,0.12616690240452616
21593,31218,0.13972055888223553
21593,33328,0.15476839237057222
21593,33329,0.18698347107438015
21593,35264,0.10001360729350932
21593,38126,0.0756459285514411
21593,43335,0.16934373565855898
21593,44174,0.0942159383033419
21593,45123,0.08056095813286929
21593,45635,0.16653992395437262
21593,46157,0.19525691699604744
21593,46987,0.11080196399345335
21593,2188,0.1085012880739506
21593,24043,0.1493882807469414
21593,24288,0.1450863213811421
21593,27822,0.13790877796901893
21593,31199,0.1986273718207509
21593,33863,0.1441749231294841
21593,33864,0.13133151349711858
21593,34521,0.1458611481975968
21593,38402,0.16479791395045632
21593,40117,0.14285714285714285
21593,45579,0.13805047006432458
21593,312161,0.1576005961251863
21593,47804,0.09012810851544838
21593,6383,0.11972352505554185
21593,6496,0.12477112215537536
21593,6498,0.11991341991341992
21593,6499,0.10717100078802207
21593,6503,0.17441345728198318
21593,6504,0.16701461377870563
21593,6505,0.12871564778463265
21593,6518,0.15153538050734314
21593,6525,0.13369120654396727
21593,6549,0.11736369608057806
21593,6649,0.14018691588785046
21593,77182,0.11443131804493861
21593,7939,0.11229946524064172
21593,20977,0.16918767507002802
21593,24212,0.16459197786998617
21593,24213,0.1670061099796334
21593,24214,0.17396798652064027
21593,6651,0.1772357723577236
21593,74008,0.11313444401394808
21593,8889,0.1196717574652382
21593,8895,0.14861938278289116
21593,8915,0.1689068100358423
21593,8916,0.16809373591707977
21593,8917,0.15484710474951205
21593,8919,0.1469248291571754
21593,8921,0.1470753655793026
21593,8922,0.17700957934194086
21593,8923,0.16573154941735002
21593,8925,0.16895787139689578
21593,8926,0.17094618360886388
21593,8927,0.1651179413867048
21593,30165,0.09984377219145008
21593,64417,0.0908626198083067
21593,64482,0.09885285370344143
21593,64718,0.0870615296147211
21593,64869,0.07982693347755543
21593,65089,0.08091421143847487
21593,65212,0.08410907896177856
21593,65346,0.11164805865689052
21593,65648,0.11053621825023519
21593,66437,0.0873472322070453
21593,66673,0.09020682780961874
21593,66904,0.10908795317834498
21593,66952,0.1065281438982788
21593,2187,0.0810415836322572
21593,2313,0.09573838413731874
21593,2314,0.09857834713326043
21593,46580,0.1278043861860348
21989,22367,0.2632062471290767
21989,23532,0.22255105060668837
21989,25791,0.24333241682705525
21989,30570,0.023533671252715424
21989,30655,0.1631496062992126
21989,30753,0.11078610603290677
21989,38395,0.1824964131994261
21989,69327,0.2408682634730539
21989,30821,0.12179689971527997
21989,36076,0.18591490253615595
21989,38295,0.18373346398824106
21989,38754,0.13887257780387552
21989,38755,0.10289490245437383
21989,41197,0.1857173960374483
21989,46873,0.1479215024266723
21989,49543,0.1657503234152652
21989,55925,0.15233384069000508
21989,56182,0.15373785724341826
21989,6342,0.16150922909880563
21989,6343,0.15721445528884198
21989,10055,0.11635122556624262
21989,6820,0.04212389380530973
21989,6822,0.17392418032786885
21989,6831,0.15208690680388792
21989,6889,0.11863408890197233
21989,9108,0.21254523522316043
21989,9110,0.17260425296879314
21989,9157,0.2201938246562993
21989,9158,0.1765681127383255
21989,9159,0.16518912529550828
21989,9160,0.15498373262348417
21989,9186,0.21281840591618734
21989,9187,0.19270833333333334
21989,9325,0.2004756242568371
21989,9326,0.1409375
21989,9369,0.19880451627186185
21989,9375,0.17280776920879748
21989,9950,0.15683071268123341
21989,31218,0.2232439835648601
21989,33328,0.13862275449101796
21989,33329,0.1872391174716756
21989,35264,0.18976857490864799
21989,38126,0.15463917525773196
21989,43335,0.17915853998328224
21989,44174,0.19179523141654978
21989,45123,0.16771608471665714
21989,45635,0.20977596741344195
21989,46157,0.2219050090838308
21989,46987,0.2068670750819205
21989,2188,0.19699388135142326
21989,24043,0.1314416177429876
21989,24288,0.20379924953095685
21989,27822,0.2156555090655509
21989,31199,0.22318611987381703
21989,33863,0.19124260355029585
21989,33864,0.2025766326077299
21989,34521,0.20541813898704359
21989,38402,0.2491876523151909
21989,40117,0.12061756191701511
21989,45579,0.20962463907603465
21989,312161,0.16996336996336997
21989,47804,0.16333985649054142
21989,6383,0.20030876109610188
21989,6496,0.19727891156462585
21989,6498,0.19979006298110566
21989,6499,0.18822189686025703
21989,6503,0.18271066266703026
21989,6504,0.20353559483994266
21989,6505,0.19936974789915968
21989,6518,0.19450907398790135
21989,6525,0.20216110019646366
21989,6549,0.20336879432624114
21989,6649,0.16683991683991684
21989,77182,0.1915244909190974
21989,7939,0.0926892950391645
21989,20977,0.15004574565416284
21989,24212,0.11191812479366127
21989,24213,0.11464133639043564
21989,24214,0.18814775445123572
21989,6651,0.19832548403976977
21989,74008,0.19376606683804629
21989,8889,0.17912048623525206
21989,8895,0.2076202118989405
21989,8915,0.18525676421866372
21989,8916,0.17022441160372195
21989,8917,0.1090092978518756
21989,8919,0.2005044136191677
21989,8921,0.20363408521303258
21989,8922,0.19946808510638298
21989,8923,0.18225936910218388
21989,8925,0.18453523443926514
21989,8926,0.20678863745787193
21989,8927,0.21206177984800195
21989,30165,0.1941735275490817
21989,64417,0.18369237896687515
21989,64482,0.18989415322580644
21989,64718,0.16839785961598994
21989,64869,0.16506890353505094
21989,65089,0.16793510915281393
21989,65212,0.17094621916700364
21989,65346,0.20094868477792152
21989,65648,0.20145265177470192
21989,66437,0.1757185007103049
21989,66673,0.1769881556683587
21989,66904,0.1975221737294101
21989,66952,0.20098039215686275
21989,2187,0.1600519725962674
21989,2313,0.17413770830642036
21989,2314,0.1767247198595923
21989,46580,0.18834426862215362
22367,23532,0.22018615474112857
22367,25791,0.25850713501646544
22367,30570,0.02481389578163772
22367,30655,0.1758998435054773
22367,30753,0.06269270298047276
22367,38395,0.19298745724059294
22367,69327,0.28231501381639545
22367,30821,0.11660995978966904
22367,36076,0.1913387466166979
22367,38295,0.18892666342884895
22367,38754,0.14025448235974552
22367,38755,0.09916846319679705
22367,41197,0.1905790838375108
22367,46873,0.14571190674437967
22367,49543,0.1704216285806244
22367,55925,0.1578081498354847
22367,56182,0.158995228739826
22367,6342,0.16293498786080388
22367,6343,0.1592339979013641
22367,10055,0.11905867781390309
22367,6820,0.039751123401313516
22367,6822,0.1582751744765703
22367,6831,0.13753820505696027
22367,6889,0.12040656763096169
22367,9108,0.2133492252681764
22367,9110,0.17310832879695154
22367,9157,0.2203163288037425
22367,9158,0.1646456480732956
22367,9159,0.1570892289922033
22367,9160,0.15310865775711796
22367,9186,0.21128475745889994
22367,9187,0.20294244915620943
22367,9325,0.2050919377652051
22367,9326,0.14202274823240085
22367,9369,0.19602706832569308
22367,9375,0.16806722689075632
22367,9950,0.1555062525211779
22367,31218,0.22759961127308065
22367,33328,0.13668430335097
22367,33329,0.19456746383229997
22367,35264,0.2109865747013179
22367,38126,0.17814052519517387
22367,43335,0.18054410552349548
22367,44174,0.20604137282557594
22367,45123,0.18787410697045762
22367,45635,0.20189668080858497
22367,46157,0.24044710163763972
22367,46987,0.22947277441659464
22367,2188,0.2237375101269241
22367,24043,0.11874604179860672
22367,24288,0.1854470802919708
22367,27822,0.23347940403155126
22367,31199,0.22838541666666667
22367,33863,0.18894331700489853
22367,33864,0.19242490204614715
22367,34521,0.19213069489185458
22367,38402,0.2644964394710071
22367,40117,0.11467169337103361
22367,45579,0.2200653469152412
22367,312161,0.17270531400966183
22367,47804,0.15734536082474226
22367,6383,0.1865558912386707
22367,6496,0.18356164383561643
22367,6498,0.19902996708816906
22367,6499,0.1805800352507611
22367,6503,0.18084250067078078
22367,6504,0.2061465721040189
22367,6505,0.19227591904171829
22367,6518,0.17283393501805056
22367,6525,0.1987204342768515
22367,6549,0.19772727272727272
22367,6649,0.1549581536900837
22367,77182,0.17861635220125785
22367,7939,0.08248730964467005
22367,20977,0.15826034430685593
22367,24212,0.11284046692607004
22367,24213,0.11586739620212423
22367,24214,0.200688377018798
22367,6651,0.2204993429697766
22367,74008,0.2055984555984556
22367,8889,0.1856863094178387
22367,8895,0.22942745741842807
22367,8915,0.185578231292517
22367,8916,0.18159542608222162
22367,8917,0.10716530483972345
22367,8919,0.21191775073436844
22367,8921,0.22056975282781735
22367,8922,0.2094130089899524
22367,8923,0.1892542101042502
22367,8925,0.186468200270636
22367,8926,0.22013938956981494
22367,8927,0.21406060606060606
22367,30165,0.21025117939563942
22367,64417,0.2015422362425517
22367,64482,0.20433240435774006
22367,64718,0.1902231668437832
22367,64869,0.17816611429145324
22367,65089,0.18203810099788328
22367,65212,0.1846013018714402
22367,65346,0.21189002447099467
22367,65648,0.21874137455147669
22367,66437,0.18478379857690203
22367,66673,0.18541102077687444
22367,66904,0.22166785459729152
22367,66952,0.2211683848797251
22367,2187,0.15939479239971852
22367,2313,0.1860826746144875
22367,2314,0.18905742145178764
22367,46580,0.20394736842105263
23532,25791,0.21304675716440422
23532,30570,0.03890784982935153
23532,30655,0.1892430278884462
23532,30753,0.101716465352829
23532,38395,0.21066208082545143
23532,69327,0.1585932315859323
23532,30821,0.13296258847320525
23532,36076,0.14281963770018377
23532,38295,0.15829228243021345
23532,38754,0.1460373998219056
23532,38755,0.11845449923741738
23532,41197,0.150917176209005
23532,46873,0.12333604998641673
23532,49543,0.11186440677966102
23532,55925,0.10323312535450936
23532,56182,0.10328262610088071
23532,6342,0.10564024390243902
23532,6343,0.10259816947150871
23532,10055,0.07042368722394896
23532,6820,0.06221646143875567
23532,6822,0.17238912732474965
23532,6831,0.16254266211604096
23532,6889,0.07725963077579767
23532,9108,0.19033909149072298
23532,9110,0.17781337605126152
23532,9157,0.17265981735159816
23532,9158,0.17368839427662958
23532,9159,0.17348754448398576
23532,9160,0.15967885816235505
23532,9186,0.16725888324873098
23532,9187,0.16546162402669634
23532,9325,0.1766740018861993
23532,9326,0.16311353495290035
23532,9369,0.16068907088393108
23532,9375,0.17788057190916737
23532,9950,0.1274890095681407
23532,31218,0.17701641684511063
23532,33328,0.15808993973110802
23532,33329,0.20152603231597846
23532,35264,0.12554861018752494
23532,38126,0.09718128224023581
23532,43335,0.17834138486312398
23532,44174,0.12329459322890349
23532,45123,0.1052152819890843
23532,45635,0.2031413612565445
23532,46157,0.21492324169939309
23532,46987,0.1449113276881291
23532,2188,0.1390081421169504
23532,24043,0.1722643553629469
23532,24288,0.18330757341576506
23532,27822,0.16457776864598314
23532,31199,0.21922796795338675
23532,33863,0.18349206349206348
23532,33864,0.17668957617411227
23532,34521,0.18569206842923794
23532,38402,0.19506781750924784
23532,40117,0.15781083953241232
23532,45579,0.16740914419695194
23532,312161,0.15660252156602522
23532,47804,0.1138425519461516
23532,6383,0.15565483188337645
23532,6496,0.1593161546085233
23532,6498,0.15088082901554403
23532,6499,0.1409281095473564
23532,6503,0.18762240501370936
23532,6504,0.18020866266202973
23532,6505,0.16724092234296317
23532,6518,0.1770673224715647
23532,6525,0.16224046354418156
23532,6549,0.1570282819755171
23532,6649,0.16666666666666666
23532,77182,0.15384615384615385
23532,7939,0.11945205479452055
23532,20977,0.1799043062200957
23532,24212,0.14930362116991644
23532,24213,0.14207947740881874
23532,24214,0.1911211437170805
23532,6651,0.20937961595273263
23532,74008,0.14571642349420127
23532,8889,0.1482204861111111
23532,8895,0.17369222955815133
23532,8915,0.20386784850926673
23532,8916,0.18272292993630573
23532,8917,0.13727560718057022
23532,8919,0.17457356076759062
23532,8921,0.17656373713380838
23532,8922,0.19723571161748227
23532,8923,0.1989100817438692
23532,8925,0.191699604743083
23532,8926,0.19651500484027107
23532,8927,0.2037710883228581
23532,30165,0.12866472141169932
23532,64417,0.11814875203812869
23532,64482,0.12824067655621793
23532,64718,0.10634706279540851
23532,64869,0.1046908315565032
23532,65089,0.10449989336745574
23532,65212,0.10694668820678514
23532,65346,0.13764724866871067
23532,65648,0.13507757833891085
23532,66437,0.10988494951866636
23532,66673,0.11465201465201465
23532,66904,0.13508827238335436
23532,66952,0.1290564903846154
23532,2187,0.10626136658872434
23532,2313,0.11598566308243728
23532,2314,0.11847268336854815
23532,46580,0.14972755271262733
25791,30570,0.029047875201721356
25791,30655,0.19372852233676977
25791,30753,0.0814663951120163
25791,38395,0.19574944071588368
25791,69327,0.2088182265202426
25791,30821,0.15034965034965034
25791,36076,0.17629556161666254
25791,38295,0.18655360387643852
25791,38754,0.1627450980392157
25791,38755,0.12407809110629067
25791,41197,0.17470191809227578
25791,46873,0.15019059720457434
25791,49543,0.153987167736022
25791,55925,0.13187422080620584
25791,56182,0.13605866749882978
25791,6342,0.1391952309985097
25791,6343,0.13518197573656845
25791,10055,0.09027665426306423
25791,6820,0.048012390294269486
25791,6822,0.1610759493670886
25791,6831,0.14306676449009537
25791,6889,0.1001993494911342
25791,9108,0.205158264947245
25791,9110,0.18114143920595532
25791,9157,0.20708154506437768
25791,9158,0.1704585229261463
25791,9159,0.17494181536074477
25791,9160,0.17895151754040206
25791,9186,0.18894448415534906
25791,9187,0.1775893086610126
25791,9325,0.18964028776978417
25791,9326,0.16319592010199746
25791,9369,0.1850974196945761
25791,9375,0.17482517482517482
25791,9950,0.15821550463188688
25791,31218,0.19072049966540264
25791,33328,0.14916467780429593
25791,33329,0.2026656213249706
25791,35264,0.1560255908081995
25791,38126,0.12408625730994152
25791,43335,0.18457693680828274
25791,44174,0.14959752321981423
25791,45123,0.12831241283124128
25791,45635,0.19229574401988195
25791,46157,0.22268772155978087
25791,46987,0.17563783447417547
25791,2188,0.16397926864382378
25791,24043,0.14164432529043788
25791,24288,0.17651979921918573
25791,27822,0.19037328094302555
25791,31199,0.22509829619921362
25791,33863,0.17317003702648817
25791,33864,0.17004680187207488
25791,34521,0.17797085201793722
25791,38402,0.2162099396191361
25791,40117,0.12818261633011413
25791,45579,0.19359857746165815
25791,312161,0.1881703953417101
25791,47804,0.1295695130557516
25791,6383,0.17104391966453322
25791,6496,0.1725254394079556
25791,6498,0.16755057945393834
25791,6499,0.1563517915309446
25791,6503,0.19060869565217392
25791,6504,0.1995346131471786
25791,6505,0.1795817958179582
25791,6518,0.17417918753478018
25791,6525,0.18027210884353742
25791,6549,0.1701534170153417
25791,6649,0.15392061955469508
25791,77182,0.16343548050865125
25791,7939,0.09788001804239964
25791,20977,0.16898527004909983
25791,24212,0.13506012950971322
25791,24213,0.13342440801457195
25791,24214,0.19242373449547434
25791,6651,0.19960732984293195
25791,74008,0.1646112600536193
25791,8889,0.16053921568627452
25791,8895,0.18960607498813478
25791,8915,0.18023052741879148
25791,8916,0.17511359664452988
25791,8917,0.12960497114957834
25791,8919,0.1861557478368356
25791,8921,0.19052295605205008
25791,8922,0.20147009689274975
25791,8923,0.18061224489795918
25791,8925,0.18552036199095023
25791,8926,0.20381791483113068
25791,8927,0.1947820930922028
25791,30165,0.15569431247454865
25791,64417,0.1491726352185725
25791,64482,0.15381493506493507
25791,64718,0.13995762239321957
25791,64869,0.13106132323551067
25791,65089,0.13278533038254822
25791,65212,0.1356040447046301
25791,65346,0.1652051362355152
25791,65648,0.17121551081282624
25791,66437,0.14197888876000464
25791,66673,0.14464350126247444
25791,66904,0.16656422864167178
25791,66952,0.1710857650718412
25791,2187,0.126185358452396
25791,2313,0.1439966414777498
25791,2314,0.1509072134533117
25791,46580,0.1771043771043771
30570,30655,0.04532304725168756
30570,30753,0.08060453400503778
30570,38395,0.04419889502762431
30570,69327,0.013561741613133477
30570,30821,0.04575892857142857
30570,36076,0.016672224074691565
30570,38295,0.02678983833718245
30570,38754,0.036734693877551024
30570,38755,0.04428904428904429
30570,41197,0.01867145421903052
30570,46873,0.015787585217079295
30570,49543,0.01076686442540101
30570,55925,0.009037083203490184
30570,56182,0.010126582278481013
30570,6342,0.010188487009679063
30570,6343,0.009828009828009828
30570,10055,0.00623398804440649
30570,6820,0.046875
30570,6822,0.024922118380062305
30570,6831,0.029710144927536233
30570,6889,0.006756756756756757
30570,9108,0.022852306390181973
30570,9110,0.026332288401253918
30570,9157,0.018518518518518517
30570,9158,0.031269543464665414
30570,9159,0.030115830115830116
30570,9160,0.02531645569620253
30570,9186,0.016975308641975308
30570,9187,0.020501944149876283
30570,9325,0.020075282308657464
30570,9326,0.031683168316831684
30570,9369,0.01703515766582095
30570,9375,0.027453671928620454
30570,9950,0.015282392026578074
30570,31218,0.015895147796988286
30570,33328,0.0328719723183391
30570,33329,0.036226415094339624
30570,35264,0.010302003951453571
30570,38126,0.007503799392097265
30570,43335,0.02786573780873971
30570,44174,0.009848283204684588
30570,45123,0.007848472164085392
30570,45635,0.023400191021967526
30570,46157,0.026405867970660146
30570,46987,0.012260404075289243
30570,2188,0.011716276124129196
30570,24043,0.03990326481257558
30570,24288,0.024350649350649352
30570,27822,0.016775396085740912
30570,31199,0.03546099290780142
30570,33863,0.02364864864864865
30570,33864,0.02037104401600582
30570,34521,0.021588594704684317
30570,38402,0.022222222222222223
30570,40117,0.03305785123966942
30570,45579,0.016878804648588822
30570,312161,0.02345215759849906
30570,47804,0.010735459061047909
30570,6383,0.01546681664791901
30570,6496,0.016566265060240965
30570,6498,0.015292712066905615
30570,6499,0.014038876889848811
30570,6503,0.026128266033254157
30570,6504,0.02015959680806384
30570,6505,0.018396846254927726
30570,6518,0.024756493506493508
30570,6525,0.017096493769921763
30570,6549,0.015803549720398737
30570,6649,0.025627044711014176
30570,77182,0.016213389121338913
30570,7939,0.04231311706629055
30570,20977,0.04028648164726947
30570,24212,0.04834254143646409
30570,24213,0.05585106382978723
30570,24214,0.029297954671088998
30570,6651,0.029242819843342035
30570,74008,0.01217719924417384
30570,8889,0.014762025960804276
30570,8895,0.018728891618053422
30570,8915,0.027455765710799267
30570,8916,0.03155940594059406
30570,8917,0.04294478527607362
30570,8919,0.018378733180177225
30570,8921,0.017747660535656663
30570,8922,0.028123309897241752
30570,8923,0.027777777777777776
30570,8925,0.02762762762762763
30570,8926,0.02515991471215352
30570,8927,0.02592267135325132
30570,30165,0.010222222222222223
30570,64417,0.009282588516111922
30570,64482,0.01034890597279716
30570,64718,0.00947081804190837
30570,64869,0.008798307161153804
30570,65089,0.008689839572192513
30570,65212,0.008427913248679628
30570,65346,0.011976047904191617
30570,65648,0.011664202398554296
30570,66437,0.009162951956414067
30570,66673,0.0095471552057799
30570,66904,0.011492281303602058
30570,66952,0.012552983371372678
30570,2187,0.00909472505946551
30570,2313,0.00950303785636392
30570,2314,0.009421487603305785
30570,46580,0.014289797084881395
30655,30753,0.09467455621301775
30655,38395,0.17374136229022705
30655,69327,0.11859193438140807
30655,30821,0.14476190476190476
30655,36076,0.1282420749279539
30655,38295,0.15046554934823092
30655,38754,0.1564699512723335
30655,38755,0.13093709884467267
30655,41197,0.12896341463414634
30655,46873,0.10788133053640996
30655,49543,0.09869346733668341
30655,55925,0.08177397966701046
30655,56182,0.0845520255505127
30655,6342,0.08277724817286304
30655,6343,0.07936751611912803
30655,10055,0.05320566194837635
30655,6820,0.06283185840707965
30655,6822,0.13554578168732506
30655,6831,0.12938271604938273
30655,6889,0.05864941898706424
30655,9108,0.1511220196353436
30655,9110,0.16094619666048238
30655,9157,0.14325755216443475
30655,9158,0.1431818181818182
30655,9159,0.1652542372881356
30655,9160,0.1617409994626545
30655,9186,0.13039934800325997
30655,9187,0.12940114354498947
30655,9325,0.1439944617514711
30655,9326,0.16199756394640683
30655,9369,0.1336832355665329
30655,9375,0.16003927344133528
30655,9950,0.11293984108967083
30655,31218,0.13035848583604914
30655,33328,0.1527700055959709
30655,33329,0.17163788592360021
30655,35264,0.09421870739023726
30655,38126,0.06924510717614166
30655,43335,0.1565985130111524
30655,44174,0.08537681345487226
30655,45123,0.07408165353525017
30655,45635,0.14978983568972107
30655,46157,0.1705487564153178
30655,46987,0.10258931497869551
30655,2188,0.09872804360993337
30655,24043,0.13777191825972313
30655,24288,0.1258718033875789
30655,27822,0.12594187298170076
30655,31199,0.17575757575757575
30655,33863,0.12980769230769232
30655,33864,0.12057387057387058
30655,34521,0.13221476510067115
30655,38402,0.14791666666666667
30655,40117,0.1393979057591623
30655,45579,0.12904027846842367
30655,312161,0.1394392523364486
30655,47804,0.08172496984318456
30655,6383,0.10625154435384235
30655,6496,0.11370798319327731
30655,6498,0.11099044309296265
30655,6499,0.09749358594829288
30655,6503,0.15442812639074321
30655,6504,0.15008726003490402
30655,6505,0.1254256526674234
30655,6518,0.13449314151890265
30655,6525,0.12032770097286226
30655,6549,0.10832784003515711
30655,6649,0.128594905505341
30655,77182,0.10511627906976745
30655,7939,0.10766045548654245
30655,20977,0.15885714285714286
30655,24212,0.13319386331938632
30655,24213,0.15038115038115038
30655,24214,0.15251373046049851
30655,6651,0.1509127789046653
30655,74008,0.10513019821220365
30655,8889,0.10395814376706096
30655,8895,0.1271551724137931
30655,8915,0.15020297699594046
30655,8916,0.15293582157487484
30655,8917,0.14247669773635152
30655,8919,0.1294820717131474
30655,8921,0.12857944974733296
30655,8922,0.1548414023372287
30655,8923,0.1476976542137272
30655,8925,0.15250447227191413
30655,8926,0.14777114777114778
30655,8927,0.15019762845849802
30655,30165,0.09379447765442642
30655,64417,0.08832969572474002
30655,64482,0.08557732976173692
30655,64718,0.07977928497528451
30655,64869,0.07670608657914722
30655,65089,0.07720708003040504
30655,65212,0.07705779334500876
30655,65346,0.10291909924937448
30655,65648,0.10214969402165386
30655,66437,0.08092554849538425
30655,66673,0.083530731828949
30655,66904,0.1021838331160365
30655,66952,0.09976689976689977
30655,2187,0.0740593006249169
30655,2313,0.08991097922848665
30655,2314,0.09414718343009572
30655,46580,0.12112747587607922
30753,38395,0.08501259445843828
30753,69327,0.03879386351613472
30753,30821,0.07793427230046948
30753,36076,0.04654895666131621
30753,38295,0.06102877070619006
30753,38754,0.07086044830079537
30753,38755,0.07894736842105263
30753,41197,0.047782743210725336
30753,46873,0.03716331401295602
30753,49543,0.032846715328467155
30753,55925,0.026085622218812336
30753,56182,0.027836879432624112
30753,6342,0.026837806301050177
30753,6343,0.02541009971051785
30753,10055,0.016957775139901644
30753,6820,0.0622568093385214
30753,6822,0.06637384089799903
30753,6831,0.07580751483190508
30753,6889,0.019363605480693012
30753,9108,0.05499799277398635
30753,9110,0.06451612903225806
30753,9157,0.052337752965806
30753,9158,0.07142857142857142
30753,9159,0.07590529247910864
30753,9160,0.06728045325779036
30753,9186,0.050959232613908875
30753,9187,0.048392554991539764
30753,9325,0.052840683353198255
30753,9326,0.08297320656871218
30753,9369,0.049026425591098745
30753,9375,0.06950532247964934
30753,9950,0.04277050750079796
30753,31218,0.05013623978201635
30753,33328,0.08076923076923077
30753,33329,0.08270676691729323
30753,35264,0.031779364412711744
30753,38126,0.022398639070031187
30753,43335,0.07565982404692081
30753,44174,0.0294350580781415
30753,45123,0.02382190783314262
30753,45635,0.06902815622161672
30753,46157,0.07192575406032482
30753,46987,0.037233134073441504
30753,2188,0.03382928739232576
30753,24043,0.10526315789473684
30753,24288,0.0613116026387272
30753,27822,0.04619254516350332
30753,31199,0.07637231503579953
30753,33863,0.06121627064035441
30753,33864,0.055652782639131954
30753,34521,0.060452418096723866
30753,38402,0.05867418899858956
30753,40117,0.09365558912386707
30753,45579,0.045466774280333605
30753,312161,0.05186813186813187
30753,47804,0.03181386514719848
30753,6383,0.04569083447332421
30753,6496,0.048538011695906436
30753,6498,0.042299602710913764
30753,6499,0.03984739296311997
30753,6503,0.06773127753303965
30753,6504,0.05263157894736842
30753,6505,0.05044416243654822
30753,6518,0.06417736289381563
30753,6525,0.04493119910137602
30753,6549,0.04450261780104712
30753,6649,0.06625891946992865
30753,77182,0.04462009178990311
30753,7939,0.08200455580865604
30753,20977,0.09228321400159109
30753,24212,0.09480812641083522
30753,24213,0.08648648648648649
30753,24214,0.07744282744282745
30753,6651,0.07540660423854115
30753,74008,0.038810900082576386
30753,8889,0.042463372237397566
30753,8895,0.051236222817992255
30753,8915,0.08285714285714285
30753,8916,0.07498568975386377
30753,8917,0.08709016393442623
30753,8919,0.05440661788100541
30753,8921,0.05254926493587739
30753,8922,0.07099391480730223
30753,8923,0.07754880694143167
30753,8925,0.07374301675977654
30753,8926,0.06430606430606431
30753,8927,0.0661641541038526
30753,30165,0.031396713615023476
30753,64417,0.028128286014721345
30753,64482,0.03223443223443224
30753,64718,0.025225859439164614
30753,64869,0.02442528735632184
30753,65089,0.02398320070733864
30753,65212,0.025340477785219914
30753,65346,0.035639777468706536
30753,65648,0.033760753124492775
30753,66437,0.02614138438880707
30753,66673,0.026046986721144024
30753,66904,0.033852403520649964
30753,66952,0.0333065164923572
30753,2187,0.028401219174286507
30753,2313,0.027961284375480105
30753,2314,0.027985681744223886
30753,46580,0.04502501389660923
38395,69327,0.14290396591281548
38395,30821,0.14645426515930113
38395,36076,0.1529068224050969
38395,38295,0.16766268260292164
38395,38754,0.16281179138321997
38395,38755,0.12596401028277635
38395,41197,0.15262276785714285
38395,46873,0.12674132750614586
38395,49543,0.11649933699564312
38395,55925,0.10275333522565995
38395,56182,0.10539845758354756
38395,6342,0.10546398046398046
38395,6343,0.10291290847257134
38395,10055,0.06690054662641756
38395,6820,0.05505181347150259
38395,6822,0.14106145251396648
38395,6831,0.1355081555834379
38395,6889,0.07390054307315515
38395,9108,0.17288242730720607
38395,9110,0.16217287866772404
38395,9157,0.157909604519774
38395,9158,0.15231010180109633
38395,9159,0.15821947994711327
38395,9160,0.1572832886505809
38395,9186,0.1527254458678724
38395,9187,0.15465341066003865
38395,9325,0.16184251478369124
38395,9326,0.1541501976284585
38395,9369,0.1578650098842135
38395,9375,0.14950576606260296
38395,9950,0.12811203319502074
38395,31218,0.14813953488372092
38395,33328,0.14972273567467653
38395,33329,0.17333919929608446
38395,35264,0.118713605082054
38395,38126,0.08794222506627662
38395,43335,0.16168857029072084
38395,44174,0.10651551015323284
38395,45123,0.09699769053117784
38395,45635,0.16825288919102652
38395,46157,0.17771607080874696
38395,46987,0.12533417203962888
38395,2188,0.12553097993262047
38395,24043,0.1427055702917772
38395,24288,0.14379868184541642
38395,27822,0.15234215885947047
38395,31199,0.1985637342908438
38395,33863,0.14470443349753695
38395,33864,0.14210086375034828
38395,34521,0.1444912703190849
38395,38402,0.18442321822189567
38395,40117,0.12209001551991723
38395,45579,0.150764242704956
38395,312161,0.1625418060200669
38395,47804,0.0998263888888889
38395,6383,0.12706801470588236
38395,6496,0.12832286128564524
38395,6498,0.1330744071954211
38395,6499,0.12048643592142189
38395,6503,0.17313664596273293
38395,6504,0.16635338345864661
38395,6505,0.14218871848193398
38395,6518,0.15762352227947862
38395,6525,0.14109263657957244
38395,6549,0.1315136476426799
38395,6649,0.1375850949480473
38395,77182,0.12535303063219638
38395,7939,0.09418729817007535
38395,20977,0.15958451369216242
38395,24212,0.13802660753880266
38395,24213,0.1403604587657018
38395,24214,0.17498138495904692
38395,6651,0.16815742397137745
38395,74008,0.12098991750687443
38395,8889,0.12290027641930683
38395,8895,0.1550212872526922
38395,8915,0.16282702069504099
38395,8916,0.14501160092807425
38395,8917,0.12782745923198316
38395,8919,0.14954248366013073
38395,8921,0.156526261050442
38395,8922,0.16266375545851527
38395,8923,0.15630885122410546
38395,8925,0.15576923076923077
38395,8926,0.17173637515842838
38395,8927,0.17177914110429449
38395,30165,0.11672401927047488
38395,64417,0.10579908108779337
38395,64482,0.11617687448503158
38395,64718,0.10113241394775199
38395,64869,0.09672634813009853
38395,65089,0.09979806568179403
38395,65212,0.1011260053619303
38395,65346,0.13092369477911647
38395,65648,0.1278946571817769
38395,66437,0.10327102803738318
38395,66673,0.1066747572815534
38395,66904,0.12994971715901948
38395,66952,0.12232690294601466
38395,2187,0.09373794522309374
38395,2313,0.1080387685290764
38395,2314,0.11142814236371827
38395,46580,0.14329556185080264
69327,30821,0.08623323714140214
69327,36076,0.18570632488158262
69327,38295,0.16793313069908813
69327,38754,0.11199207135777998
69327,38755,0.07145264577013818
69327,41197,0.18607974846362726
69327,46873,0.14797895902547065
69327,49543,0.20402058154840252
69327,55925,0.20294236195082627
69327,56182,0.1989148128052089
69327,6342,0.21509956341177724
69327,6343,0.21165068778657775
69327,10055,0.17456749761612858
69327,6820,0.023120367102012002
69327,6822,0.1331911002743066
69327,6831,0.10233824471492634
69327,6889,0.15549250101337658
69327,9108,0.1932454944722096
69327,9110,0.143708715965845
69327,9157,0.21878224974200206
69327,9158,0.12783505154639174
69327,9159,0.1197890921074312
69327,9160,0.11316092900675342
69327,9186,0.20603222696598264
69327,9187,0.1886389521640091
69327,9325,0.1904474913364472
69327,9326,0.10032143461343258
69327,9369,0.18981148366671463
69327,9375,0.12678108808290156
69327,9950,0.15749422475879876
69327,31218,0.2246133154001345
69327,33328,0.10143968227701473
69327,33329,0.1393565594265711
69327,35264,0.27755845733373824
69327,38126,0.261798193953671
69327,43335,0.14403358630712093
69327,44174,0.2660069848661234
69327,45123,0.25974459560971536
69327,45635,0.16498161764705882
69327,46157,0.19409349336702464
69327,46987,0.27379077615298086
69327,2188,0.27427158370067733
69327,24043,0.07902372418501451
69327,24288,0.16278392545136866
69327,27822,0.2494913530010173
69327,31199,0.18671936758893282
69327,33863,0.16021774312196557
69327,33864,0.17395626242544732
69327,34521,0.1684503738454772
69327,38402,0.2594768499090782
69327,40117,0.07863829787234043
69327,45579,0.2312356825225711
69327,312161,0.15224600542659028
69327,47804,0.18101545253863136
69327,6383,0.1917772231708919
69327,6496,0.18442568020372604
69327,6498,0.2088883356155857
69327,6499,0.2013010053222945
69327,6503,0.14618205005579468
69327,6504,0.18894078649992466
69327,6505,0.19281136806910001
69327,6518,0.16106992295391773
69327,6525,0.20235861699276333
69327,6549,0.21303636592424816
69327,6649,0.12329814899801132
69327,77182,0.18479087452471482
69327,7939,0.05441251487842204
69327,20977,0.10658202472435684
69327,24212,0.07000343997248022
69327,24213,0.07454482995534181
69327,24214,0.15684725951666403
69327,6651,0.16413469068128425
69327,74008,0.2139062684452839
69327,8889,0.18467903711133402
69327,8895,0.2142165675563546
69327,8915,0.14226342710997442
69327,8916,0.13573363071530986
69327,8917,0.07073791348600508
69327,8919,0.19289693593314763
69327,8921,0.20503496503496504
69327,8922,0.1591624685138539
69327,8923,0.1409205548549811
69327,8925,0.1407442748091603
69327,8926,0.18803806071590395
69327,8927,0.1887482847995121
69327,30165,0.2658214801071944
69327,64417,0.26138556541875724
69327,64482,0.24352750809061488
69327,64718,0.2586827424869534
69327,64869,0.24049551473729175
69327,65089,0.2480440202906027
69327,65212,0.2555226995999304
69327,65346,0.2493590458142905
69327,65648,0.27398311588641594
69327,66437,0.24299150762487445
69327,66673,0.24538382228887431
69327,66904,0.2533377468829306
69327,66952,0.27073807968647945
69327,2187,0.1911654135338346
69327,2313,0.23892519970951343
69327,2314,0.23494876174210078
69327,46580,0.1944591728525981
30821,36076,0.15867158671586715
30821,38295,0.18200080353555645
30821,38754,0.27011494252873564
30821,38755,0.1918819188191882
30821,41197,0.1500646830530401
30821,46873,0.14998380304502754
30821,49543,0.11814168593651461
30821,55925,0.09313278638711638
30821,56182,0.1112090236164963
30821,6342,0.10051163558342961
30821,6343,0.09897828863346105
30821,10055,0.05235690235690236
30821,6820,0.0700507614213198
30821,6822,0.1155758077879039
30821,6831,0.11632759520083463
30821,6889,0.057371581054036024
30821,9108,0.1358203549438609
30821,9110,0.14535731648031114
30821,9157,0.13093709884467267
30821,9158,0.12547528517110265
30821,9159,0.14885282596530497
30821,9160,0.1797423887587822
30821,9186,0.11160343395181391
30821,9187,0.11606313834726091
30821,9325,0.1479462013813159
30821,9326,0.19877467665078286
30821,9369,0.1327120822622108
30821,9375,0.13641025641025642
30821,9950,0.12552176505664878
30821,31218,0.09680663816947448
30821,33328,0.13801308744794766
30821,33329,0.13510580575149214
30821,35264,0.07169092640457081
30821,38126,0.055348490495713755
30821,43335,0.11843361986628462
30821,44174,0.06595662774284615
30821,45123,0.05601469237832874
30821,45635,0.11361867704280156
30821,46157,0.1249500998003992
30821,46987,0.07726305450973973
30821,2188,0.07208565827175388
30821,24043,0.1119718309859155
30821,24288,0.10006784260515604
30821,27822,0.09712928987696956
30821,31199,0.1407927332782824
30821,33863,0.097799511002445
30821,33864,0.09135955404149891
30821,34521,0.0927869962749746
30821,38402,0.11984231274638633
30821,40117,0.10311418685121107
30821,45579,0.0985
30821,312161,0.15715995213402473
30821,47804,0.069884287454324
30821,6383,0.09537060460409816
30821,6496,0.09876543209876543
30821,6498,0.0901909150757077
30821,6499,0.08128619932095067
30821,6503,0.1402609506057782
30821,6504,0.13359740727403674
30821,6505,0.11017441860465116
30821,6518,0.1275634341327772
30821,6525,0.10968249803201259
30821,6549,0.0957708659655404
30821,6649,0.1040339702760085
30821,77182,0.09123222748815166
30821,7939,0.0987189148455162
30821,20977,0.13930950938824954
30821,24212,0.12395437262357414
30821,24213,0.12826249067859807
30821,24214,0.131521262604121
30821,6651,0.11710963455149502
30821,74008,0.07992202729044834
30821,8889,0.08283479061205706
30821,8895,0.09701086956521739
30821,8915,0.1161170459823502
30821,8916,0.11599625818521983
30821,8917,0.11040339702760085
30821,8919,0.10366734045625181
30821,8921,0.09903518728717367
30821,8922,0.11965811965811966
30821,8923,0.11185383244206773
30821,8925,0.11621497473587505
30821,8926,0.11416339636104174
30821,8927,0.11419190076614374
30821,30165,0.06937154206270393
30821,64417,0.06548989511383986
30821,64482,0.0689215963770167
30821,64718,0.06557565979025008
30821,64869,0.060872395833333336
30821,65089,0.061129207383279045
30821,65212,0.0636453418193789
30821,65346,0.08038101604278075
30821,65648,0.08094938698522477
30821,66437,0.0664983164983165
30821,66673,0.06973832477776387
30821,66904,0.08122242196437326
30821,66952,0.08095460926532522
30821,2187,0.05986903648269411
30821,2313,0.08484026522001206
30821,2314,0.0923347735637702
30821,46580,0.11203751954142782
36076,38295,0.2266990291262136
36076,38754,0.21655295164639574
36076,38755,0.13593416641267905
36076,41197,0.2765765765765766
36076,46873,0.2137191854233655
36076,49543,0.25587290856853134
36076,55925,0.2260571729679884
36076,56182,0.22571719819426242
36076,6342,0.26258268622375613
36076,6343,0.25695123655162777
36076,10055,0.14844793713163065
36076,6820,0.03328981723237598
36076,6822,0.15007180469123982
36076,6831,0.12576118612655546
36076,6889,0.15331944030961595
36076,9108,0.2120092378752887
36076,9110,0.17982571956693952
36076,9157,0.23191256830601092
36076,9158,0.14431673052362706
36076,9159,0.16016713091922005
36076,9160,0.18218275565740474
36076,9186,0.20141204157677975
36076,9187,0.19498432601880877
36076,9325,0.23332553241282472
36076,9326,0.15715566178667464
36076,9369,0.22092267706302793
36076,9375,0.1532107647215561
36076,9950,0.21783202316921804
36076,31218,0.16753832281334535
36076,33328,0.1271352562307477
36076,33329,0.14863387978142076
36076,35264,0.16583031859026726
36076,38126,0.13823479586650855
36076,43335,0.15120186094598087
36076,44174,0.15279929187873423
36076,45123,0.13964334705075446
36076,45635,0.15058986814712005
36076,46157,0.1782982791586998
36076,46987,0.16434503080632198
36076,2188,0.1698807409286983
36076,24043,0.08750736593989393
36076,24288,0.14815608919382503
36076,27822,0.17354428315119882
36076,31199,0.17441580342086244
36076,33863,0.13744588744588745
36076,33864,0.139737108190091
36076,34521,0.14301006208520659
36076,38402,0.20267975089639553
36076,40117,0.09
36076,45579,0.1844165301292554
36076,312161,0.20331253000480076
36076,47804,0.15042799597180262
36076,6383,0.16787527193618565
36076,6496,0.16457121411146555
36076,6498,0.17199139215361695
36076,6499,0.1633946514144381
36076,6503,0.17077555213148435
36076,6504,0.2044882070070987
36076,6505,0.18123879705238
36076,6518,0.16841186736474695
36076,6525,0.1836848982639537
36076,6549,0.17679650772330424
36076,6649,0.13405535499398316
36076,77182,0.1555135042146912
36076,7939,0.07659831121833534
36076,20977,0.112876254180602
36076,24212,0.08656174334140436
36076,24213,0.09915100060642813
36076,24214,0.1527880127732744
36076,6651,0.147979918718623
36076,74008,0.1506766917293233
36076,8889,0.14338420258259266
36076,8895,0.1641423703142749
36076,8915,0.13470721286755466
36076,8916,0.12393803098450774
36076,8917,0.08137485311398356
36076,8919,0.15807962529274006
36076,8921,0.15876089060987417
36076,8922,0.1452081316553727
36076,8923,0.12888997794658172
36076,8925,0.1355
36076,8926,0.16410940627084722
36076,8927,0.16089887640449438
36076,30165,0.16055321707757064
36076,64417,0.15970679697912038
36076,64482,0.15554758488761358
36076,64718,0.16408732192272216
36076,64869,0.15103107754864945
36076,65089,0.15086666021109713
36076,65212,0.16031059563593472
36076,65346,0.16900640588796512
36076,65648,0.1804333552199606
36076,66437,0.16201058201058202
36076,66673,0.16714129244249726
36076,66904,0.1746971736204576
36076,66952,0.1887983171180647
36076,2187,0.14358915964472785
36076,2313,0.21919601937933744
36076,2314,0.2260631001371742
36076,46580,0.2028657616892911
38295,38754,0.22019374068554395
38295,38755,0.1403301886792453
38295,41197,0.2162773172569706
38295,46873,0.19881011403073873
38295,49543,0.195691527878349
38295,55925,0.17481645657293254
38295,56182,0.18203052008720025
38295,6342,0.1801186943620178
38295,6343,0.17723342939481268
38295,10055,0.10631469148680094
38295,6820,0.03907637655417407
38295,6822,0.1516642547033285
38295,6831,0.1303200263939294
38295,6889,0.10978618421052631
38295,9108,0.19481221291542827
38295,9110,0.1673076923076923
38295,9157,0.1980074719800747
38295,9158,0.15086614173228347
38295,9159,0.160180681028492
38295,9160,0.18442770003588088
38295,9186,0.1796127309147563
38295,9187,0.17370441458733205
38295,9325,0.19623149394347242
38295,9326,0.1778121376111326
38295,9369,0.19113641990591732
38295,9375,0.15615714757345658
38295,9950,0.1758828996282528
38295,31218,0.15999178476073114
38295,33328,0.14659498207885305
38295,33329,0.15843621399176955
38295,35264,0.14421276064427518
38295,38126,0.11511936339522547
38295,43335,0.1521117815179422
38295,44174,0.12832274758880263
38295,45123,0.11702025535182874
38295,45635,0.15414579855314414
38295,46157,0.17056474614945807
38295,46987,0.14545719277810135
38295,2188,0.14921286789869953
38295,24043,0.10788863109048724
38295,24288,0.1448432760364004
38295,27822,0.16477688368690563
38295,31199,0.19228504122497056
38295,33863,0.13885317562355362
38295,33864,0.14306083650190113
38295,34521,0.13849646821392533
38295,38402,0.19598965071151359
38295,40117,0.10429447852760736
38295,45579,0.17041005563568926
38295,312161,0.20177956371986222
38295,47804,0.1285636709204453
38295,6383,0.1494064674580434
38295,6496,0.15055603079555174
38295,6498,0.15579375346516355
38295,6499,0.1392620302669614
38295,6503,0.16911994989038523
38295,6504,0.19193548387096773
38295,6505,0.1671239140374943
38295,6518,0.17327117327117328
38295,6525,0.16818470662995127
38295,6549,0.15311450951137634
38295,6649,0.1375878220140515
38295,77182,0.14210934470725087
38295,7939,0.08630245447347586
38295,20977,0.13147552697391926
38295,24212,0.10604241696678672
38295,24213,0.12454801124949778
38295,24214,0.16091263884719303
38295,6651,0.15547805870386516
38295,74008,0.13653013653013654
38295,8889,0.13206121292272813
38295,8895,0.16400612289525476
38295,8915,0.14993765586034913
38295,8916,0.13931120074464784
38295,8917,0.10231660231660232
38295,8919,0.15122830741492
38295,8921,0.1580246913580247
38295,8922,0.15425531914893617
38295,8923,0.13919855378125942
38295,8925,0.15010832559579076
38295,8926,0.16701958708311276
38295,8927,0.17012671879212726
38295,30165,0.14404252560611955
38295,64417,0.14014702395067583
38295,64482,0.13480549492874566
38295,64718,0.1400736090062784
38295,64869,0.12749694251936405
38295,65089,0.13158702547835874
38295,65212,0.13595447490946716
38295,65346,0.15170876671619613
38295,65648,0.15721576410547208
38295,66437,0.13743279569892472
38295,66673,0.13852212184387305
38295,66904,0.15593914569923933
38295,66952,0.1606159062014409
38295,2187,0.11883952415634863
38295,2313,0.16376354409546015
38295,2314,0.17056277056277055
38295,46580,0.17619652689538332
38754,38755,0.2002464571780653
38754,41197,0.19624730852045524
38754,46873,0.1863733577757409
38754,49543,0.17310087173100872
38754,55925,0.134247400934157
38754,56182,0.1492382271468144
38754,6342,0.15280750864482134
38754,6343,0.14993626513702996
38754,10055,0.07145838550797229
38754,6820,0.057164634146341466
38754,6822,0.12282003710575139
38754,6831,0.1184984170058797
38754,6889,0.08212401055408972
38754,9108,0.1609772423025435
38754,9110,0.16963897346672466
38754,9157,0.16314837153196624
38754,9158,0.13822166034555414
38754,9159,0.15432994678277698
38754,9160,0.2090628218331617
38754,9186,0.14064549986880084
38754,9187,0.1384393063583815
38754,9325,0.18379111563241776
38754,9326,0.19384264538198404
38754,9369,0.15890657855211776
38754,9375,0.15443840579710144
38754,9950,0.16539007092198582
38754,31218,0.11440778542606218
38754,33328,0.14884910485933503
38754,33329,0.15201900237529692
38754,35264,0.0933422103861518
38754,38126,0.07150078117820054
38754,43335,0.13684657883552911
38754,44174,0.08162243365047571
38754,45123,0.0708700882117081
38754,45635,0.12698412698412698
38754,46157,0.14415395787944807
38754,46987,0.09572107765451664
38754,2188,0.09296519312674402
38754,24043,0.10456383593298671
38754,24288,0.11401869158878504
38754,27822,0.11624072547403133
38754,31199,0.15998501311352567
38754,33863,0.11089805049536593
38754,33864,0.102
38754,34521,0.11041796631316282
38754,38402,0.14193388018891376
38754,40117,0.10810810810810811
38754,45579,0.12762404580152673
38754,312161,0.17900109369303682
38754,47804,0.08394698085419734
38754,6383,0.10997381575815282
38754,6496,0.11343058350100603
38754,6498,0.10760551608859173
38754,6499,0.09508384146341463
38754,6503,0.15352697095435686
38754,6504,0.15494359654943596
38754,6505,0.12489840151720401
38754,6518,0.14942159383033418
38754,6525,0.12558598568961263
38754,6549,0.11181972789115646
38754,6649,0.11182714177407127
38754,77182,0.10469798657718121
38754,7939,0.10079901659496004
38754,20977,0.12844036697247707
38754,24212,0.11652281134401973
38754,24213,0.12767257177764202
38754,24214,0.14544025157232704
38754,6651,0.12546537602382726
38754,74008,0.09407600596125186
38754,8889,0.09305856832971801
38754,8895,0.11707566462167689
38754,8915,0.12824742268041237
38754,8916,0.11893004115226337
38754,8917,0.11033274956217162
38754,8919,0.11994609164420485
38754,8921,0.11505832449628844
38754,8922,0.12238692512352718
38754,8923,0.12133227597145123
38754,8925,0.1222583265637693
38754,8926,0.13274336283185842
38754,8927,0.12787212787212787
38754,30165,0.09182965737272854
38754,64417,0.08790656787642848
38754,64482,0.0893769857715154
38754,64718,0.08507023108291799
38754,64869,0.07909061799551713
38754,65089,0.08016246259085079
38754,65212,0.08272138228941685
38754,65346,0.1010689990281827
38754,65648,0.10413476263399694
38754,66437,0.08552553969564705
38754,66673,0.08866813833701251
38754,66904,0.10424280947084062
38754,66952,0.10733343497484372
38754,2187,0.07786617973131603
38754,2313,0.11403638515012572
38754,2314,0.12580594433086964
38754,46580,0.13942545814759782
38755,41197,0.1262415892342198
38755,46873,0.11716014008277618
38755,49543,0.09456656988801328
38755,55925,0.08050143482857575
38755,56182,0.08037254225595032
38755,6342,0.08603736479842675
38755,6343,0.08309591642924977
38755,10055,0.043197990791126
38755,6820,0.056308654848800835
38755,6822,0.09586776859504133
38755,6831,0.1012591815320042
38755,6889,0.051643713904931145
38755,9108,0.11011477761836441
38755,9110,0.1259727626459144
38755,9157,0.10291323622545916
38755,9158,0.10598859315589354
38755,9159,0.12151616499442586
38755,9160,0.14634146341463414
38755,9186,0.09903181189488243
38755,9187,0.09861325115562404
38755,9325,0.11680401289860265
38755,9326,0.14666666666666667
38755,9369,0.10497938471297177
38755,9375,0.11710323574730354
38755,9950,0.1057151317737637
38755,31218,0.085678391959799
38755,33328,0.11694510739856802
38755,33329,0.11285946825827456
38755,35264,0.0604871447902571
38755,38126,0.04461723595297602
38755,43335,0.10095693779904306
38755,44174,0.05527894804034214
38755,45123,0.04713052310817674
38755,45635,0.09681181959564542
38755,46157,0.10858283433133732
38755,46987,0.0635875752154822
38755,2188,0.06735125339776503
38755,24043,0.1025089605734767
38755,24288,0.09245991129307404
38755,27822,0.08267124758428172
38755,31199,0.10966163880962088
38755,33863,0.08651488616462347
38755,33864,0.0833592534992224
38755,34521,0.09296740994854202
38755,38402,0.10442292593561894
38755,40117,0.10298295454545454
38755,45579,0.09399346569489822
38755,312161,0.12288967412642324
38755,47804,0.05848484848484849
38755,6383,0.08527327935222673
38755,6496,0.08455980733208456
38755,6498,0.07977207977207977
38755,6499,0.06734207389749702
38755,6503,0.11595547309833024
38755,6504,0.10885082084225553
38755,6505,0.08844713339095361
38755,6518,0.10410203378145468
38755,6525,0.0877922077922078
38755,6549,0.07624113475177305
38755,6649,0.09499358151476252
38755,77182,0.07616128271634048
38755,7939,0.09505409582689335
38755,20977,0.10643415514131088
38755,24212,0.11309062742060419
38755,24213,0.11854103343465046
38755,24214,0.10965487112276102
38755,6651,0.10790464240903387
38755,74008,0.0673524844720497
38755,8889,0.07364787111622555
38755,8895,0.08586956521739131
38755,8915,0.1099624060150376
38755,8916,0.09579439252336448
38755,8917,0.09691313711414214
38755,8919,0.08245061551674777
38755,8921,0.09080557927697125
38755,8922,0.10119555935098207
38755,8923,0.10441044104410441
38755,8925,0.10653080129689671
38755,8926,0.10071428571428571
38755,8927,0.10204828090709583
38755,30165,0.06234944027207028
38755,64417,0.059297124600638976
38755,64482,0.06176678445229682
38755,64718,0.05586143610919936
38755,64869,0.05310978907517577
38755,65089,0.054616384915474644
38755,65212,0.05428727471327144
38755,65346,0.07299148154334391
38755,65648,0.068125
38755,66437,0.05864012471519367
38755,66673,0.06128307538691962
38755,66904,0.06962746054986173
38755,66952,0.06922241191991309
38755,2187,0.055800883179446
38755,2313,0.06995515695067264
38755,2314,0.07391579613801837
38755,46580,0.10078125
41197,46873,0.20441988950276244
41197,49543,0.2254286199287048
41197,55925,0.211697308819611
41197,56182,0.20982011206133883
41197,6342,0.22295175563802455
41197,6343,0.21645201495637723
41197,10055,0.1528055711198271
41197,6820,0.037219101123595506
41197,6822,0.17739041271468853
41197,6831,0.15034168564920272
41197,6889,0.15124609020280497
41197,9108,0.22709551656920077
41197,9110,0.19282511210762332
41197,9157,0.24890628597743494
41197,9158,0.1648471615720524
41197,9159,0.18282465589467384
41197,9160,0.16865671641791044
41197,9186,0.2186276529981455
41197,9187,0.2111746590409151
41197,9325,0.25012357884330205
41197,9326,0.15964523281596452
41197,9369,0.23689010487916096
41197,9375,0.17566409597257926
41197,9950,0.2107958182206102
41197,31218,0.18508705526116578
41197,33328,0.14401440144014402
41197,33329,0.1517599538372764
41197,35264,0.17354776764282284
41197,38126,0.14194439647729234
41197,43335,0.15554344865159356
41197,44174,0.16133803618159062
41197,45123,0.1525072913726597
41197,45635,0.1694499017681729
41197,46157,0.1806806806806807
41197,46987,0.16947049089906233
41197,2188,0.17427007299270073
41197,24043,0.10164661177960735
41197,24288,0.15990076680198467
41197,27822,0.1849652129645342
41197,31199,0.1787158746208291
41197,33863,0.1466575716234652
41197,33864,0.15428814641413066
41197,34521,0.15838228648892905
41197,38402,0.21303406182319354
41197,40117,0.09943360604153556
41197,45579,0.1911430734292203
41197,312161,0.19487307117969138
41197,47804,0.15995322245322247
41197,6383,0.18779790276453764
41197,6496,0.179456906729634
41197,6498,0.19797662654805512
41197,6499,0.18753044325377496
41197,6503,0.1790073230268511
41197,6504,0.22375757575757577
41197,6505,0.19995803608896348
41197,6518,0.18198529411764705
41197,6525,0.1968365553602812
41197,6549,0.18849449204406366
41197,6649,0.1532547411583803
41197,77182,0.1756732333273089
41197,7939,0.08919883230619527
41197,20977,0.12129300118623962
41197,24212,0.0939119170984456
41197,24213,0.10167850225952227
41197,24214,0.15400463559103786
41197,6651,0.1573373676248109
41197,74008,0.15456238361266295
41197,8889,0.15368494586098497
41197,8895,0.1687007874015748
41197,8915,0.14930555555555555
41197,8916,0.13176656984420385
41197,8917,0.08746081504702194
41197,8919,0.16466517402808875
41197,8921,0.1688600931362624
41197,8922,0.1545338441890166
41197,8923,0.13978215767634855
41197,8925,0.14610905240868186
41197,8926,0.17168182878469793
41197,8927,0.17421189855415975
41197,30165,0.17184007946362057
41197,64417,0.16887568555758684
41197,64482,0.163589364844904
41197,64718,0.16920172033987202
41197,64869,0.15556655121227114
41197,65089,0.15711736716891356
41197,65212,0.16747230614300102
41197,65346,0.17783722894959167
41197,65648,0.19463726691166464
41197,66437,0.16800433839479392
41197,66673,0.17480314960629922
41197,66904,0.18261352589918067
41197,66952,0.18970627863109674
41197,2187,0.1567243205082951
41197,2313,0.2384646794610045
41197,2314,0.24443810610382202
41197,46580,0.223081499107674
46873,49543,0.23531426614146259
46873,55925,0.20703851261620185
46873,56182,0.24396904870277653
46873,6342,0.20829805249788316
46873,6343,0.2049416609471517
46873,10055,0.11140276383849301
46873,6820,0.03076923076923077
46873,6822,0.12702702702702703
46873,6831,0.1143646408839779
46873,6889,0.11443369490862895
46873,9108,0.1716748194735616
46873,9110,0.14524386957693344
46873,9157,0.1780821917808219
46873,9158,0.12157894736842105
46873,9159,0.13779187085615452
46873,9160,0.17457932692307693
46873,9186,0.16345017723513194
46873,9187,0.15038694833716795
46873,9325,0.18092566619915848
46873,9326,0.13827468078480223
46873,9369,0.16738474795346833
46873,9375,0.13410596026490065
46873,9950,0.17370600414078674
46873,31218,0.13580246913580246
46873,33328,0.11478770131771596
46873,33329,0.1279003961516695
46873,35264,0.12944983818770225
46873,38126,0.11270095109839239
46873,43335,0.12539851222104145
46873,44174,0.12246919014084508
46873,45123,0.10925892371806487
46873,45635,0.12969121140142517
46873,46157,0.13706563706563707
46873,46987,0.1312066203950881
46873,2188,0.12876128385155466
46873,24043,0.07857142857142857
46873,24288,0.1228415300546448
46873,27822,0.139474113996407
46873,31199,0.14226146676477802
46873,33863,0.11561461794019934
46873,33864,0.11711340206185566
46873,34521,0.11641595814257685
46873,38402,0.16066377522157269
46873,40117,0.07887411073306526
46873,45579,0.1512266569022336
46873,312161,0.1810344827586207
46873,47804,0.13686759271059004
46873,6383,0.14055341762873375
46873,6496,0.1491076568796776
46873,6498,0.1509560550150956
46873,6499,0.14133999687646415
46873,6503,0.1484126984126984
46873,6504,0.17996723613386378
46873,6505,0.16094289778500304
46873,6518,0.1535698248765155
46873,6525,0.1518058690744921
46873,6549,0.15121206984234617
46873,6649,0.1154132539091586
46873,77182,0.14479478597850978
46873,7939,0.07126877596676254
46873,20977,0.09579100145137881
46873,24212,0.07525510204081633
46873,24213,0.08158730158730158
46873,24214,0.12352498116997239
46873,6651,0.11804878048780487
46873,74008,0.1226215644820296
46873,8889,0.12225811936745451
46873,8895,0.13143838229683327
46873,8915,0.11292411292411292
46873,8916,0.10565745285455955
46873,8917,0.07213622291021672
46873,8919,0.12674945791444905
46873,8921,0.1281298904538341
46873,8922,0.12232720039781203
46873,8923,0.10777385159010601
46873,8925,0.117312661498708
46873,8926,0.1350678733031674
46873,8927,0.12916476494751256
46873,30165,0.12567132116004295
46873,64417,0.12475247524752475
46873,64482,0.12584912406149446
46873,64718,0.13016130668560413
46873,64869,0.12210364388039611
46873,65089,0.12496384148105294
46873,65212,0.12790810863428403
46873,65346,0.13681490548075614
46873,65648,0.14713575725869735
46873,66437,0.13294736842105262
46873,66673,0.13567620498313568
46873,66904,0.14166890260262946
46873,66952,0.1528612490201202
46873,2187,0.12710794998279223
46873,2313,0.16771542314113266
46873,2314,0.17631188452718197
46873,46580,0.17775229357798164
49543,55925,0.3429808286951144
49543,56182,0.3248272195640617
49543,6342,0.3190755873340143
49543,6343,0.3190345172586293
49543,10055,0.16816013874837404
49543,6820,0.024543874891398785
49543,6822,0.12495575221238939
49543,6831,0.09552576930337928
49543,6889,0.1590849098108227
49543,9108,0.1752808988764045
49543,9110,0.13266842303349644
49543,9157,0.19843254960813742
49543,9158,0.11088598268557745
49543,9159,0.12100411845459894
49543,9160,0.15570934256055363
49543,9186,0.18125865517771964
49543,9187,0.16397117694155325
49543,9325,0.18523023457862728
49543,9326,0.114215283483977
49543,9369,0.17913385826771652
49543,9375,0.12023628048780488
49543,9950,0.18836874900143794
49543,31218,0.14987820604671157
49543,33328,0.0987192118226601
49543,33329,0.11379910973485581
49543,35264,0.17417845152100925
49543,38126,0.16256883580237338
49543,43335,0.11866616989567809
49543,44174,0.15842446530533244
49543,45123,0.1542833607907743
49543,45635,0.1205564142194745
49543,46157,0.14283195203667784
49543,46987,0.16940639269406393
49543,2188,0.17010645231370844
49543,24043,0.06458164094232331
49543,24288,0.11964980544747082
49543,27822,0.16458055925432757
49543,31199,0.14300960512273211
49543,33863,0.11628669837625062
49543,33864,0.12226733291692692
49543,34521,0.11759935117599352
49543,38402,0.1835698282300224
49543,40117,0.06697787700426223
49543,45579,0.1780962128966223
49543,312161,0.18848451928299836
49543,47804,0.15542585386943364
49543,6383,0.15172910662824207
49543,6496,0.15966512184182988
49543,6498,0.1720532319391635
49543,6499,0.16193036354326676
49543,6503,0.1439805279910129
49543,6504,0.1884487872971558
49543,6505,0.16542056074766356
49543,6518,0.14696114247758219
49543,6525,0.16762834738866697
49543,6549,0.1700382722799344
49543,6649,0.10614623807841753
49543,77182,0.1565253881661771
49543,7939,0.056529812255003094
49543,20977,0.08514386376981797
49543,24212,0.06197066721751704
49543,24213,0.07163561076604555
49543,24214,0.12060301507537688
49543,6651,0.11789547774062994
49543,74008,0.14195309591760763
49543,8889,0.13585776330076005
49543,8895,0.14464099895941726
49543,8915,0.10130718954248366
49543,8916,0.09822076978939724
49543,8917,0.06233502538071066
49543,8919,0.13753799392097266
49543,8921,0.1371661385242191
49543,8922,0.11558948863636363
49543,8923,0.10220153928763201
49543,8925,0.10721424677448664
49543,8926,0.13440320962888666
49543,8927,0.13176074136478516
49543,30165,0.16664930736381628
49543,64417,0.16652076646240638
49543,64482,0.161196811264106
49543,64718,0.18257603517772078
49543,64869,0.165958185130563
49543,65089,0.17099529370751262
49543,65212,0.18027571580063625
49543,65346,0.16857043959847698
49543,65648,0.19230769230769232
49543,66437,0.17660313585578818
49543,66673,0.17930634721282968
49543,66904,0.1795960523295846
49543,66952,0.19425028184892898
49543,2187,0.15627804926697916
49543,2313,0.22595936794582394
49543,2314,0.2386632026452527
49543,46580,0.19821725336153498
55925,56182,0.320548556137808
55925,6342,0.3209609349637485
55925,6343,0.31963033779477373
55925,10055,0.1904322005938634
55925,6820,0.01853854472423915
55925,6822,0.11258278145695365
55925,6831,0.08891094724900737
55925,6889,0.1749687695190506
55925,9108,0.15605010660980811
55925,9110,0.11479807963852019
55925,9157,0.17823712948517942
55925,9158,0.10217451909673822
55925,9159,0.10044934048412814
55925,9160,0.12127059522042452
55925,9186,0.1682768741592271
55925,9187,0.14570283137058382
55925,9325,0.16800966962127317
55925,9326,0.09118086696562033
55925,9369,0.16473914160884093
55925,9375,0.10722444317532838
55925,9950,0.1699535234267052
55925,31218,0.14967487227124943
55925,33328,0.08566433566433566
55925,33329,0.09625053871570177
55925,35264,0.18713502035038046
55925,38126,0.18193286144789403
55925,43335,0.10455501051156271
55925,44174,0.17618076792388718
55925,45123,0.17827215424545792
55925,45635,0.11419098143236074
55925,46157,0.12932432432432434
55925,46987,0.17510180337405468
55925,2188,0.18638026451552386
55925,24043,0.055613228533293785
55925,24288,0.11972459518041566
55925,27822,0.16917996697853604
55925,31199,0.1310626702997275
55925,33863,0.11464886378225703
55925,33864,0.12290918101846116
55925,34521,0.11796964672873358
55925,38402,0.181719522488846
55925,40117,0.06114251710800357
55925,45579,0.182640790570306
55925,312161,0.1633356305995865
55925,47804,0.17001862197392922
55925,6383,0.15090379008746355
55925,6496,0.15711711711711712
55925,6498,0.17357310398749023
55925,6499,0.16769722814498933
55925,6503,0.12052757120808194
55925,6504,0.17075471698113207
55925,6505,0.15673671199011124
55925,6518,0.13416838842975207
55925,6525,0.16230366492146597
55925,6549,0.16499218575574906
55925,6649,0.10344360086767895
55925,77182,0.15469550369948776
55925,7939,0.05344775669978922
55925,20977,0.0759860788863109
55925,24212,0.05281320330082521
55925,24213,0.05727136431784108
55925,24214,0.10401087695445276
55925,6651,0.11157638795083075
55925,74008,0.1485589881816297
55925,8889,0.1392193928611142
55925,8895,0.14710110206037375
55925,8915,0.09620427881297447
55925,8916,0.09084652443220922
55925,8917,0.05366142899495998
55925,8919,0.13301863955458726
55925,8921,0.1361661033317238
55925,8922,0.10750644767205104
55925,8923,0.0979909799097991
55925,8925,0.09750723040903457
55925,8926,0.12977696621886006
55925,8927,0.12976597423087036
55925,30165,0.1845108695652174
55925,64417,0.18700787401574803
55925,64482,0.17049620026821635
55925,64718,0.20615108500571055
55925,64869,0.18885352790499108
55925,65089,0.19039104407991914
55925,65212,0.2041106719367589
55925,65346,0.17674737770806784
55925,65648,0.1996135265700483
55925,66437,0.1979712313960256
55925,66673,0.19845119564292402
55925,66904,0.1910828025477707
55925,66952,0.20055844405931061
55925,2187,0.1751875763392078
55925,2313,0.24236808738905685
55925,2314,0.2443393378283184
55925,46580,0.19451887941534715
56182,6342,0.29811883459509064
56182,6343,0.29905384095517007
56182,10055,0.1798170186420857
56182,6820,0.020214669051878353
56182,6822,0.11563592159246315
56182,6831,0.09341278788854888
56182,6889,0.15962325962325963
56182,9108,0.16909445862742153
56182,9110,0.12620578778135047
56182,9157,0.1945337620578778
56182,9158,0.10643330179754021
56182,9159,0.11495591415737814
56182,9160,0.1418779986291981
56182,9186,0.17671828307525128
56182,9187,0.15778401122019636
56182,9325,0.180374962201391
56182,9326,0.1008071440838056
56182,9369,0.17189964157706092
56182,9375,0.11012289780077619
56182,9950,0.17260579064587972
56182,31218,0.1477518787415616
56182,33328,0.0923922090893957
56182,33329,0.10435779816513761
56182,35264,0.18369082490787111
56182,38126,0.17714243607692876
56182,43335,0.10862670472565811
56182,44174,0.17047610443581174
56182,45123,0.16860148032723024
56182,45635,0.11439169139465875
56182,46157,0.1308496138119037
56182,46987,0.1718668475425232
56182,2188,0.17544736579026293
56182,24043,0.05577216477369046
56182,24288,0.12181947405828003
56182,27822,0.1613365155131265
56182,31199,0.13125763125763126
56182,33863,0.11457588327850093
56182,33864,0.12004933534329176
56182,34521,0.11416041872966473
56182,38402,0.17484177215189872
56182,40117,0.0633622892181911
56182,45579,0.1762486992715921
56182,312161,0.17217823319360348
56182,47804,0.1691198558125563
56182,6383,0.1620292480911091
56182,6496,0.1677574462401496
56182,6498,0.18043451577267705
56182,6499,0.16930048803160586
56182,6503,0.13408981940226947
56182,6504,0.18567518248175183
56182,6505,0.16783891876982485
56182,6518,0.1379757785467128
56182,6525,0.17294226449993394
56182,6549,0.17822759812392003
56182,6649,0.1053674900884416
56182,77182,0.16387875738900767
56182,7939,0.053839516824849006
56182,20977,0.07880389889311086
56182,24212,0.05311103471983499
56182,24213,0.059673258813413586
56182,24214,0.11436498150431566
56182,6651,0.10978375926205958
56182,74008,0.1432899461400359
56182,8889,0.1335272022294923
56182,8895,0.13869952805453592
56182,8915,0.09673405909797823
56182,8916,0.08917789131444497
56182,8917,0.05443445819908428
56182,8919,0.1327895159133458
56182,8921,0.13702468312208138
56182,8922,0.11180789232181094
56182,8923,0.09469813055470426
56182,8925,0.10110437081972314
56182,8926,0.1308016877637131
56182,8927,0.12468973572784348
56182,30165,0.17487708473922683
56182,64417,0.17819535221496005
56182,64482,0.16110000951565326
56182,64718,0.19424151267726686
56182,64869,0.17984787764782859
56182,65089,0.18378067799392597
56182,65212,0.19367457344985434
56182,65346,0.1690333438518986
56182,65648,0.20615320217664296
56182,66437,0.19279978822906557
56182,66673,0.1939366515837104
56182,66904,0.1844180422668489
56182,66952,0.20904249765062127
56182,2187,0.17077710563052584
56182,2313,0.23442383829964575
56182,2314,0.24269005847953215
56182,46580,0.1902028830752803
6342,6343,0.8677971424085413
6342,10055,0.19901417128773877
6342,6820,0.018982025869309593
6342,6822,0.11553496452873896
6342,6831,0.08891595615103533
6342,6889,0.1783511846802986
6342,9108,0.16716802750322304
6342,9110,0.1267777947698425
6342,9157,0.1933454494617643
6342,9158,0.10495583171133403
6342,9159,0.1125984251968504
6342,9160,0.1250400256163945
6342,9186,0.18389296956977963
6342,9187,0.15989232839838494
6342,9325,0.18491660623640319
6342,9326,0.10597648595689092
6342,9369,0.18142817603099917
6342,9375,0.11097448509068553
6342,9950,0.189844278943805
6342,31218,0.150890116635973
6342,33328,0.0895217117684078
6342,33329,0.10482115085536547
6342,35264,0.1880184331797235
6342,38126,0.18485749510479368
6342,43335,0.10536600030061627
6342,44174,0.18044846228839848
6342,45123,0.17707455367404795
6342,45635,0.11672103247766275
6342,46157,0.13642960812772134
6342,46987,0.18079038500712977
6342,2188,0.19183874139626353
6342,24043,0.05896529562982005
6342,24288,0.12282372143634385
6342,27822,0.16759195003469812
6342,31199,0.13404317386231038
6342,33863,0.11651150054764513
6342,33864,0.12552742616033755
6342,34521,0.11851751289709477
6342,38402,0.18459376596831886
6342,40117,0.06069364161849711
6342,45579,0.18359129231156412
6342,312161,0.15316234334013407
6342,47804,0.1585987874121836
6342,6383,0.15934475055845124
6342,6496,0.15295011395289948
6342,6498,0.1658878504672897
6342,6499,0.15973303670745273
6342,6503,0.12435936086825444
6342,6504,0.16989247311827957
6342,6505,0.1581639344262295
6342,6518,0.13970182219768085
6342,6525,0.17241816797767065
6342,6549,0.17810010700273451
6342,6649,0.1044689495066744
6342,77182,0.14857279350292607
6342,7939,0.053402800390752195
6342,20977,0.07922342257710975
6342,24212,0.05494148244473342
6342,24213,0.058909444985394355
6342,24214,0.11220155265856159
6342,6651,0.11429398148148148
6342,74008,0.15221664118803233
6342,8889,0.13013141062914294
6342,8895,0.15112581096552602
6342,8915,0.10260223048327137
6342,8916,0.09308510638297872
6342,8917,0.05498557229881372
6342,8919,0.13430919363122754
6342,8921,0.14085772984078068
6342,8922,0.11286089238845144
6342,8923,0.10267332549941245
6342,8925,0.1034994068801898
6342,8926,0.13363991081382387
6342,8927,0.13238803874771865
6342,30165,0.1858641217046206
6342,64417,0.18648288128056914
6342,64482,0.1740796112876098
6342,64718,0.19956251051657412
6342,64869,0.18758532080623144
6342,65089,0.19176205062066742
6342,65212,0.20266623047354215
6342,65346,0.17869980486802917
6342,65648,0.20103040711182948
6342,66437,0.19818731117824773
6342,66673,0.1965751610910054
6342,66904,0.19066147859922178
6342,66952,0.20919400567031188
6342,2187,0.16059899569583932
6342,2313,0.24997440884430341
6342,2314,0.262181469239791
6342,46580,0.18337158888038765
6343,10055,0.20105676737569436
6343,6820,0.01848249027237354
6343,6822,0.11234377194214296
6343,6831,0.08640519020937776
6343,6889,0.17894568434525238
6343,9108,0.16474028686812422
6343,9110,0.12455516014234876
6343,9157,0.19253304264886223
6343,9158,0.10278745644599303
6343,9159,0.10957025297165499
6343,9160,0.12138101873355009
6343,9186,0.18184143222506394
6343,9187,0.1587093389296957
6343,9325,0.18195912614517265
6343,9326,0.10201829076001262
6343,9369,0.17758643885376027
6343,9375,0.10790296175026046
6343,9950,0.18585353003161223
6343,31218,0.14946661872228215
6343,33328,0.08707565839549399
6343,33329,0.10257568910980569
6343,35264,0.18724522148745357
6343,38126,0.1867517384758764
6343,43335,0.10478692352597782
6343,44174,0.17921240634256838
6343,45123,0.17640839752303278
6343,45635,0.11432506887052342
6343,46157,0.1338782412626832
6343,46987,0.1793668231299311
6343,2188,0.19002604417864377
6343,24043,0.056987577639751555
6343,24288,0.12035445046951461
6343,27822,0.16521640863374393
6343,31199,0.13122876557191393
6343,33863,0.11420204978038068
6343,33864,0.12508034451729014
6343,34521,0.11602428722280887
6343,38402,0.18287210172026927
6343,40117,0.05981047071617213
6343,45579,0.18061349693251533
6343,312161,0.14978783592644979
6343,47804,0.1582081088743975
6343,6383,0.15658276863504356
6343,6496,0.1508641975308642
6343,6498,0.16366126455147226
6343,6499,0.15824989116238572
6343,6503,0.12191200116941968
6343,6504,0.16657381615598885
6343,6505,0.1554278416347382
6343,6518,0.1379449294828744
6343,6525,0.16940769135649808
6343,6549,0.1762314126394052
6343,6649,0.10175932441942294
6343,77182,0.1463044998834227
6343,7939,0.05175397199937077
6343,20977,0.0781013042159539
6343,24212,0.05307788944723618
6343,24213,0.05724592220828106
6343,24214,0.10876047139003266
6343,6651,0.11067470893533454
6343,74008,0.1506732207736696
6343,8889,0.12809448103565751
6343,8895,0.14651652023264447
6343,8915,0.09956772334293948
6343,8916,0.09083094555873926
6343,8917,0.05298218435321456
6343,8919,0.1325240896008009
6343,8921,0.137625
6343,8922,0.11035653650254669
6343,8923,0.09920296043267862
6343,8925,0.10266378689704823
6343,8926,0.1318785578747628
6343,8927,0.12756977535738598
6343,30165,0.18433992021523332
6343,64417,0.1847256204124432
6343,64482,0.17515630746598013
6343,64718,0.20046446047938957
6343,64869,0.18832660172645918
6343,65089,0.19254312743461324
6343,65212,0.20272448815089472
6343,65346,0.1788486742615183
6343,65648,0.20065463201745684
6343,66437,0.1990303648890023
6343,66673,0.19725289055029122
6343,66904,0.19011254019292603
6343,66952,0.20866885376279948
6343,2187,0.15938325991189428
6343,2313,0.2471898835808912
6343,2314,0.260746783809225
6343,46580,0.18021377081779766
10055,6820,0.013974096796182686
10055,6822,0.09858812074001948
10055,6831,0.07402199983458771
10055,6889,0.21950635034747185
10055,9108,0.14456450556647021
10055,9110,0.09861030207206457
10055,9157,0.17095827900912647
10055,9158,0.08614170639487095
10055,9159,0.08376743404469837
10055,9160,0.07749664879356569
10055,9186,0.16021236727045596
10055,9187,0.14835121176003177
10055,9325,0.14739860712822614
10055,9326,0.062447328501601215
10055,9369,0.1520763187429854
10055,9375,0.08488372093023255
10055,9950,0.1480957989791912
10055,31218,0.13560334528076465
10055,33328,0.05927770859277708
10055,33329,0.07173624917163685
10055,35264,0.18626457171819563
10055,38126,0.19570727498247317
10055,43335,0.07701102490812577
10055,44174,0.18756200396825398
10055,45123,0.19859760235240895
10055,45635,0.09655227581793456
10055,46157,0.10095882684715173
10055,46987,0.1679512097044434
10055,2188,0.17729984919021705
10055,24043,0.04289071680376028
10055,24288,0.09872884660375887
10055,27822,0.14597122302158275
10055,31199,0.09865181238395092
10055,33863,0.09186699968779269
10055,33864,0.10292424591296338
10055,34521,0.0996249413970933
10055,38402,0.1492582731076455
10055,40117,0.04196331351034425
10055,45579,0.13833283537496266
10055,312161,0.10258261148540262
10055,47804,0.16954587095929852
10055,6383,0.14397708427559175
10055,6496,0.13138962514199168
10055,6498,0.1655365566037736
10055,6499,0.1669298119707191
10055,6503,0.09281486353173299
10055,6504,0.13073691014867486
10055,6505,0.14195608160722628
10055,6518,0.1088376485401747
10055,6525,0.14804660726525018
10055,6549,0.15885167464114833
10055,6649,0.08304470398711236
10055,77182,0.13426809572749962
10055,7939,0.0349062158297586
10055,20977,0.05548183778404379
10055,24212,0.036065573770491806
10055,24213,0.0378736983540477
10055,24214,0.08448429044503675
10055,6651,0.08539812364686071
10055,74008,0.13413621262458472
10055,8889,0.12078408763332373
10055,8895,0.11994882985928211
10055,8915,0.07401102464332036
10055,8916,0.07219836317964509
10055,8917,0.03995644161501089
10055,8919,0.11180171302963693
10055,8921,0.11111949875443497
10055,8922,0.08395717620542542
10055,8923,0.07519342359767892
10055,8925,0.0745447187373533
10055,8926,0.10269971581938743
10055,8927,0.09716631146893993
10055,30165,0.18369712188526174
10055,64417,0.18758902582523068
10055,64482,0.17730995648835424
10055,64718,0.20376250674015936
10055,64869,0.19242555651922522
10055,65089,0.1939200926462073
10055,65212,0.2059065288868013
10055,65346,0.1688723835246455
10055,65648,0.19122193843258503
10055,66437,0.19738839963559066
10055,66673,0.1928637342356198
10055,66904,0.17265462359814654
10055,66952,0.19070265925380134
10055,2187,0.17429643527204502
10055,2313,0.24148606811145512
10055,2314,0.2420579139724487
10055,46580,0.15374045801526717
6820,6822,0.08285862247540135
6820,6831,0.08539167254763586
6820,6889,0.016546844687892276
6820,9108,0.05759599332220367
6820,9110,0.0767341927562922
6820,9157,0.04618689581095596
6820,9158,0.10444027517198248
6820,9159,0.07481481481481482
6820,9160,0.0712661106899166
6820,9186,0.04246868316529178
6820,9187,0.046689895470383276
6820,9325,0.0575093090608192
6820,9326,0.07414272474513438
6820,9369,0.04804589458587307
6820,9375,0.08980418636056718
6820,9950,0.03964613368283093
6820,31218,0.03552740291930598
6820,33328,0.05811138014527845
6820,33329,0.07040229885057471
6820,35264,0.02033375403169261
6820,38126,0.01418573860412332
6820,43335,0.053268765133171914
6820,44174,0.0186409307244844
6820,45123,0.015416666666666667
6820,45635,0.04969809568044589
6820,46157,0.05023696682464455
6820,46987,0.022750598699965787
6820,2188,0.02166745171926519
6820,24043,0.0748074807480748
6820,24288,0.043461082576056895
6820,27822,0.03058877644894204
6820,31199,0.05209347614410906
6820,33863,0.041820418204182044
6820,33864,0.04022783908864364
6820,34521,0.04874151018777467
6820,38402,0.035663741862439854
6820,40117,0.0735930735930736
6820,45579,0.03099510603588907
6820,312161,0.04310344827586207
6820,47804,0.021787531806615777
6820,6383,0.032973122748683845
6820,6496,0.03959511759452218
6820,6498,0.03582443653618031
6820,6499,0.03261802575107296
6820,6503,0.07205113306217316
6820,6504,0.05511811023622047
6820,6505,0.04481974667099708
6820,6518,0.04550850811238623
6820,6525,0.04044750430292599
6820,6549,0.03568844948155293
6820,6649,0.056025369978858354
6820,77182,0.03170103092783505
6820,7939,0.09743589743589744
6820,20977,0.07478991596638655
6820,24212,0.08415841584158416
6820,24213,0.0768321513002364
6820,24214,0.05772314270443613
6820,6651,0.050830397584297936
6820,74008,0.02575820523473203
6820,8889,0.03089675960813866
6820,8895,0.041224613519248256
6820,8915,0.06947743467933491
6820,8916,0.07082833133253301
6820,8917,0.0963718820861678
6820,8919,0.0451152223304122
6820,8921,0.04238368387507967
6820,8922,0.06546990496304118
6820,8923,0.06647887323943662
6820,8925,0.06526806526806526
6820,8926,0.0570230607966457
6820,8927,0.050107066381156314
6820,30165,0.022104332449160036
6820,64417,0.019659585697321548
6820,64482,0.02235622885718488
6820,64718,0.016941176470588234
6820,64869,0.016057585825027684
6820,65089,0.015839610101905183
6820,65212,0.016208361278783813
6820,65346,0.023925951798812434
6820,65648,0.022486556949649666
6820,66437,0.017727440600763266
6820,66673,0.018205128205128204
6820,66904,0.022963088960707603
6820,66952,0.022128896785656597
6820,2187,0.0206099429048879
6820,2313,0.02184014869888476
6820,2314,0.023011176857330704
6820,46580,0.03588584345860413
6822,6831,0.228538283062645
6822,6889,0.10185959047221062
6822,9108,0.20956521739130435
6822,9110,0.20747330960854093
6822,9157,0.22082441113490364
6822,9158,0.24451754385964913
6822,9159,0.1972103835722588
6822,9160,0.15343915343915343
6822,9186,0.21243398943831013
6822,9187,0.1957249549317538
6822,9325,0.22410271374379925
6822,9326,0.1519143680526966
6822,9369,0.21007957559681698
6822,9375,0.21199701937406856
6822,9950,0.15812274368231047
6822,31218,0.17420617659852108
6822,33328,0.14607614607614608
6822,33329,0.162332838038633
6822,35264,0.12762458891980774
6822,38126,0.09834754797441364
6822,43335,0.15560875512995895
6822,44174,0.12537636998675178
6822,45123,0.10951963363538926
6822,45635,0.19821757836508913
6822,46157,0.17853867318862734
6822,46987,0.14264286785660718
6822,2188,0.13170325090302862
6822,24043,0.14888010540184454
6822,24288,0.1992154665172317
6822,27822,0.1606296226057273
6822,31199,0.1882426516572858
6822,33863,0.1702127659574468
6822,33864,0.17279506299820005
6822,34521,0.19206038579815488
6822,38402,0.17838078291814946
6822,40117,0.12339880444064902
6822,45579,0.1513673945304219
6822,312161,0.14443475733798314
6822,47804,0.14366756488441357
6822,6383,0.19479073909171862
6822,6496,0.1924238903090867
6822,6498,0.1786064769381747
6822,6499,0.1729090909090909
6822,6503,0.18745739604635311
6822,6504,0.20051635111876076
6822,6505,0.20317145688800792
6822,6518,0.19082058414464534
6822,6525,0.19113322777652114
6822,6549,0.1865626874625075
6822,6649,0.2071025555924328
6822,77182,0.17541666666666667
6822,7939,0.12793851717902352
6822,20977,0.14296905601253426
6822,24212,0.12377122430741734
6822,24213,0.11597374179431072
6822,24214,0.17011642949547218
6822,6651,0.17238125196602705
6822,74008,0.1444231773099008
6822,8889,0.1529813290503915
6822,8895,0.16483011937557393
6822,8915,0.17647058823529413
6822,8916,0.1498152502519315
6822,8917,0.11893516530699871
6822,8919,0.1666266506602641
6822,8921,0.16599382569460935
6822,8922,0.17891682785299806
6822,8923,0.1738118976404121
6822,8925,0.1804562478719782
6822,8926,0.18014184397163122
6822,8927,0.1701945080091533
6822,30165,0.1297760210803689
6822,64417,0.12801059730250483
6822,64482,0.13100724160631994
6822,64718,0.11759591348766438
6822,64869,0.10958341883849784
6822,65089,0.10871794871794872
6822,65212,0.11550057178500883
6822,65346,0.14098859315589354
6822,65648,0.14529667149059333
6822,66437,0.118058690744921
6822,66673,0.11836115326251896
6822,66904,0.13630289532293988
6822,66952,0.13587111491303108
6822,2187,0.1416931890515595
6822,2313,0.14611745059838574
6822,2314,0.1492253726980415
6822,46580,0.16337719298245615
6831,6889,0.0808998485831711
6831,9108,0.19118130964132937
6831,9110,0.16920543433511734
6831,9157,0.18650088809946713
6831,9158,0.19681074276122534
6831,9159,0.19332079021636878
6831,9160,0.15587419056429233
6831,9186,0.1774869109947644
6831,9187,0.1556936987849675
6831,9325,0.17902233732599546
6831,9326,0.14599285349668198
6831,9369,0.16304032492022047
6831,9375,0.20697362539114886
6831,9950,0.13120849933598938
6831,31218,0.15243757431629013
6831,33328,0.15019193857965452
6831,33329,0.16297968397291196
6831,35264,0.10098749177090191
6831,38126,0.07775141449169556
6831,43335,0.15205870362821036
6831,44174,0.10592527361932319
6831,45123,0.08687800963081863
6831,45635,0.18778842740504081
6831,46157,0.16843595187544233
6831,46987,0.11805665453394525
6831,2188,0.10620629370629371
6831,24043,0.156390134529148
6831,24288,0.18129952456418383
6831,27822,0.13821304436720508
6831,31199,0.16630747126436782
6831,33863,0.1625
6831,33864,0.1593867515186578
6831,34521,0.18147086914995225
6831,38402,0.1491886655364495
6831,40117,0.14806629834254142
6831,45579,0.136003726129483
6831,312161,0.12533244680851063
6831,47804,0.11687732342007436
6831,6383,0.17529296875
6831,6496,0.18264014466546113
6831,6498,0.14778947368421053
6831,6499,0.14280178260027127
6831,6503,0.16217287866772404
6831,6504,0.17502426399223553
6831,6505,0.18344334433443343
6831,6518,0.160286336756925
6831,6525,0.16802973977695168
6831,6549,0.1564581990113905
6831,6649,0.2084639498432602
6831,77182,0.15580286168521462
6831,7939,0.1635710005991612
6831,20977,0.15931372549019607
6831,24212,0.12758620689655173
6831,24213,0.11377579475738984
6831,24214,0.1539909638554217
6831,6651,0.16992259491338002
6831,74008,0.12325191124370688
6831,8889,0.1282608695652174
6831,8895,0.14571718195641156
6831,8915,0.17024726388325903
6831,8916,0.1586596689543803
6831,8917,0.11941112322791712
6831,8919,0.14429976082912568
6831,8921,0.1493009759957795
6831,8922,0.17397881996974282
6831,8923,0.16731974921630094
6831,8925,0.17452640064490124
6831,8926,0.1635483870967742
6831,8927,0.15658711997384767
6831,30165,0.10602509306493865
6831,64417,0.10381966186599875
6831,64482,0.10307438923963766
6831,64718,0.09190887666928516
6831,64869,0.08604995766299746
6831,65089,0.08585644717340674
6831,65212,0.08996465674199422
6831,65346,0.11290839205637412
6831,65648,0.11631786472550804
6831,66437,0.09340659340659341
6831,66673,0.09802967647774265
6831,66904,0.10695353913314624
6831,66952,0.11154422788605697
6831,2187,0.11752988047808766
6831,2313,0.12160583941605839
6831,2314,0.11996322966140646
6831,46580,0.14285714285714285
6889,9108,0.14063310845874416
6889,9110,0.09773142672830878
6889,9157,0.15735937341063982
6889,9158,0.08582961546632675
6889,9159,0.08975910240897592
6889,9160,0.08522102485155048
6889,9186,0.14467592592592593
6889,9187,0.13375544123466562
6889,9325,0.14339113280033225
6889,9326,0.07262382864792503
6889,9369,0.1449989937613202
6889,9375,0.09551784160139251
6889,9950,0.16092642507736848
6889,31218,0.13289437076880276
6889,33328,0.06684871654833424
6889,33329,0.07396609437425763
6889,35264,0.1559147685525349
6889,38126,0.1503628621123973
6889,43335,0.07609498680738787
6889,44174,0.15320393891822462
6889,45123,0.153173698213607
6889,45635,0.09795081967213115
6889,46157,0.10407614318228843
6889,46987,0.14645381621793344
6889,2188,0.15562248995983935
6889,24043,0.04869371873262924
6889,24288,0.10352028639618138
6889,27822,0.13681898066783832
6889,31199,0.09997927890592623
6889,33863,0.09608292634306788
6889,33864,0.10316075237541206
6889,34521,0.1018196281197176
6889,38402,0.14443604761005102
6889,40117,0.046058458813108945
6889,45579,0.1403035099152779
6889,312161,0.10933470861268695
6889,47804,0.14442820887487504
6889,6383,0.1329737771991817
6889,6496,0.1291938380115301
6889,6498,0.14410636209511912
6889,6499,0.14428633031479085
6889,6503,0.09167019923696482
6889,6504,0.12552429667519183
6889,6505,0.1304474142940151
6889,6518,0.10791654187880603
6889,6525,0.1351935362645622
6889,6549,0.14317733548502778
6889,6649,0.08725949037961518
6889,77182,0.12122030237580994
6889,7939,0.04418030948643194
6889,20977,0.060342010674218495
6889,24212,0.042099385817978785
6889,24213,0.04449152542372881
6889,24214,0.08393061182092033
6889,6651,0.08880627839735647
6889,74008,0.12139986604152712
6889,8889,0.11545293072824156
6889,8895,0.11894231674037828
6889,8915,0.08070803919502686
6889,8916,0.07472712006717044
6889,8917,0.043984046089076
6889,8919,0.11030810193990111
6889,8921,0.1118801554944534
6889,8922,0.08843396030343968
6889,8923,0.08015864732282643
6889,8925,0.07957169850934286
6889,8926,0.10532675460678682
6889,8927,0.10115081768625075
6889,30165,0.15520864605223655
6889,64417,0.15525733457063318
6889,64482,0.14789152138280434
6889,64718,0.16302795347888185
6889,64869,0.15613114754098362
6889,65089,0.15496003145066178
6889,65212,0.16785357737104825
6889,65346,0.14882862644415917
6889,65648,0.16120132429449788
6889,66437,0.16148076121683566
6889,66673,0.16198979591836735
6889,66904,0.1531718202103921
6889,66952,0.16226415094339622
6889,2187,0.15025868979086204
6889,2313,0.20694355355997435
6889,2314,0.2044634066294716
6889,46580,0.1507499525346497
9108,9110,0.25605762933857235
9108,9157,0.32802547770700635
9108,9158,0.21158690176322417
9108,9159,0.24885118416401555
9108,9160,0.19242579324462641
9108,9186,0.27945971122496505
9108,9187,0.2911906575272912
9108,9325,0.30500844119302195
9108,9326,0.18198395331874545
9108,9369,0.2751592356687898
9108,9375,0.22262652993714852
9108,9950,0.20776832911974258
9108,31218,0.21911519198664442
9108,33328,0.15094979647218454
9108,33329,0.1914609739826551
9108,35264,0.17636706473915775
9108,38126,0.1417617689015692
9108,43335,0.1895424836601307
9108,44174,0.17336050833233424
9108,45123,0.15425895209288712
9108,45635,0.21556550951847706
9108,46157,0.22102272727272726
9108,46987,0.18544117647058825
9108,2188,0.1798076923076923
9108,24043,0.13422321097515758
9108,24288,0.1908724155320222
9108,27822,0.20289589442815248
9108,31199,0.2231190544825598
9108,33863,0.1820506264382511
9108,33864,0.1829787234042553
9108,34521,0.19770992366412213
9108,38402,0.23197424892703863
9108,40117,0.12189781021897811
9108,45579,0.19609040928527796
9108,312161,0.19863201094391245
9108,47804,0.18070784177654406
9108,6383,0.22703273495248152
9108,6496,0.22721268163804492
9108,6498,0.24864446165762974
9108,6499,0.2332737030411449
9108,6503,0.25383141762452105
9108,6504,0.26968449931412897
9108,6505,0.2527186761229314
9108,6518,0.20510204081632652
9108,6525,0.24297844546048333
9108,6549,0.23417844010063868
9108,6649,0.18055555555555555
9108,77182,0.20806035338495135
9108,7939,0.10575837410613474
9108,20977,0.15776782638649672
9108,24212,0.1200302915562287
9108,24213,0.12181409295352325
9108,24214,0.20076877587226494
9108,6651,0.19142857142857142
9108,74008,0.17983193277310924
9108,8889,0.18392344497607654
9108,8895,0.20065288356909686
9108,8915,0.1867359413202934
9108,8916,0.1683288002417649
9108,8917,0.12633912079793128
9108,8919,0.20912200684150514
9108,8921,0.20617395223073456
9108,8922,0.19812974868497954
9108,8923,0.17882562277580072
9108,8925,0.2012288786482335
9108,8926,0.21547398996567205
9108,8927,0.2029716105067657
9108,30165,0.18501971090670172
9108,64417,0.16952789699570817
9108,64482,0.17831985390033916
9108,64718,0.1644772554554337
9108,64869,0.14832194226257267
9108,65089,0.15273509526736326
9108,65212,0.1559073039519967
9108,65346,0.18777096725968007
9108,65648,0.19813620071684587
9108,66437,0.15890257558790594
9108,66673,0.16328188464662877
9108,66904,0.18936389011311885
9108,66952,0.1952814098919841
9108,2187,0.16703869047619047
9108,2313,0.2047473625763465
9108,2314,0.2136177673874927
9108,46580,0.22323898701851458
9110,9157,0.2608955223880597
9110,9158,0.21746031746031746
9110,9159,0.21760283060592658
9110,9160,0.1955085865257596
9110,9186,0.21966364812419145
9110,9187,0.2517441860465116
9110,9325,0.29159691998660864
9110,9326,0.19408054342552158
9110,9369,0.2714414685525128
9110,9375,0.21906354515050167
9110,9950,0.17546624638823222
9110,31218,0.16047684548372307
9110,33328,0.1531332744924978
9110,33329,0.1750841750841751
9110,35264,0.1270529496780975
9110,38126,0.09616261051864006
9110,43335,0.17270624518118735
9110,44174,0.12278733482921965
9110,45123,0.105
9110,45635,0.17986088108645246
9110,46157,0.17777033813190493
9110,46987,0.13605866749882978
9110,2188,0.12961087805583682
9110,24043,0.14007003501750875
9110,24288,0.15732315820369827
9110,27822,0.14901649115835486
9110,31199,0.1916724019270475
9110,33863,0.14205052005943536
9110,33864,0.14193025141930252
9110,34521,0.1529653552554316
9110,38402,0.176707779886148
9110,40117,0.12176039119804401
9110,45579,0.1431777378815081
9110,312161,0.18298291721419185
9110,47804,0.13182950051267028
9110,6383,0.16624159517737075
9110,6496,0.16585603112840466
9110,6498,0.18058737762966048
9110,6499,0.17014354066985646
9110,6503,0.25178997613365156
9110,6504,0.24289405684754523
9110,6505,0.19899177500663306
9110,6518,0.18331833183318333
9110,6525,0.19461948618516722
9110,6549,0.17337526205450735
9110,6649,0.15384615384615385
9110,77182,0.149263431542461
9110,7939,0.11065362840967576
9110,20977,0.15843806104129263
9110,24212,0.1244192049561177
9110,24213,0.1233502538071066
9110,24214,0.19006166122597026
9110,6651,0.16815988973121984
9110,74008,0.13785557986870897
9110,8889,0.13978494623655913
9110,8895,0.16646146269391776
9110,8915,0.17939946788293423
9110,8916,0.16102332580887885
9110,8917,0.13223552894211577
9110,8919,0.17089590885551528
9110,8921,0.1645021645021645
9110,8922,0.16860260471664906
9110,8923,0.17032967032967034
9110,8925,0.17009345794392525
9110,8926,0.17739451801663073
9110,8927,0.173125
9110,30165,0.13097199341021418
9110,64417,0.12201789264413519
9110,64482,0.13568184945644696
9110,64718,0.11765366895156759
9110,64869,0.1054019835408314
9110,65089,0.10860590663702763
9110,65212,0.11060055567428938
9110,65346,0.1442031299904184
9110,65648,0.1431804465902233
9110,66437,0.11500815660685156
9110,66673,0.11845130066545674
9110,66904,0.1395638629283489
9110,66952,0.14238658481808655
9110,2187,0.11786038077969176
9110,2313,0.1451145259495506
9110,2314,0.1523503291992038
9110,46580,0.17669351018474658
9157,9158,0.21271113655883195
9157,9159,0.24793125397835775
9157,9160,0.19330055316533498
9157,9186,0.2890642121411352
9157,9187,0.29992875801472335
9157,9325,0.3363467162988567
9157,9326,0.1657565049791198
9157,9369,0.31057108140947753
9157,9375,0.21511454924129722
9157,9950,0.21511627906976744
9157,31218,0.21965544244322632
9157,33328,0.1471480582524272
9157,33329,0.18385650224215247
9157,35264,0.1958282208588957
9157,38126,0.1559488347643245
9157,43335,0.18524774774774774
9157,44174,0.1918706805669439
9157,45123,0.17424315233061027
9157,45635,0.21033776867963153
9157,46157,0.21493388644023853
9157,46987,0.20048309178743962
9157,2188,0.1954987348515115
9157,24043,0.1173419773095624
9157,24288,0.189988358556461
9157,27822,0.21351256983240224
9157,31199,0.21389252948885976
9157,33863,0.1787814631851329
9157,33864,0.18297498903027642
9157,34521,0.19181286549707602
9157,38402,0.2327031375703942
9157,40117,0.11569448920399614
9157,45579,0.20585403427691124
9157,312161,0.20247100353000505
9157,47804,0.19428034371643393
9157,6383,0.2506053268765133
9157,6496,0.230546955624355
9157,6498,0.2533920058672534
9157,6499,0.2317320703653586
9157,6503,0.23462088698140202
9157,6504,0.2795918367346939
9157,6505,0.27197494967568775
9157,6518,0.1916083916083916
9157,6525,0.25323741007194245
9157,6549,0.25417130144605116
9157,6649,0.1795142555438226
9157,77182,0.213535808023997
9157,7939,0.09768976897689768
9157,20977,0.14020681265206814
9157,24212,0.10102007239223429
9157,24213,0.10634816753926701
9157,24214,0.19500402900886382
9157,6651,0.18082901554404146
9157,74008,0.1826309067688378
9157,8889,0.17623904097334048
9157,8895,0.1970403405635516
9157,8915,0.16981648863325116
9157,8916,0.15159718462371413
9157,8917,0.09948816378758797
9157,8919,0.19387326898866974
9157,8921,0.19157326691573268
9157,8922,0.18636003172085647
9157,8923,0.16626570435712376
9157,8925,0.18434830531826948
9157,8926,0.20818203824739773
9157,8927,0.1923449612403101
9157,30165,0.20250575300434673
9157,64417,0.19163355924281375
9157,64482,0.19298467772571862
9157,64718,0.1873931623931624
9157,64869,0.16765266218790734
9157,65089,0.1704202694550573
9157,65212,0.17537616917446117
9157,65346,0.199165347532019
9157,65648,0.21542738012508686
9157,66437,0.17833625987708515
9157,66673,0.17942908926144088
9157,66904,0.2046003123668891
9157,66952,0.21435472739820566
9157,2187,0.18689437984496124
9157,2313,0.24718019257221457
9157,2314,0.25472651176215905
9157,46580,0.24462474645030427
9158,9159,0.2047930283224401
9158,9160,0.1668806161745828
9158,9186,0.20993343573988735
9158,9187,0.19711671749376214
9158,9325,0.21813031161473087
9158,9326,0.16157820573038986
9158,9369,0.20574843483210017
9158,9375,0.2184769038701623
9158,9950,0.1505128205128205
9158,31218,0.16724177593742812
9158,33328,0.13587191691908265
9158,33329,0.1791421362489487
9158,35264,0.11718038756665367
9158,38126,0.09148608214706683
9158,43335,0.16210045662100456
9158,44174,0.12274368231046931
9158,45123,0.10190257993824087
9158,45635,0.20255720053835802
9158,46157,0.18416638711841665
9158,46987,0.13456751711263223
9158,2188,0.126133909287257
9158,24043,0.16
9158,24288,0.18875864141869553
9158,27822,0.1546124726041044
9158,31199,0.19088416723783413
9158,33863,0.1646525679758308
9158,33864,0.16662076562930322
9158,34521,0.18573148705599038
9158,38402,0.17732007575757575
9158,40117,0.13540128015755784
9158,45579,0.14535666218034993
9158,312161,0.13759445843828716
9158,47804,0.1327576112412178
9158,6383,0.18663214874088022
9158,6496,0.18054532056005895
9158,6498,0.17282676027255833
9158,6499,0.16463878326996198
9158,6503,0.19027882441597588
9158,6504,0.18988902589395806
9158,6505,0.1983602221634488
9158,6518,0.1844311377245509
9158,6525,0.18774038461538461
9158,6549,0.17024827873982892
9158,6649,0.19783001808318265
9158,77182,0.17191977077363896
9158,7939,0.12610275038920601
9158,20977,0.1622590766472434
9158,24212,0.13119834710743802
9158,24213,0.12829614604462475
9158,24214,0.1888086642599278
9158,6651,0.18166029871483153
9158,74008,0.14631463146314633
9158,8889,0.1559633027522936
9158,8895,0.15914083475713936
9158,8915,0.18216318785578747
9158,8916,0.17392951875710497
9158,8917,0.13313462493790362
9158,8919,0.16435541859270672
9158,8921,0.16370558375634517
9158,8922,0.17905166312809626
9158,8923,0.17558651026392963
9158,8925,0.18566037735849056
9158,8926,0.1781874039938556
9158,8927,0.17540574282147317
9158,30165,0.12597243073563533
9158,64417,0.12211466865227104
9158,64482,0.12663576881134134
9158,64718,0.10705947748749305
9158,64869,0.09889994761655317
9158,65089,0.1013655462184874
9158,65212,0.10386165924039889
9158,65346,0.1368604466972913
9158,65648,0.13353248693054517
9158,66437,0.11019698725376594
9158,66673,0.11049790041991601
9158,66904,0.13226205191594562
9158,66952,0.13399614186081021
9158,2187,0.12950862519602718
9158,2313,0.13111238204175008
9158,2314,0.13489912676904547
9158,46580,0.1602982292637465
9159,9160,0.21206030150753769
9159,9186,0.20289064630488138
9159,9187,0.20282451923076922
9159,9325,0.23351839000693964
9159,9326,0.21509009009009009
9159,9369,0.20676923076923076
9159,9375,0.2360454115421003
9159,9950,0.15856706470424883
9159,31218,0.16016577279375915
9159,33328,0.15154536390827517
9159,33329,0.19090909090909092
9159,35264,0.11058918266004564
9159,38126,0.08385724852071005
9159,43335,0.1775580395528805
9159,44174,0.10935508539383125
9159,45123,0.09150924233191143
9159,45635,0.19552457813646368
9159,46157,0.17808721143275924
9159,46987,0.12457695406929896
9159,2188,0.11480766374572998
9159,24043,0.15826494724501758
9159,24288,0.16554594940762088
9159,27822,0.1404786680541103
9159,31199,0.19200301772915881
9159,33863,0.16370808678500987
9159,33864,0.14951627088830255
9159,34521,0.16452442159383032
9159,38402,0.15870646766169155
9159,40117,0.14491086831512365
9159,45579,0.14535022710972986
9159,312161,0.1535501923749563
9159,47804,0.11908350919505577
9159,6383,0.18768844221105527
9159,6496,0.17688679245283018
9159,6498,0.16276549631556134
9159,6499,0.1529761904761905
9159,6503,0.2102127659574468
9159,6504,0.20455317703024126
9159,6505,0.19028797289666854
9159,6518,0.16886035313001604
9159,6525,0.18402866649603275
9159,6549,0.16839549768263076
9159,6649,0.17345340642129992
9159,77182,0.15813845797638343
9159,7939,0.13317043372021992
9159,20977,0.159877800407332
9159,24212,0.1336154776299879
9159,24213,0.1288416075650118
9159,24214,0.17429022082018927
9159,6651,0.1618366578848325
9159,74008,0.123155505107832
9159,8889,0.12798408488063662
9159,8895,0.1398457583547558
9159,8915,0.16472545757071547
9159,8916,0.14952498967368855
9159,8917,0.1318364997121474
9159,8919,0.14491180461329714
9159,8921,0.14415862808145766
9159,8922,0.17484423676012462
9159,8923,0.1656590084643289
9159,8925,0.17889908256880735
9159,8926,0.16943521594684385
9159,8927,0.15688903788132752
9159,30165,0.11524947294448348
9159,64417,0.10917641077783427
9159,64482,0.11516341702903633
9159,64718,0.10256117082094672
9159,64869,0.09433150478649027
9159,65089,0.09378360937836094
9159,65212,0.09566728200673254
9159,65346,0.1245493280891511
9159,65648,0.12845175302513187
9159,66437,0.10112893642305407
9159,66673,0.10409977772289454
9159,66904,0.11921481008617939
9159,66952,0.12567214625902595
9159,2187,0.10833111525153048
9159,2313,0.13525631445224928
9159,2314,0.13551328407483101
9159,46580,0.16537596802398202
9160,9186,0.1705032119914347
9160,9187,0.16789396170839468
9160,9325,0.20116120218579234
9160,9326,0.2148997134670487
9160,9369,0.18126520681265207
9160,9375,0.18010999083409715
9160,9950,0.17110481586402265
9160,31218,0.12753761643181274
9160,33328,0.1580020387359837
9160,33329,0.16547788873038516
9160,35264,0.09885272145144076
9160,38126,0.07270724318369595
9160,43335,0.1537804357112345
9160,44174,0.09281210592686003
9160,45123,0.07834054979357567
9160,45635,0.14707977207977208
9160,46157,0.162033650329188
9160,46987,0.10527154005414875
9160,2188,0.10196252028921352
9160,24043,0.12674418604651164
9160,24288,0.13199245757385292
9160,27822,0.12183055040197897
9160,31199,0.16623085543518865
9160,33863,0.12315586914688903
9160,33864,0.1229034123770966
9160,34521,0.12696417347580138
9160,38402,0.1512584101669574
9160,40117,0.1198394495412844
9160,45579,0.13953488372093023
9160,312161,0.1958914159941306
9160,47804,0.10403587443946188
9160,6383,0.13042430086788814
9160,6496,0.13887468030690536
9160,6498,0.1324404761904762
9160,6499,0.12075325179576782
9160,6503,0.18296795952782463
9160,6504,0.19123641304347827
9160,6505,0.14906490649064907
9160,6518,0.15222257755036778
9160,6525,0.1395926477893691
9160,6549,0.1269296740994854
9160,6649,0.13198163733741392
9160,77182,0.12130110684436413
9160,7939,0.1147239263803681
9160,20977,0.14578005115089515
9160,24212,0.12217470983506414
9160,24213,0.13317191283292978
9160,24214,0.15023474178403756
9160,6651,0.1449493052947803
9160,74008,0.1061316332270767
9160,8889,0.11367634124890062
9160,8895,0.12949640287769784
9160,8915,0.14558274574865201
9160,8916,0.13195876288659794
9160,8917,0.130791788856305
9160,8919,0.1312229437229437
9160,8921,0.1279317697228145
9160,8922,0.1462100808003078
9160,8923,0.13479125248508947
9160,8925,0.15010309278350514
9160,8926,0.1548922056384743
9160,8927,0.14915824915824916
9160,30165,0.09787293201723898
9160,64417,0.09585067473830243
9160,64482,0.09782156236991814
9160,64718,0.09023836549375709
9160,64869,0.083716454613493
9160,65089,0.0849127315558411
9160,65212,0.08740804846386846
9160,65346,0.11121967106334474
9160,65648,0.1113500230379358
9160,66437,0.09207100591715976
9160,66673,0.09629355990641547
9160,66904,0.11190817790530846
9160,66952,0.11401497783891182
9160,2187,0.09612587597514213
9160,2313,0.12086608334569184
9160,2314,0.12829773869346733
9160,46580,0.16256281407035175
9186,9187,0.2611545781349122
9186,9325,0.2677545391863939
9186,9326,0.15378151260504203
9186,9369,0.2583957219251337
9186,9375,0.1973821989528796
9186,9950,0.19087378640776698
9186,31218,0.22270742358078602
9186,33328,0.1286997885835095
9186,33329,0.1649214659685864
9186,35264,0.19719298245614036
9186,38126,0.16301206867244603
9186,43335,0.1694451356058721
9186,44174,0.200202565833896
9186,45123,0.18379133674895204
9186,45635,0.22276879831342233
9186,46157,0.21445330830595966
9186,46987,0.2110825091451023
9186,2188,0.19972120136864782
9186,24043,0.1156134882402947
9186,24288,0.21102702702702703
9186,27822,0.2134703196347032
9186,31199,0.21841541755888652
9186,33863,0.1855603448275862
9186,33864,0.1994290375203915
9186,34521,0.21097137901127494
9186,38402,0.25051955412809374
9186,40117,0.11606890708839311
9186,45579,0.20335056139725538
9186,312161,0.1707479964381122
9186,47804,0.20785070785070786
9186,6383,0.24962630792227206
9186,6496,0.24507912003087612
9186,6498,0.250384024577573
9186,6499,0.23639834552974864
9186,6503,0.20245245245245244
9186,6504,0.25307237141556665
9186,6505,0.2804726368159204
9186,6518,0.21571180555555555
9186,6525,0.2645421386062584
9186,6549,0.25998610628690516
9186,6649,0.1935483870967742
9186,77182,0.23698703144430627
9186,7939,0.09907834101382489
9186,20977,0.1401291016675632
9186,24212,0.0991404011461318
9186,24213,0.10034110289937465
9186,24214,0.18811643011787346
9186,6651,0.1902853100683801
9186,74008,0.19957472660996356
9186,8889,0.19364650219668808
9186,8895,0.20387801204819278
9186,8915,0.17642698295033357
9186,8916,0.16303015444962002
9186,8917,0.10061659192825112
9186,8919,0.20655993752440452
9186,8921,0.2026635784597568
9186,8922,0.1886341929321872
9186,8923,0.1747760832728153
9186,8925,0.17989157220305568
9186,8926,0.20541016054541456
9186,8927,0.1968155683325962
9186,30165,0.2072709527876052
9186,64417,0.20279090704478955
9186,64482,0.21072562912289275
9186,64718,0.19137577002053388
9186,64869,0.1773551954982051
9186,65089,0.17742405124720956
9186,65212,0.18239795918367346
9186,65346,0.21361760660247592
9186,65648,0.21946388485408688
9186,66437,0.18678646934460888
9186,66673,0.19251804856705315
9186,66904,0.20796877103244044
9186,66952,0.2169811320754717
9186,2187,0.21175362148156873
9186,2313,0.22259178713061276
9186,2314,0.22176400159638154
9186,46580,0.21244281793229644
9187,9325,0.28600201409869086
9187,9326,0.1589631480324797
9187,9369,0.26971243042671617
9187,9375,0.18994572979148813
9187,9950,0.18726669431771048
9187,31218,0.1950018932222643
9187,33328,0.1325124596892407
9187,33329,0.16584943755408132
9187,35264,0.1768650461022632
9187,38126,0.14408824543260945
9187,43335,0.16094130375980525
9187,44174,0.17089041095890412
9187,45123,0.15579778237173464
9187,45635,0.2002993265153405
9187,46157,0.19170207448137966
9187,46987,0.1863440411625643
9187,2188,0.17925019526165062
9187,24043,0.12316995544239338
9187,24288,0.17038539553752535
9187,27822,0.19486918110771323
9187,31199,0.19832189168573608
9187,33863,0.1630509248686915
9187,33864,0.17141022897496255
9187,34521,0.1763235628266303
9187,38402,0.2164120642381512
9187,40117,0.10130515848353014
9187,45579,0.17918215613382898
9187,312161,0.18345938033666748
9187,47804,0.18320811915117965
9187,6383,0.20122417750573834
9187,6496,0.19070133963750985
9187,6498,0.23624017155110794
9187,6499,0.21458024080488208
9187,6503,0.2319977584757635
9187,6504,0.25104294478527606
9187,6505,0.21863117870722434
9187,6518,0.20510440835266822
9187,6525,0.2274533174413985
9187,6549,0.2165955934612651
9187,6649,0.1630879345603272
9187,77182,0.1832129963898917
9187,7939,0.08812260536398467
9187,20977,0.139839333531687
9187,24212,0.10580645161290322
9187,24213,0.104977664326739
9187,24214,0.18705789887346083
9187,6651,0.1752786220871327
9187,74008,0.1787850173119295
9187,8889,0.17493380406001766
9187,8895,0.19524855260531043
9187,8915,0.16702412868632707
9187,8916,0.15411232366249666
9187,8917,0.10106382978723404
9187,8919,0.19577377252952144
9187,8921,0.19031071136549468
9187,8922,0.17360041088854647
9187,8923,0.16574875426173616
9187,8925,0.1667554608417688
9187,8926,0.19702689948088722
9187,8927,0.1860630481156672
9187,30165,0.1802462992909566
9187,64417,0.17298037425832952
9187,64482,0.1843220338983051
9187,64718,0.1677096370463079
9187,64869,0.15253071253071254
9187,65089,0.15417938367628237
9187,65212,0.1578162291169451
9187,65346,0.18822366563117762
9187,65648,0.19997281131049482
9187,66437,0.16021447721179624
9187,66673,0.1644474034620506
9187,66904,0.18527743185277432
9187,66952,0.19531565486606542
9187,2187,0.1593335679924909
9187,2313,0.19314032342201357
9187,2314,0.19857962305381044
9187,46580,0.20597362296353763
9325,9326,0.19174579985390797
9325,9369,0.32115637319316687
9325,9375,0.22504118616144975
9325,9950,0.2235103176443311
9325,31218,0.19844676067852032
9325,33328,0.15254809314883563
9325,33329,0.17681728880157171
9325,35264,0.17118241977775003
9325,38126,0.13986138261951306
9325,43335,0.16838905775075988
9325,44174,0.16843359142346634
9325,45123,0.15213376105764556
9325,45635,0.19659994516040583
9325,46157,0.19800332778702162
9325,46987,0.18466950021984466
9325,2188,0.17733114574788078
9325,24043,0.12363238512035012
9325,24288,0.17334322453016815
9325,27822,0.19250271640709887
9325,31199,0.20787312376097422
9325,33863,0.16386870458531697
9325,33864,0.1669375435337822
9325,34521,0.18225
9325,38402,0.2204574332909784
9325,40117,0.11487216420597768
9325,45579,0.18679549114331723
9325,312161,0.20202020202020202
9325,47804,0.1731774415405777
9325,6383,0.20446096654275092
9325,6496,0.19957127545551984
9325,6498,0.2385145482388974
9325,6499,0.21503865073787773
9325,6503,0.2508710801393728
9325,6504,0.2757201646090535
9325,6505,0.23399814471243044
9325,6518,0.20548641097282194
9325,6525,0.22562018819503848
9325,6549,0.21515381693885302
9325,6649,0.1669985775248933
9325,77182,0.18998441153546375
9325,7939,0.10488988428518103
9325,20977,0.15618591934381407
9325,24212,0.11526946107784432
9325,24213,0.11049723756906077
9325,24214,0.19176882661996497
9325,6651,0.1795160382667417
9325,74008,0.1770015042620759
9325,8889,0.16582159624413145
9325,8895,0.19375
9325,8915,0.17478941034897713
9325,8916,0.15714285714285714
9325,8917,0.11713350309203346
9325,8919,0.19640449438202248
9325,8921,0.18863334807607254
9325,8922,0.1889241419094318
9325,8923,0.17008196721311475
9325,8925,0.17198211624441131
9325,8926,0.2056830031282586
9325,8927,0.19298245614035087
9325,30165,0.17677688102056757
9325,64417,0.16769596199524942
9325,64482,0.1796508598228244
9325,64718,0.16433755822771098
9325,64869,0.14974515800203875
9325,65089,0.15074505001020616
9325,65212,0.15341026169379765
9325,65346,0.18928198238543067
9325,65648,0.19087549744172824
9325,66437,0.15657410505185682
9325,66673,0.1635394950196896
9325,66904,0.1887538439010104
9325,66952,0.19755716517540123
9325,2187,0.15657184894556156
9325,2313,0.21116369710467706
9325,2314,0.22290748898678414
9325,46580,0.22687646183287263
9326,9369,0.16383456235973068
9326,9375,0.1823739174732552
9326,9950,0.14691102571681938
9326,31218,0.11758819114335751
9326,33328,0.1611047180667434
9326,33329,0.16304923239809424
9326,35264,0.08288117200217038
9326,38126,0.06176853055916775
9326,43335,0.14452759588400374
9326,44174,0.07721859393008068
9326,45123,0.06661905733523771
9326,45635,0.14335260115606938
9326,46157,0.15351223362273086
9326,46987,0.09194839131144864
9326,2188,0.0910465819721718
9326,24043,0.14713896457765668
9326,24288,0.12575655682582382
9326,27822,0.10902094912355707
9326,31199,0.1653799268590004
9326,33863,0.12309820193637622
9326,33864,0.11455773955773955
9326,34521,0.12264150943396226
9326,38402,0.13609159510798854
9326,40117,0.12367724867724868
9326,45579,0.12306540189715427
9326,312161,0.16964980544747083
9326,47804,0.0847148288973384
9326,6383,0.11488185017596782
9326,6496,0.11764705882352941
9326,6498,0.11225608419206315
9326,6499,0.10071798962903869
9326,6503,0.17929759704251386
9326,6504,0.16888250089831117
9326,6505,0.12693854106835153
9326,6518,0.14456596035543404
9326,6525,0.12952827729997393
9326,6549,0.11378312179915387
9326,6649,0.13179916317991633
9326,77182,0.10589340220709087
9326,7939,0.11882605583392986
9326,20977,0.15869311551925322
9326,24212,0.14213564213564214
9326,24213,0.14104372355430184
9326,24214,0.14884516680923868
9326,6651,0.1440851412198117
9326,74008,0.09378027514047665
9326,8889,0.09664919079097332
9326,8895,0.1209742895805142
9326,8915,0.14207650273224043
9326,8916,0.1338188438780155
9326,8917,0.13414634146341464
9326,8919,0.11976047904191617
9326,8921,0.12056338028169014
9326,8922,0.13541666666666666
9326,8923,0.138353765323993
9326,8925,0.13524406627854904
9326,8926,0.1491634033463866
9326,8927,0.13796829971181557
9326,30165,0.08565340909090909
9326,64417,0.07919651995905834
9326,64482,0.08347481607243916
9326,64718,0.0763121546961326
9326,64869,0.07017543859649122
9326,65089,0.07113424419865538
9326,65212,0.07410655557991669
9326,65346,0.09792780748663102
9326,65648,0.09367167919799499
9326,66437,0.0783465513097813
9326,66673,0.08044971892567146
9326,66904,0.09605348988910632
9326,66952,0.09801779303886374
9326,2187,0.0751940058870752
9326,2313,0.09768560264502554
9326,2314,0.10366242038216561
9326,46580,0.1282249742002064
9369,9375,0.20359457866823807
9369,9950,0.21245972073039743
9369,31218,0.19367816091954024
9369,33328,0.13949984935221452
9369,33329,0.1626063985911359
9369,35264,0.17405444471211756
9369,38126,0.14301801801801803
9369,43335,0.16390270867882809
9369,44174,0.17302593659942364
9369,45123,0.15371541875177036
9369,45635,0.19138755980861244
9369,46157,0.19140823589222167
9369,46987,0.18446874123913654
9369,2188,0.17728822449514817
9369,24043,0.12057198570035749
9369,24288,0.17301514456172556
9369,27822,0.19041095890410958
9369,31199,0.2068785825951016
9369,33863,0.1559040590405904
9369,33864,0.16630622837370243
9369,34521,0.1752767527675277
9369,38402,0.21626984126984128
9369,40117,0.10745123121202431
9369,45579,0.17947269303201507
9369,312161,0.18952618453865336
9369,47804,0.18046709129511676
9369,6383,0.19556412729026038
9369,6496,0.18713915986462273
9369,6498,0.23034011157099155
9369,6499,0.21040385574206416
9369,6503,0.24165707710011508
9369,6504,0.2615036459642947
9369,6505,0.2293062459476983
9369,6518,0.19939010086793338
9369,6525,0.22523608599557968
9369,6549,0.2151580459770115
9369,6649,0.16168442942552638
9369,77182,0.1813868613138686
9369,7939,0.08689970597843842
9369,20977,0.1401641836424445
9369,24212,0.10608063450099141
9369,24213,0.10595160235448005
9369,24214,0.18888592038471813
9369,6651,0.17803617571059432
9369,74008,0.17921375139264684
9369,8889,0.16702165424210152
9369,8895,0.18618196424984937
9369,8915,0.1665756417258329
9369,8916,0.15093318907222072
9369,8917,0.10653363373028645
9369,8919,0.19810526315789473
9369,8921,0.18294190358467244
9369,8922,0.17482334467416907
9369,8923,0.1594048884165781
9369,8925,0.1618918918918919
9369,8926,0.1971223021582734
9369,8927,0.1788793103448276
9369,30165,0.1831216199220224
9369,64417,0.17676243221414562
9369,64482,0.18575383840926252
9369,64718,0.17160324654790765
9369,64869,0.15341190452609685
9369,65089,0.15702643609620354
9369,65212,0.1631790744466801
9369,65346,0.1890426594378656
9369,65648,0.19611597374179432
9369,66437,0.16653992395437262
9369,66673,0.16934306569343066
9369,66904,0.18870832165872795
9369,66952,0.19812091503267973
9369,2187,0.1651408869337772
9369,2313,0.20858323337331733
9369,2314,0.21812832726253853
9369,46580,0.22887464957949538
9375,9950,0.18734593262119967
9375,31218,0.1682886304296226
9375,33328,0.15291375291375292
9375,33329,0.18340026773761714
9375,35264,0.11569483009387808
9375,38126,0.09065883648375848
9375,43335,0.16219463356027233
9375,44174,0.11985349835817126
9375,45123,0.09824843970203342
9375,45635,0.19566736547868624
9375,46157,0.1811188811188811
9375,46987,0.12936897042543097
9375,2188,0.12399237871903855
9375,24043,0.1395844432605221
9375,24288,0.17304133251079581
9375,27822,0.15233816622421892
9375,31199,0.19446441409058232
9375,33863,0.16300251256281406
9375,33864,0.154650834040147
9375,34521,0.169188020994134
9375,38402,0.17585365853658536
9375,40117,0.13907985193019567
9375,45579,0.1491533286940385
9375,312161,0.15289806795469688
9375,47804,0.12516683968559988
9375,6383,0.1651179413867048
9375,6496,0.16817269076305222
9375,6498,0.1632996632996633
9375,6499,0.15640727835849788
9375,6503,0.20087859424920126
9375,6504,0.2015554115359689
9375,6505,0.1876864659614863
9375,6518,0.17371181734032706
9375,6525,0.17955665024630543
9375,6549,0.1595835104122397
9375,6649,0.17690875232774675
9375,77182,0.15703405017921146
9375,7939,0.13690140845070423
9375,20977,0.16626851409460106
9375,24212,0.14687675858187957
9375,24213,0.13651315789473684
9375,24214,0.17684526039715248
9375,6651,0.17328519855595667
9375,74008,0.13467261904761904
9375,8889,0.1390871728314947
9375,8895,0.16085858585858587
9375,8915,0.1952400161355385
9375,8916,0.17510969285999203
9375,8917,0.1464728056004308
9375,8919,0.1663561352142667
9375,8921,0.16168763102725367
9375,8922,0.187010078387458
9375,8923,0.17999227500965623
9375,8925,0.18181818181818182
9375,8926,0.19036845507433742
9375,8927,0.1768153695864539
9375,30165,0.12394170714781402
9375,64417,0.11613308223477715
9375,64482,0.12493067110371603
9375,64718,0.10789741272172636
9375,64869,0.10050037261790695
9375,65089,0.10253947930004267
9375,65212,0.1050873032981246
9375,65346,0.134162092347433
9375,65648,0.13041495668034656
9375,66437,0.11046990931574609
9375,66673,0.11105687088113253
9375,66904,0.1343661081251976
9375,66952,0.12767238783498946
9375,2187,0.11503611293499671
9375,2313,0.13535264852209541
9375,2314,0.13648253577473457
9375,46580,0.17184466019417477
9950,31218,0.1538187644650169
9950,33328,0.11968897528464316
9950,33329,0.13168503090567052
9950,35264,0.14160100491035743
9950,38126,0.11734397074711211
9950,43335,0.12965307672828563
9950,44174,0.1347409664780148
9950,45123,0.12181736392262708
9950,45635,0.14532076339388364
9950,46157,0.15296590378327884
9950,46987,0.14218196140212683
9950,2188,0.14790396815524318
9950,24043,0.09149940968122787
9950,24288,0.13601694915254237
9950,27822,0.15195137555982086
9950,31199,0.15359168241965973
9950,33863,0.13088330109606705
9950,33864,0.13381555153707053
9950,34521,0.13455008488964346
9950,38402,0.18060695780903036
9950,40117,0.08282298046077574
9950,45579,0.16262049268118528
9950,312161,0.17399438727782976
9950,47804,0.1415376934598103
9950,6383,0.15016943106830746
9950,6496,0.15226261127596438
9950,6498,0.16199376947040497
9950,6499,0.15696513592382122
9950,6503,0.16153650470618164
9950,6504,0.1889390519187359
9950,6505,0.17120315581854043
9950,6518,0.15956756756756757
9950,6525,0.17035398230088494
9950,6549,0.15890320449289727
9950,6649,0.1300287356321839
9950,77182,0.15038494439692043
9950,7939,0.07936028968014484
9950,20977,0.10926234054353855
9950,24212,0.08474065138721351
9950,24213,0.0861244019138756
9950,24214,0.13994664079553723
9950,6651,0.13714826200047292
9950,74008,0.1350029638411381
9950,8889,0.13560732113144758
9950,8895,0.15173058933582786
9950,8915,0.1350401606425703
9950,8916,0.11953280318091451
9950,8917,0.08790560471976401
9950,8919,0.1464685449633346
9950,8921,0.15164328272150682
9950,8922,0.13427477261847773
9950,8923,0.13171449595290655
9950,8925,0.13159203980099501
9950,8926,0.15411712901805372
9950,8927,0.14904486894713462
9950,30165,0.13973799126637554
9950,64417,0.13736802002830087
9950,64482,0.1402970997406272
9950,64718,0.13786543852623148
9950,64869,0.12608860280196896
9950,65089,0.12945198974261563
9950,65212,0.1342423660457077
9950,65346,0.15005359056806003
9950,65648,0.15362913567581432
9950,66437,0.13995227720717918
9950,66673,0.14164882226980727
9950,66904,0.1525267185644544
9950,66952,0.15612622971764406
9950,2187,0.13443955299695226
9950,2313,0.18534537590637323
9950,2314,0.19521646178514163
9950,46580,0.18717472118959108
31218,33328,0.14388311045071817
31218,33329,0.17886977886977887
31218,35264,0.23601541515823893
31218,38126,0.19655495864244904
31218,43335,0.18832391713747645
31218,44174,0.25233113486468045
31218,45123,0.2337932337932338
31218,45635,0.24368997096269823
31218,46157,0.24470482199188823
31218,46987,0.24774956334811232
31218,2188,0.23242089402310398
31218,24043,0.12172774869109948
31218,24288,0.21980725856059052
31218,27822,0.2488375821709155
31218,31199,0.21425399644760212
31218,33863,0.2122279792746114
31218,33864,0.21632174931667317
31218,34521,0.2332155477031802
31218,38402,0.26282399854993654
31218,40117,0.11804472178887156
31218,45579,0.22456019317005865
31218,312161,0.1468602986295766
31218,47804,0.19262345300820977
31218,6383,0.22216432169532743
31218,6496,0.21711115088598532
31218,6498,0.21886912325285895
31218,6499,0.21538691812602903
31218,6503,0.16346805147888913
31218,6504,0.19738187768459808
31218,6505,0.21689668034315554
31218,6518,0.18455106510053754
31218,6525,0.218804920913884
31218,6549,0.21921103271327774
31218,6649,0.17727978699800312
31218,77182,0.21083140112620072
31218,7939,0.08607198748043818
31218,20977,0.1478978978978979
31218,24212,0.10221285563751317
31218,24213,0.0989841104454285
31218,24214,0.17908117752007136
31218,6651,0.20661896243291591
31218,74008,0.21550707547169812
31218,8889,0.2059876342336479
31218,8895,0.2306990326701953
31218,8915,0.19146455223880596
31218,8916,0.1740834678349089
31218,8917,0.09503073770491803
31218,8919,0.21113172541743971
31218,8921,0.23410241980866628
31218,8922,0.20497737556561085
31218,8923,0.1937112692219417
31218,8925,0.1972027972027972
31218,8926,0.21792728792310906
31218,8927,0.21878967414303852
31218,30165,0.22594542843465773
31218,64417,0.22079646017699114
31218,64482,0.22247378455672068
31218,64718,0.20012049402550458
31218,64869,0.1910123079858792
31218,65089,0.1963378391333525
31218,65212,0.19739256397875424
31218,65346,0.22214818763326227
31218,65648,0.22937780628608082
31218,66437,0.19490038195519768
31218,66673,0.2044967880085653
31218,66904,0.2134860713355897
31218,66952,0.21959245665105684
31218,2187,0.19530284301606923
31218,2313,0.20425531914893616
31218,2314,0.19718663652348656
31218,46580,0.19972475485979702
33328,33329,0.171571072319202
33328,35264,0.09754452239611441
33328,38126,0.07259931475136587
33328,43335,0.16599371915657246
33328,44174,0.09165073295092416
33328,45123,0.08047264948558623
33328,45635,0.15947955390334573
33328,46157,0.17951668584579977
33328,46987,0.1059356299530972
33328,2188,0.09923891956424415
33328,24043,0.13895781637717122
33328,24288,0.13969391077824814
33328,27822,0.12373737373737374
33328,31199,0.16782675947409126
33328,33863,0.1352253756260434
33328,33864,0.12899372947148402
33328,34521,0.1419206817436906
33328,38402,0.14033316506814741
33328,40117,0.14471243042671614
33328,45579,0.13245678110542974
33328,312161,0.13556274721323264
33328,47804,0.08716417910447762
33328,6383,0.11959970710275812
33328,6496,0.12254901960784313
33328,6498,0.11716912550780414
33328,6499,0.10848318999218139
33328,6503,0.14722104369961816
33328,6504,0.1468507915122937
33328,6505,0.1319078033879478
33328,6518,0.13631937682570594
33328,6525,0.12600401606425704
33328,6549,0.11582593634985927
33328,6649,0.1405189620758483
33328,77182,0.11182254745026297
33328,7939,0.11435997400909681
33328,20977,0.14270443613041153
33328,24212,0.1222509702457956
33328,24213,0.12523839796567068
33328,24214,0.1411338962605549
33328,6651,0.14313421256788209
33328,74008,0.10020876826722339
33328,8889,0.10534521158129176
33328,8895,0.12202769793571988
33328,8915,0.1431027073485174
33328,8916,0.13433476394849786
33328,8917,0.1250770178681454
33328,8919,0.11631089217296114
33328,8921,0.12319825945063911
33328,8922,0.14348171701112877
33328,8923,0.13954451345755695
33328,8925,0.14194645133871653
33328,8926,0.1430503889076767
33328,8927,0.1389748882008944
33328,30165,0.09357463524130191
33328,64417,0.0876504116529449
33328,64482,0.08623087621696801
33328,64718,0.07878306277670565
33328,64869,0.07522503214744963
33328,65089,0.07525728987993138
33328,65212,0.07894166124484928
33328,65346,0.10088437602358336
33328,65648,0.1026275115919629
33328,66437,0.08436311787072244
33328,66673,0.08600691016781836
33328,66904,0.09739741338016925
33328,66952,0.09909772136412295
33328,2187,0.07878787878787878
33328,2313,0.09727740986019132
33328,2314,0.10395885286783042
33328,46580,0.12534195473762746
33329,35264,0.1241211465657112
33329,38126,0.09485246206832355
33329,43335,0.204683434518647
33329,44174,0.11917562724014337
33329,45123,0.1037658616455178
33329,45635,0.20408908360715589
33329,46157,0.23071104387291982
33329,46987,0.14863316418399083
33329,2188,0.12611940298507462
33329,24043,0.15671641791044777
33329,24288,0.17128303088188476
33329,27822,0.15411961522375575
33329,31199,0.20762551906379767
33329,33863,0.16541843047867144
33329,33864,0.16470588235294117
33329,34521,0.17441487656300098
33329,38402,0.1822300528567833
33329,40117,0.15406480955088117
33329,45579,0.15384615384615385
33329,312161,0.149500516706855
33329,47804,0.10990481856038073
33329,6383,0.1528785679729076
33329,6496,0.154434250764526
33329,6498,0.1444303261329945
33329,6499,0.1321850203212696
33329,6503,0.18544407894736842
33329,6504,0.17933530766699574
33329,6505,0.16161616161616163
33329,6518,0.1539667607400439
33329,6525,0.15670716588147782
33329,6549,0.1491057961646197
33329,6649,0.15833651278138114
33329,77182,0.14490120372473314
33329,7939,0.11411764705882353
33329,20977,0.18456032719836402
33329,24212,0.1530120481927711
33329,24213,0.14849734826163818
33329,24214,0.18639402280770742
33329,6651,0.19495412844036697
33329,74008,0.13850257191846066
33329,8889,0.1401330376940133
33329,8895,0.17339979013641132
33329,8915,0.1863769327204346
33329,8916,0.17436537661256762
33329,8917,0.14245014245014245
33329,8919,0.16689503973691422
33329,8921,0.17251700680272108
33329,8922,0.2088607594936709
33329,8923,0.18567961165048544
33329,8925,0.1966597077244259
33329,8926,0.1959005376344086
33329,8927,0.1866712002720163
33329,30165,0.11884383330994809
33329,64417,0.11441647597254005
33329,64482,0.11562630917469627
33329,64718,0.10537732617878753
33329,64869,0.09876277568585261
33329,65089,0.10058214747736093
33329,65212,0.10193646649260227
33329,65346,0.13261119317249304
33329,65648,0.13397425957512793
33329,66437,0.10314167160640189
33329,66673,0.1083683041224389
33329,66904,0.1308531109685696
33329,66952,0.13044812768569675
33329,2187,0.10266209804955193
33329,2313,0.11508689937198774
33329,2314,0.12016041955884621
33329,46580,0.1532238293699436
35264,38126,0.30255344418052255
35264,43335,0.13235488562739653
35264,44174,0.3075053995680346
35264,45123,0.30921156580818454
35264,45635,0.16089456869009586
35264,46157,0.18231755166099922
35264,46987,0.29375505254648343
35264,2188,0.260853116428639
35264,24043,0.06980252331321997
35264,24288,0.15709046454767725
35264,27822,0.24203471764447373
35264,31199,0.16280574608515594
35264,33863,0.149079754601227
35264,33864,0.165371278249432
35264,34521,0.16510480887792847
35264,38402,0.24044491776121169
35264,40117,0.0684894053315106
35264,45579,0.1972482237509868
35264,312161,0.13090368166604685
35264,47804,0.20697822720233214
35264,6383,0.18895774647887323
35264,6496,0.17695379349686252
35264,6498,0.21353432382604923
35264,6499,0.21183086856904812
35264,6503,0.12774814622089242
35264,6504,0.17037222083437423
35264,6505,0.18059964726631395
35264,6518,0.15214216163583252
35264,6525,0.19059011164274323
35264,6549,0.20465872156013
35264,6649,0.12396483628487706
35264,77182,0.18159991269234968
35264,7939,0.049467067504782726
35264,20977,0.09648173207036535
35264,24212,0.061629670481180204
35264,24213,0.0630841121495327
35264,24214,0.1380736910148675
35264,6651,0.14638538718806277
35264,74008,0.211578079934075
35264,8889,0.17303563761270932
35264,8895,0.20651534752440315
35264,8915,0.1277458158995816
35264,8916,0.12112529304506382
35264,8917,0.0607215793056501
35264,8919,0.18136908962597037
35264,8921,0.1883460859329017
35264,8922,0.14355923435075013
35264,8923,0.12724686408896935
35264,8925,0.12509752925877762
35264,8926,0.1690017513134851
35264,8927,0.16401054084577738
35264,30165,0.27148401404546296
35264,64417,0.27727552005617484
35264,64482,0.2611004302847203
35264,64718,0.26724561690971654
35264,64869,0.2521718713312984
35264,65089,0.2597463967866425
35264,65212,0.26460071513706795
35264,65346,0.25588992278756684
35264,65648,0.2742217898832685
35264,66437,0.24853148010258955
35264,66673,0.2491328990779122
35264,66904,0.24919723654763062
35264,66952,0.26815157651142607
35264,2187,0.2073878177785361
35264,2313,0.23730063612058633
35264,2314,0.23607427055702918
35264,46580,0.18692011767368183
38126,43335,0.10373977763484334
38126,44174,0.31046799825047383
38126,45123,0.31805912173283296
38126,45635,0.12647191011235956
38126,46157,0.1404566210045662
38126,46987,0.28843256957107744
38126,2188,0.25020490276432455
38126,24043,0.05288281542493448
38126,24288,0.1265922177630431
38126,27822,0.21025430680885973
38126,31199,0.1257696486780152
38126,33863,0.12050721469173589
38126,33864,0.1342847317744154
38126,34521,0.13479982402111745
38126,38402,0.20146614920224235
38126,40117,0.0513347022587269
38126,45579,0.17710077000334784
38126,312161,0.10407518004567012
38126,47804,0.19145140573712002
38126,6383,0.16201859229747675
38126,6496,0.15016294810729505
38126,6498,0.17962768958014344
38126,6499,0.18640868334119867
38126,6503,0.09864901622993925
38126,6504,0.13604537800230435
38126,6505,0.15103677788207184
38126,6518,0.12471694826685246
38126,6525,0.16670863762276505
38126,6549,0.1834430091802746
38126,6649,0.09956089255309615
38126,77182,0.16217536432467639
38126,7939,0.039125968811280235
38126,20977,0.07082599425234078
38126,24212,0.043917969847363986
38126,24213,0.04621573580316213
38126,24214,0.10678471406631132
38126,6651,0.1141157382368848
38126,74008,0.18791002811621368
38126,8889,0.15063230350568274
38126,8895,0.16645391881541996
38126,8915,0.09754545454545455
38126,8916,0.09291995286012147
38126,8917,0.045974872033503957
38126,8919,0.1486463476928316
38126,8921,0.1581152727894647
38126,8922,0.11191531710847734
38126,8923,0.09990958408679927
38126,8925,0.09840232389251997
38126,8926,0.13745887792300168
38126,8927,0.12911527198509185
38126,30165,0.258814923189466
38126,64417,0.2698412698412698
38126,64482,0.24416672686556382
38126,64718,0.27209145931405515
38126,64869,0.2628742126112085
38126,65089,0.27003723300019594
38126,65212,0.281214848143982
38126,65346,0.23649321787110122
38126,65648,0.2592846270928463
38126,66437,0.25509444181165797
38126,66673,0.25683135523047196
38126,66904,0.23257398017104366
38126,66952,0.2590064467197573
38126,2187,0.1961264016309888
38126,2313,0.22372143634385203
38126,2314,0.22301304863582444
38126,46580,0.15533819628647214
43335,44174,0.13447710357007694
43335,45123,0.11486008687746237
43335,45635,0.20271186440677966
43335,46157,0.2217573221757322
43335,46987,0.14495037025366314
43335,2188,0.13299418604651161
43335,24043,0.1347695390781563
43335,24288,0.15899705014749263
43335,27822,0.15936495176848875
43335,31199,0.19632327436697883
43335,33863,0.1603030303030303
43335,33864,0.1518467852257182
43335,34521,0.17155688622754492
43335,38402,0.18746999519923188
43335,40117,0.13320079522862824
43335,45579,0.1606122915238748
43335,312161,0.15115532734274711
43335,47804,0.11266589728793999
43335,6383,0.15310344827586206
43335,6496,0.15319662243667068
43335,6498,0.14522989669839984
43335,6499,0.13425065079955373
43335,6503,0.17781954887218046
43335,6504,0.18005540166204986
43335,6505,0.1613817994328435
43335,6518,0.16100443131462333
43335,6525,0.1575600565237871
43335,6549,0.14994850669412976
43335,6649,0.1477471184072651
43335,77182,0.14251781472684086
43335,7939,0.10231362467866324
43335,20977,0.16101311623699682
43335,24212,0.13239141810570382
43335,24213,0.1346749226006192
43335,24214,0.16761972837741243
43335,6651,0.17507831534980856
43335,74008,0.13945827232796487
43335,8889,0.1353969256685618
43335,8895,0.16530964717493216
43335,8915,0.17497147204260174
43335,8916,0.1689497716894977
43335,8917,0.12637362637362637
43335,8919,0.16696867719389075
43335,8921,0.1627135934710533
43335,8922,0.18494623655913978
43335,8923,0.17597042513863217
43335,8925,0.1803030303030303
43335,8926,0.18328673501087295
43335,8927,0.17462311557788945
43335,30165,0.1248803173300506
43335,64417,0.11542744030681677
43335,64482,0.12110491223295687
43335,64718,0.11307856102207778
43335,64869,0.10544109878499736
43335,65089,0.10653829877274651
43335,65212,0.11040975714132877
43335,65346,0.13815056501671177
43335,65648,0.14055195294827327
43335,66437,0.11363636363636363
43335,66673,0.11689254598257502
43335,66904,0.13490829965806653
43335,66952,0.1360381861575179
43335,2187,0.10502692998204669
43335,2313,0.12755612755612755
43335,2314,0.12945421741091565
43335,46580,0.15289737025831976
44174,45123,0.33813459268004725
44174,45635,0.17516985793699816
44174,46157,0.18082055119092155
44174,46987,0.30274687407699125
44174,2188,0.2669183316453365
44174,24043,0.07399190917395276
44174,24288,0.1685366717845754
44174,27822,0.24472260528269862
44174,31199,0.1609322974472808
44174,33863,0.1544082979726544
44174,33864,0.1720999884805898
44174,34521,0.1760923919514228
44174,38402,0.2378899602949518
44174,40117,0.06966787752983913
44174,45579,0.19780934822687343
44174,312161,0.11797752808988764
44174,47804,0.21506618104290665
44174,6383,0.20405701754385966
44174,6496,0.18506672548803352
44174,6498,0.21461425883336818
44174,6499,0.2212774572325134
44174,6503,0.12640831992076265
44174,6504,0.1668254346272922
44174,6505,0.1857304643261608
44174,6518,0.15165270018621974
44174,6525,0.1958672235656188
44174,6549,0.2153230898758156
44174,6649,0.12996213509221938
44174,77182,0.19414385741565882
44174,7939,0.051069345430978616
44174,20977,0.09258547829427584
44174,24212,0.059015112037519545
44174,24213,0.05902192242833052
44174,24214,0.13317785687983308
44174,6651,0.14768399066224353
44174,74008,0.2212983370066119
44174,8889,0.1790905315614618
44174,8895,0.19995509150106658
44174,8915,0.12977289742949838
44174,8916,0.12260869565217392
44174,8917,0.05737072292256239
44174,8919,0.1789935832489024
44174,8921,0.19090188978160008
44174,8922,0.14640781501174724
44174,8923,0.1323511204655194
44174,8925,0.12905632226781052
44174,8926,0.16927862184471826
44174,8927,0.16019127316198445
44174,30165,0.28082686405488355
44174,64417,0.2838289484960151
44174,64482,0.27059665444136327
44174,64718,0.26447661469933187
44174,64869,0.25596330275229356
44174,65089,0.2600889980052171
44174,65212,0.2658972968786306
44174,65346,0.2524828113063407
44174,65648,0.27118962601014845
44174,66437,0.24949681990177924
44174,66673,0.25464453802328463
44174,66904,0.24222846441947565
44174,66952,0.26582160499580576
44174,2187,0.21780524469684315
44174,2313,0.23561423855830135
44174,2314,0.22864436138207675
44174,46580,0.18158207986148686
45123,45635,0.15479164584790647
45123,46157,0.15861513687600645
45123,46987,0.2862074772650724
45123,2188,0.26901148317674456
45123,24043,0.06093152948466384
45123,24288,0.15244255647808458
45123,27822,0.23638158485147626
45123,31199,0.1432990719489073
45123,33863,0.1376261412782316
45123,33864,0.1553664302600473
45123,34521,0.15524760151177439
45123,38402,0.2207877874104787
45123,40117,0.05941715580269797
45123,45579,0.1924198250728863
45123,312161,0.10481181515007146
45123,47804,0.20522845752836552
45123,6383,0.18496952051678647
45123,6496,0.17278063096111518
45123,6498,0.20327637836885679
45123,6499,0.20735986307231494
45123,6503,0.10988244670253039
45123,6504,0.1472582832784344
45123,6505,0.16900224215246637
45123,6518,0.13425178147268407
45123,6525,0.18299157817649211
45123,6549,0.20104277129727818
45123,6649,0.11292865589278675
45123,77182,0.17544634965529432
45123,7939,0.04326379611550714
45123,20977,0.0776520941608071
45123,24212,0.048011539254069646
45123,24213,0.051617556150834534
45123,24214,0.1145709766706208
45123,6651,0.13026211278792693
45123,74008,0.20097873776577793
45123,8889,0.1649135008258715
45123,8895,0.18692895767294423
45123,8915,0.11259274112693002
45123,8916,0.10435562643277185
45123,8917,0.05099846390168971
45123,8919,0.16384601078668404
45123,8921,0.17317027632561613
45123,8922,0.13026973026973027
45123,8923,0.11433124190817648
45123,8925,0.11184407796101949
45123,8926,0.1501849328401791
45123,8927,0.14213494069609178
45123,30165,0.2745975657636435
45123,64417,0.28589772641438177
45123,64482,0.2633748055987558
45123,64718,0.27225019502162967
45123,64869,0.26185271211914196
45123,65089,0.26973322332233224
45123,65212,0.27333795013850415
45123,65346,0.23848039215686276
45123,65648,0.26521491833915656
45123,66437,0.25396258746251604
45123,66673,0.25944326733396655
45123,66904,0.24148556600713592
45123,66952,0.25403322899109076
45123,2187,0.2191097748771724
45123,2313,0.23642445931227635
45123,2314,0.22804241177401488
45123,46580,0.16837930412835767
45635,46157,0.2454348498916744
45635,46987,0.18379446640316205
45635,2188,0.16603561912775208
45635,24043,0.16624790619765495
45635,24288,0.23104593248478142
45635,27822,0.2043278437380314
45635,31199,0.225
45635,33863,0.21412618648799553
45635,33864,0.2112676056338028
45635,34521,0.2337879209574172
45635,38402,0.22826331161536734
45635,40117,0.15178938708350473
45635,45579,0.1864406779661017
45635,312161,0.14337416481069043
45635,47804,0.15745817517221988
45635,6383,0.21164368570803238
45635,6496,0.2108750285583733
45635,6498,0.1893662107493739
45635,6499,0.18172081399500178
45635,6503,0.18105399288716456
45635,6504,0.190593382554006
45635,6505,0.21347500603718908
45635,6518,0.18571809219291233
45635,6525,0.19792814635221512
45635,6549,0.19784102060843964
45635,6649,0.20328801770471072
45635,77182,0.19715698393077874
45635,7939,0.10953769262807164
45635,20977,0.1809487375669472
45635,24212,0.13488372093023257
45635,24213,0.13386155129274396
45635,24214,0.20031695721077655
45635,6651,0.21673953778888194
45635,74008,0.18392418392418391
45635,8889,0.18786417520594736
45635,8895,0.20584176632934684
45635,8915,0.21638018200202225
45635,8916,0.18822361892160105
45635,8917,0.12530413625304138
45635,8919,0.2
45635,8921,0.20641330166270783
45635,8922,0.231809401159047
45635,8923,0.2202439828552588
45635,8925,0.22259583053127102
45635,8926,0.22843359818388195
45635,8927,0.21332953574480204
45635,30165,0.16540050646408103
45635,64417,0.15798421372191865
45635,64482,0.16259623042208654
45635,64718,0.14079895219384414
45635,64869,0.13378755032517808
45635,65089,0.13560198593297476
45635,65212,0.13590411672746222
45635,65346,0.17581238503985286
45635,65648,0.17026205298972058
45635,66437,0.14371665342263595
45635,66673,0.1459802538787024
45635,66904,0.16364177328176138
45635,66952,0.16428162564396107
45635,2187,0.15468216858334385
45635,2313,0.1542158747596814
45635,2314,0.15203671830177853
45635,46580,0.18228941684665226
46157,46987,0.20908806995627732
46157,2188,0.1859764840837396
46157,24043,0.15023080151070078
46157,24288,0.2104973893926903
46157,27822,0.21829886851346078
46157,31199,0.24208860759493672
46157,33863,0.20655829596412556
46157,33864,0.20679886685552407
46157,34521,0.22120200333889817
46157,38402,0.24238258877434135
46157,40117,0.1464226289517471
46157,45579,0.20914036996735583
46157,312161,0.16585365853658537
46157,47804,0.14307649357900615
46157,6383,0.19469219055906026
46157,6496,0.19508867667121418
46157,6498,0.18385477018153729
46157,6499,0.17240149759315385
46157,6503,0.18991097922848665
46157,6504,0.20022277917014758
46157,6505,0.20372160463992267
46157,6518,0.1879212725802103
46157,6525,0.20147091597949632
46157,6549,0.19201259098957307
46157,6649,0.18042045811107624
46157,77182,0.18370279146141216
46157,7939,0.10829103214890017
46157,20977,0.19146436961628818
46157,24212,0.1448395490026019
46157,24213,0.1446298673513051
46157,24214,0.21054333764553687
46157,6651,0.22753346080305928
46157,74008,0.18284504059301093
46157,8889,0.18401937046004843
46157,8895,0.21956368754398312
46157,8915,0.20888436758223128
46157,8916,0.1990537343697195
46157,8917,0.1308488612836439
46157,8919,0.19606431485481163
46157,8921,0.2167713871435476
46157,8922,0.23352902804957598
46157,8923,0.20972543830631823
46157,8925,0.20902053180747224
46157,8926,0.22568649885583525
46157,8927,0.23166812737364884
46157,30165,0.1691976884827308
46157,64417,0.15996578272027373
46157,64482,0.16293034427542033
46157,64718,0.14827890556045895
46157,64869,0.1379382086757516
46157,65089,0.14084507042253522
46157,65212,0.14407672849915684
46157,65346,0.184132898618227
46157,65648,0.18324992640565205
46157,66437,0.14679318623528068
46157,66673,0.1517740595704284
46157,66904,0.16979996992028876
46157,66952,0.1813138686131387
46157,2187,0.1424802110817942
46157,2313,0.1589963958968672
46157,2314,0.15818471799333042
46157,46580,0.1866258741258741
46987,2188,0.25826014219991633
46987,24043,0.08418069678279713
46987,24288,0.17779379956741168
46987,27822,0.24834726206810528
46987,31199,0.18058968058968058
46987,33863,0.16825948450622646
46987,33864,0.1838307412077904
46987,34521,0.18488372093023256
46987,38402,0.2535480349344978
46987,40117,0.079840980619513
46987,45579,0.20712435233160623
46987,312161,0.13469624474409164
46987,47804,0.20690699787943048
46987,6383,0.2035110533159948
46987,6496,0.1914134742404227
46987,6498,0.21849981524818327
46987,6499,0.21864686468646866
46987,6503,0.13853281853281854
46987,6504,0.17957334891876095
46987,6505,0.19209270620313565
46987,6518,0.16600057093919499
46987,6525,0.2071739417117236
46987,6549,0.2181570135185415
46987,6649,0.1408429351121892
46987,77182,0.19798868636077938
46987,7939,0.05766362883181442
46987,20977,0.10883023786249593
46987,24212,0.06948388174377819
46987,24213,0.06872509960159362
46987,24214,0.15494691490998616
46987,6651,0.16330583562480905
46987,74008,0.22627138504804312
46987,8889,0.19033494005685328
46987,8895,0.21271989174560216
46987,8915,0.1460744447919925
46987,8916,0.1407395849586519
46987,8917,0.07161716171617162
46987,8919,0.19592562209461306
46987,8921,0.2024053573869072
46987,8922,0.16597125637459434
46987,8923,0.1493184634448575
46987,8925,0.1497576989213694
46987,8926,0.18807204015352819
46987,8927,0.1791044776119403
46987,30165,0.26502233049127083
46987,64417,0.26599808978032474
46987,64482,0.2554582956031794
46987,64718,0.24558319416366353
46987,64869,0.2370214556163231
46987,65089,0.2428547268729917
46987,65212,0.2447207084468665
46987,65346,0.2544052863436123
46987,65648,0.2659015338410383
46987,66437,0.2361322699166592
46987,66673,0.24115370438628825
46987,66904,0.24070092453235864
46987,66952,0.25715800636267233
46987,2187,0.20804360082691223
46987,2313,0.22427547207916793
46987,2314,0.219742578368279
46987,46580,0.19219297108027494
2188,24043,0.0841813135985199
2188,24288,0.18911527416928758
2188,27822,0.25458442486306265
2188,31199,0.18386167146974064
2188,33863,0.1881133379405667
2188,33864,0.20545185980931918
2188,34521,0.19790229091912778
2188,38402,0.2699699307098967
2188,40117,0.08149171270718232
2188,45579,0.2436221267996969
2188,312161,0.13474599293670197
2188,47804,0.19631901840490798
2188,6383,0.19538123167155425
2188,6496,0.18640487138063874
2188,6498,0.2120260525703652
2188,6499,0.20409972299168974
2188,6503,0.13326638932721274
2188,6504,0.1665536416655364
2188,6505,0.18461735019803246
2188,6518,0.15406050955414013
2188,6525,0.19545622916409433
2188,6549,0.20517000465766186
2188,6649,0.13278942185961456
2188,77182,0.18748524203069658
2188,7939,0.0565662742699893
2188,20977,0.10385310054184227
2188,24212,0.06401596561252687
2188,24213,0.06938900828983727
2188,24214,0.13941284924124236
2188,6651,0.15881599544613634
2188,74008,0.215233252266195
2188,8889,0.19041481134286384
2188,8895,0.20968769917144678
2188,8915,0.14020319303338172
2188,8916,0.12921348314606743
2188,8917,0.06766002736810096
2188,8919,0.18803637760983732
2188,8921,0.19625448948178553
2188,8922,0.15213358070500926
2188,8923,0.14392630972941853
2188,8925,0.14097553915183095
2188,8926,0.17915578165818782
2188,8927,0.175
2188,30165,0.259183871280411
2188,64417,0.25585421412300685
2188,64482,0.24697986577181208
2188,64718,0.2489591299175801
2188,64869,0.23780884265279584
2188,65089,0.24375102107498775
2188,65212,0.2520459618087129
2188,65346,0.24808880511048279
2188,65648,0.25880551301684535
2188,66437,0.24204318792819357
2188,66673,0.24351457000710733
2188,66904,0.24409854654159366
2188,66952,0.2529596276434281
2188,2187,0.20338068692681172
2188,2313,0.2328980705515494
2188,2314,0.2237392864261511
2188,46580,0.19188327611574302
24043,24288,0.17564054957296696
24043,27822,0.1141776096149566
24043,31199,0.18639575971731448
24043,33863,0.15654470011316485
24043,33864,0.14404248257550614
24043,34521,0.17889221556886228
24043,38402,0.13541383989145184
24043,40117,0.17142857142857143
24043,45579,0.11320268179473955
24043,312161,0.09669902912621359
24043,47804,0.08053482587064677
24043,6383,0.11568730325288562
24043,6496,0.11894150417827298
24043,6498,0.10556057866184448
24043,6499,0.09973212445909746
24043,6503,0.14327062228654125
24043,6504,0.12573313782991202
24043,6505,0.12338637045932152
24043,6518,0.1387989931679252
24043,6525,0.12307276169867461
24043,6549,0.10983191342390053
24043,6649,0.15680880330123798
24043,77182,0.11253071253071253
24043,7939,0.14037985136251033
24043,20977,0.16688227684346701
24043,24212,0.17336683417085427
24043,24213,0.1424025457438345
24043,24214,0.14809720311783586
24043,6651,0.15773150199379707
24043,74008,0.09720827475396666
24043,8889,0.10556484356341056
24043,8895,0.12149532710280374
24043,8915,0.16649949849548645
24043,8916,0.1425037110341415
24043,8917,0.1354642313546423
24043,8919,0.12394957983193278
24043,8921,0.1204250295159386
24043,8922,0.1527651858567543
24043,8923,0.1653012048192771
24043,8925,0.17885771543086174
24043,8926,0.13997005988023953
24043,8927,0.14368036880522475
24043,30165,0.07538195445373307
24043,64417,0.07084468664850137
24043,64482,0.07738867271941202
24043,64718,0.06110403888438838
24043,64869,0.05953031130529765
24043,65089,0.060019678583142014
24043,65212,0.06066622545775425
24043,65346,0.08271186440677966
24043,65648,0.08005082592121983
24043,66437,0.0646645676919351
24043,66673,0.06798688193743693
24043,66904,0.07904290429042904
24043,66952,0.07819383259911894
24043,2187,0.07280426171288075
24043,2313,0.06760605606355868
24043,2314,0.06991122384273937
24043,46580,0.09511366605696368
24288,27822,0.2162654996353027
24288,31199,0.24108416547788872
24288,33863,0.25831338121840913
24288,33864,0.2613524185587364
24288,34521,0.3189041095890411
24288,38402,0.2525165988434354
24288,40117,0.15714805383775918
24288,45579,0.2273753334701416
24288,312161,0.13333333333333333
24288,47804,0.16201268042627817
24288,6383,0.22075510625128947
24288,6496,0.22620332398014245
24288,6498,0.1907356948228883
24288,6499,0.17921509179720396
24288,6503,0.1585295807007467
24288,6504,0.17610531544957775
24288,6505,0.2102081934184016
24288,6518,0.1910749506903353
24288,6525,0.2061385317295728
24288,6549,0.20319168676934496
24288,6649,0.21963297407515292
24288,77182,0.20209668025626093
24288,7939,0.11661166116611661
24288,20977,0.15986622073578596
24288,24212,0.11820503465888361
24288,24213,0.11751982696467195
24288,24214,0.1757404795486601
24288,6651,0.21161473087818697
24288,74008,0.18546240851630072
24288,8889,0.18378480060195637
24288,8895,0.19812526629740093
24288,8915,0.19389587073608616
24288,8916,0.16887319799941158
24288,8917,0.10388247639034627
24288,8919,0.18592413944310457
24288,8921,0.19920931254118163
24288,8922,0.20960322024151812
24288,8923,0.2012948793407887
24288,8925,0.19696066746126342
24288,8926,0.20183720336820618
24288,8927,0.20170895908855516
24288,30165,0.1659851776130846
24288,64417,0.16137721044618808
24288,64482,0.15975130059637102
24288,64718,0.14043583535108958
24288,64869,0.13856327021340548
24288,65089,0.13976121199959868
24288,65212,0.1407766990291262
24288,65346,0.17358985570616528
24288,65648,0.17343685013170665
24288,66437,0.1528114663726571
24288,66673,0.15743173768993488
24288,66904,0.16206261510128914
24288,66952,0.1652756875085511
24288,2187,0.1688566867247943
24288,2313,0.1587971511474545
24288,2314,0.14900300464354002
24288,46580,0.16983016983016982
27822,31199,0.24497184231697505
27822,33863,0.2
27822,33864,0.1994823123382226
27822,34521,0.22586588061901253
27822,38402,0.3010661702487731
27822,40117,0.10157964019306713
27822,45579,0.23126574307304787
27822,312161,0.1570671055037484
27822,47804,0.1932427805045086
27822,6383,0.21089603496721823
27822,6496,0.20741692085406968
27822,6498,0.21490593342981187
27822,6499,0.2144230769230769
27822,6503,0.15972359328726554
27822,6504,0.19523722959461917
27822,6505,0.20786797799633272
27822,6518,0.18322100035473574
27822,6525,0.21100917431192662
27822,6549,0.21500510874324916
27822,6649,0.16644087478227212
27822,77182,0.20582495120852726
27822,7939,0.07599118942731277
27822,20977,0.13418803418803418
27822,24212,0.08758314855875832
27822,24213,0.09826589595375723
27822,24214,0.18058557673413245
27822,6651,0.19379391100702575
27822,74008,0.21883920076117983
27822,8889,0.20506741739516965
27822,8895,0.22965403624382208
27822,8915,0.17469272617368528
27822,8916,0.16283256651330266
27822,8917,0.08774221641628566
27822,8919,0.20957784081428332
27822,8921,0.21829105473965288
27822,8922,0.19435117519257358
27822,8923,0.17850746268656717
27822,8925,0.17398276207656846
27822,8926,0.21543885693078493
27822,8927,0.20152020763811643
27822,30165,0.24432591920108943
27822,64417,0.24425865170917557
27822,64482,0.23190844833389432
27822,64718,0.22172949002217296
27822,64869,0.2141609195402299
27822,65089,0.22007579258711527
27822,65212,0.22126035558037793
27822,65346,0.2365
27822,65648,0.2510927634774162
27822,66437,0.214179915078503
27822,66673,0.21829839202116832
27822,66904,0.23015678588926997
27822,66952,0.24050784525092825
27822,2187,0.19671267516594668
27822,2313,0.2112162316197424
27822,2314,0.20538443451681165
27822,46580,0.19822485207100593
31199,33863,0.22161540672607072
31199,33864,0.21008622942252417
31199,34521,0.24935139809743442
31199,38402,0.2741514360313316
31199,40117,0.15873015873015872
31199,45579,0.22380422691879867
31199,312161,0.17951736315479694
31199,47804,0.15082059988681382
31199,6383,0.19206314404735803
31199,6496,0.19728360957642727
31199,6498,0.1937512281391236
31199,6499,0.17984440021711598
31199,6503,0.2027072758037225
31199,6504,0.22024663034126757
31199,6505,0.21810089020771514
31199,6518,0.19763281034957336
31199,6525,0.20478663355159177
31199,6549,0.1882050267168019
31199,6649,0.18852196216736133
31199,77182,0.18530815521892507
31199,7939,0.11813426329555361
31199,20977,0.18949044585987262
31199,24212,0.14228899690676095
31199,24213,0.1431064572425829
31199,24214,0.21275896086813548
31199,6651,0.22602518566354537
31199,74008,0.17479674796747968
31199,8889,0.17363214213607914
31199,8895,0.21035294117647058
31199,8915,0.20784583620096353
31199,8916,0.1840677966101695
31199,8917,0.1276864728192162
31199,8919,0.2039570102589155
31199,8921,0.20961865435997085
31199,8922,0.22639025995393222
31199,8923,0.20953660174613833
31199,8925,0.21462912087912087
31199,8926,0.22077922077922077
31199,8927,0.2148905109489051
31199,30165,0.1728395061728395
31199,64417,0.16319487242696906
31199,64482,0.1655450874831763
31199,64718,0.14969461410327595
31199,64869,0.13789858860428647
31199,65089,0.13843256251961913
31199,65212,0.14418900307235935
31199,65346,0.18257066999843824
31199,65648,0.18019216555801923
31199,66437,0.14811831050753826
31199,66673,0.14688057040998218
31199,66904,0.17335156487389852
31199,66952,0.174828241485163
31199,2187,0.14058556284704696
31199,2313,0.1516916250693289
31199,2314,0.15827128047890204
31199,46580,0.1841815377836528
33863,33864,0.27053752535496955
33863,34521,0.28132644740418594
33863,38402,0.21805467260012715
33863,40117,0.15653153153153154
33863,45579,0.22215295095594348
33863,312161,0.12802056555269922
33863,47804,0.1443548387096774
33863,6383,0.19323076923076923
33863,6496,0.19841099420227615
33863,6498,0.16980790141355565
33863,6499,0.16630049011323306
33863,6503,0.15096547688706846
33863,6504,0.16369570675370324
33863,6505,0.1915562542106445
33863,6518,0.17745146839223494
33863,6525,0.1856461315079859
33863,6549,0.18091009988901222
33863,6649,0.1870461806564043
33863,77182,0.17765319930407888
33863,7939,0.11174027935069837
33863,20977,0.1522408484433801
33863,24212,0.10510622437569885
33863,24213,0.11152278621711745
33863,24214,0.16829408385985067
33863,6651,0.19104647847162817
33863,74008,0.17390578015369196
33863,8889,0.16937311178247735
33863,8895,0.1915444348576359
33863,8915,0.18814905314599878
33863,8916,0.15819377990430622
33863,8917,0.098490294751977
33863,8919,0.17196467991169978
33863,8921,0.18296181858309424
33863,8922,0.19598136284216658
33863,8923,0.1936450839328537
33863,8925,0.19130170316301703
33863,8926,0.1887570912841671
33863,8927,0.19562927856766718
33863,30165,0.1573480379584509
33863,64417,0.15114915572232646
33863,64482,0.149834647672348
33863,64718,0.13062256399452227
33863,64869,0.12910986367281477
33863,65089,0.1275786100540757
33863,65212,0.1311210036422501
33863,65346,0.15682281059063136
33863,65648,0.15796760348885505
33863,66437,0.1370223978919631
33863,66673,0.1405343945423536
33863,66904,0.15132139812446718
33863,66952,0.15033483668170014
33863,2187,0.14993894993894993
33863,2313,0.14424976946383875
33863,2314,0.13939144736842105
33863,46580,0.1579476861167002
33864,34521,0.2696237229005731
33864,38402,0.22604520904180836
33864,40117,0.14787798408488065
33864,45579,0.21615847737424743
33864,312161,0.12635805384978743
33864,47804,0.15474490458263016
33864,6383,0.20279448864738986
33864,6496,0.20371492025035332
33864,6498,0.18269896193771626
33864,6499,0.17527437056165268
33864,6503,0.15128068303094985
33864,6504,0.16218721037998146
33864,6505,0.2033432077867118
33864,6518,0.17923875432525951
33864,6525,0.19595919968615144
33864,6549,0.1920704845814978
33864,6649,0.18829787234042553
33864,77182,0.1907652685798381
33864,7939,0.09841479524438573
33864,20977,0.14438339438339437
33864,24212,0.10611570247933884
33864,24213,0.10634816753926701
33864,24214,0.16192217289109428
33864,6651,0.1988427143608627
33864,74008,0.17792971855620926
33864,8889,0.17602862254025045
33864,8895,0.19292929292929292
33864,8915,0.1798342541436464
33864,8916,0.15881231272132934
33864,8917,0.09843400447427293
33864,8919,0.1802530595312176
33864,8921,0.1886128364389234
33864,8922,0.18887417218543046
33864,8923,0.18527574028796523
33864,8925,0.17914951989026062
33864,8926,0.19831932773109243
33864,8927,0.19727560204329847
33864,30165,0.16946413029963944
33864,64417,0.1629604287832136
33864,64482,0.16294284656215283
33864,64718,0.14400411734431293
33864,64869,0.1407719435736677
33864,65089,0.14228240604454911
33864,65212,0.14374752671151564
33864,65346,0.17184643510054845
33864,65648,0.1722520107238606
33864,66437,0.15068052727467582
33864,66673,0.1558614564831261
33864,66904,0.1642651296829971
33864,66952,0.1666887680678955
33864,2187,0.16543767840152235
33864,2313,0.15576800509878905
33864,2314,0.1493918561607615
33864,46580,0.16521078617546525
34521,38402,0.2585239533880017
34521,40117,0.1576444769568398
34521,45579,0.2256009862338196
34521,312161,0.13129268909688843
34521,47804,0.16409423233143786
34521,6383,0.22275176129299626
34521,6496,0.2261904761904762
34521,6498,0.19303046889253786
34521,6499,0.1830962059620596
34521,6503,0.16026566560785446
34521,6504,0.1756352765321375
34521,6505,0.2120530694850461
34521,6518,0.1903584672435105
34521,6525,0.20883701542309296
34521,6549,0.20334883720930233
34521,6649,0.2174547577349679
34521,77182,0.2050731707317073
34521,7939,0.11936437546193644
34521,20977,0.1622895622895623
34521,24212,0.11725906925613779
34521,24213,0.11577424023154848
34521,24214,0.17587085811384875
34521,6651,0.21051136363636364
34521,74008,0.19252054335066243
34521,8889,0.19085562511857332
34521,8895,0.2055030094582975
34521,8915,0.19879336349924584
34521,8916,0.16863555818074424
34521,8917,0.1052446321717705
34521,8919,0.1865786578657866
34521,8921,0.20763087843833186
34521,8922,0.2200873362445415
34521,8923,0.20438388625592416
34521,8925,0.20621043111245102
34521,8926,0.21198037696875807
34521,8927,0.20631194574856546
34521,30165,0.17474851689450607
34521,64417,0.17102306327616795
34521,64482,0.17109485303555386
34521,64718,0.14501958293638192
34521,64869,0.1407318053880177
34521,65089,0.1432026604857402
34521,65212,0.1416987634299615
34521,65346,0.17726340462935833
34521,65648,0.1746384872080089
34521,66437,0.15092051592988645
34521,66673,0.15454856751512386
34521,66904,0.16458036984352775
34521,66952,0.17013076393668272
34521,2187,0.1735210571816722
34521,2313,0.15638185654008438
34521,2314,0.15153592978606692
34521,46580,0.17131394182547643
38402,40117,0.1257372654155496
38402,45579,0.26404189994581906
38402,312161,0.18306832831972497
38402,47804,0.19533382973442542
38402,6383,0.22699929228591648
38402,6496,0.2215536105032823
38402,6498,0.22958272446825784
38402,6499,0.21832269826800366
38402,6503,0.18508092892329345
38402,6504,0.21679357021996615
38402,6505,0.22525271790959375
38402,6518,0.20548227535037097
38402,6525,0.2326839826839827
38402,6549,0.22903014416775885
38402,6649,0.17494356659142213
38402,77182,0.2193472010823609
38402,7939,0.09073825503355705
38402,20977,0.15291698792084296
38402,24212,0.10920945395273024
38402,24213,0.11417748917748918
38402,24214,0.20269016697588127
38402,6651,0.22342883548983364
38402,74008,0.22850678733031674
38402,8889,0.2152593085106383
38402,8895,0.24615384615384617
38402,8915,0.20384615384615384
38402,8916,0.177956101014869
38402,8917,0.10306553911205074
38402,8919,0.2364370911889188
38402,8921,0.2339047619047619
38402,8922,0.21596462648359321
38402,8923,0.19382022471910113
38402,8925,0.19425996204933588
38402,8926,0.23929035049762007
38402,8927,0.23693989071038252
38402,30165,0.24545677799607074
38402,64417,0.23266824484274604
38402,64482,0.237120935330654
38402,64718,0.22389755241144274
38402,64869,0.2111904529003228
38402,65089,0.21782762691853602
38402,65212,0.22234370340920387
38402,65346,0.25310859353412546
38402,65648,0.25755968169761273
38402,66437,0.2229801748028139
38402,66673,0.22489562733465174
38402,66904,0.244903469690833
38402,66952,0.2546052631578947
38402,2187,0.19686470521413155
38402,2313,0.21864512119328774
38402,2314,0.21800335787162597
38402,46580,0.2149549231041188
40117,45579,0.11620716310229322
40117,312161,0.09656237929702588
40117,47804,0.07170333897522696
40117,6383,0.11145833333333334
40117,6496,0.11782644857222069
40117,6498,0.09533377986157625
40117,6499,0.0902424118965166
40117,6503,0.11292580494633692
40117,6504,0.11327561327561328
40117,6505,0.12015503875968993
40117,6518,0.12398445778876722
40117,6525,0.10942492012779553
40117,6549,0.09886363636363636
40117,6649,0.14789687924016282
40117,77182,0.10427807486631016
40117,7939,0.13588283157038242
40117,20977,0.1615581098339719
40117,24212,0.14009661835748793
40117,24213,0.14794303797468356
40117,24214,0.13827383642114777
40117,6651,0.15111695137976347
40117,74008,0.09058331674298228
40117,8889,0.09865152590489709
40117,8895,0.11251049538203191
40117,8915,0.1554787759131293
40117,8916,0.13365853658536586
40117,8917,0.11878247958426132
40117,8919,0.11242603550295859
40117,8921,0.11661295048344565
40117,8922,0.15381145692377085
40117,8923,0.16189111747851004
40117,8925,0.15794621026894864
40117,8926,0.13876488095238096
40117,8927,0.13634637295860236
40117,30165,0.07259684361549498
40117,64417,0.07042982910409114
40117,64482,0.07213396307428081
40117,64718,0.06173410404624277
40117,64869,0.058971005014170484
40117,65089,0.058419618528610356
40117,65212,0.06044924025545034
40117,65346,0.08177056935293124
40117,65648,0.07900569981000634
40117,66437,0.06313375181071947
40117,66673,0.06597964056805329
40117,66904,0.07548408270429931
40117,66952,0.07615167659041053
40117,2187,0.07061224489795918
40117,2313,0.07065706570657065
40117,2314,0.07211919480107783
40117,46580,0.0953125
45579,312161,0.16364011555922411
45579,47804,0.16764319024273586
45579,6383,0.1991856124872752
45579,6496,0.20028109627547436
45579,6498,0.19807213930348258
45579,6499,0.18557300756253636
45579,6503,0.15427426536064115
45579,6504,0.18430583501006037
45579,6505,0.1952242070725483
45579,6518,0.17156286721504113
45579,6525,0.20017226528854437
45579,6549,0.20236220472440944
45579,6649,0.15741543798785776
45579,77182,0.18511943189154292
45579,7939,0.08564036222509702
45579,20977,0.12878787878787878
45579,24212,0.088
45579,24213,0.0939269171384457
45579,24214,0.15504885993485343
45579,6651,0.18025657751685148
45579,74008,0.19468898831000145
45579,8889,0.17543028580451603
45579,8895,0.20316107263363523
45579,8915,0.16154541346588341
45579,8916,0.14887892376681613
45579,8917,0.0909321175278622
45579,8919,0.1890520210259199
45579,8921,0.20594673476833272
45579,8922,0.17525773195876287
45579,8923,0.16237227898711684
45579,8925,0.16343989194056732
45579,8926,0.19783363989372574
45579,8927,0.19398062255205112
45579,30165,0.20610328638497652
45579,64417,0.20082456330693285
45579,64482,0.1865559783235328
45579,64718,0.19089734671569114
45579,64869,0.18088318550669938
45579,65089,0.18509046130529508
45579,65212,0.19230769230769232
45579,65346,0.19940049524306008
45579,65648,0.21309613928841786
45579,66437,0.196474590248428
45579,66673,0.20277185501066097
45579,66904,0.20324157447903268
45579,66952,0.2113770204235058
45579,2187,0.17215996484289167
45579,2313,0.203609496124031
45579,2314,0.2030188679245283
45579,46580,0.19088900220975694
312161,47804,0.1339273474982865
312161,6383,0.14688335733388191
312161,6496,0.1533808597969324
312161,6498,0.1606575751914814
312161,6499,0.1494907647160366
312161,6503,0.1952088054386533
312161,6504,0.22265516281658781
312161,6505,0.16306844281120808
312161,6518,0.1714509394572025
312161,6525,0.1686592655849701
312161,6549,0.1508338017612891
312161,6649,0.1318810715337062
312161,77182,0.14705882352941177
312161,7939,0.09168012924071083
312161,20977,0.12851985559566786
312161,24212,0.10466531440162272
312161,24213,0.1179570328334009
312161,24214,0.15379975874547647
312161,6651,0.15633264766382604
312161,74008,0.12763835798570716
312161,8889,0.12857955622985018
312161,8895,0.15151515151515152
312161,8915,0.1371571072319202
312161,8916,0.1262406947890819
312161,8917,0.09664848012470771
312161,8919,0.15028376844494892
312161,8921,0.1477909845256784
312161,8922,0.13944575471698112
312161,8923,0.12684543537210002
312161,8925,0.13812325797460515
312161,8926,0.16293929712460065
312161,8927,0.15595590212422694
312161,30165,0.12747111681643133
312161,64417,0.12554366991889032
312161,64482,0.1304124373634845
312161,64718,0.1324481865284974
312161,64869,0.11683047927854899
312161,65089,0.11982925094013619
312161,65212,0.125887802367473
312161,65346,0.14766299493896992
312161,65648,0.1533655211587617
312161,66437,0.12803925942449254
312161,66673,0.13010851997229278
312161,66904,0.1480940557908573
312161,66952,0.1488195615514334
312161,2187,0.12148618919579565
312161,2313,0.1530793390686877
312161,2314,0.16431044431621467
312161,46580,0.19174232598357113
47804,6383,0.20270270270270271
47804,6496,0.20297407219115404
47804,6498,0.2564102564102564
47804,6499,0.26169864295741696
47804,6503,0.13965014577259474
47804,6504,0.17649495925977074
47804,6505,0.20587849363600577
47804,6518,0.17242787152966793
47804,6525,0.19730606136193565
47804,6549,0.21629945510542525
47804,6649,0.14476518741921585
47804,77182,0.21067961165048543
47804,7939,0.06056841124398198
47804,20977,0.09101850458853618
47804,24212,0.061037955073586364
47804,24213,0.06038200862600123
47804,24214,0.1279432624113475
47804,6651,0.13407428249859313
47804,74008,0.18250785737509484
47804,8889,0.17324484806147397
47804,8895,0.16450055699962868
47804,8915,0.1245479531317807
47804,8916,0.11531272465851905
47804,8917,0.062461726883037354
47804,8919,0.16146557169930512
47804,8921,0.16437838518705128
47804,8922,0.13299305260172975
47804,8923,0.12548290170267562
47804,8925,0.12503605422555525
47804,8926,0.15297950318990092
47804,8927,0.14423468694825478
47804,30165,0.2167970591007635
47804,64417,0.22856886657101866
47804,64482,0.22502369668246444
47804,64718,0.2157531398153539
47804,64869,0.20155469183786784
47804,65089,0.20640484346371385
47804,65212,0.2088917422357756
47804,65346,0.21482089705429538
47804,65648,0.21592375657698798
47804,66437,0.20473773265651438
47804,66673,0.20153700025904497
47804,66904,0.20158380112269447
47804,66952,0.21192118226600984
47804,2187,0.23166666666666666
47804,2313,0.211099335196069
47804,2314,0.20511807133682441
47804,46580,0.19709388971684053
6383,6496,0.303795029859372
6383,6498,0.24159220146222582
6383,6499,0.23613021549747823
6383,6503,0.1734647112740605
6383,6504,0.21443471005423445
6383,6505,0.2809232590254488
6383,6518,0.20186839967506093
6383,6525,0.2757346146738126
6383,6549,0.2966261346120911
6383,6649,0.21801385681293303
6383,77182,0.2714410480349345
6383,7939,0.10629183400267737
6383,20977,0.12831310378994304
6383,24212,0.08520648196549922
6383,24213,0.08527734577501296
6383,24214,0.16493017069385946
6383,6651,0.17194668997159712
6383,74008,0.19198955158902917
6383,8889,0.19013062409288825
6383,8895,0.19158380681818182
6383,8915,0.16231684981684982
6383,8916,0.1466122818944029
6383,8917,0.08184599694033656
6383,8919,0.18735148967282034
6383,8921,0.1882032667876588
6383,8922,0.18169642857142856
6383,8923,0.16131206470456078
6383,8925,0.17793676436648972
6383,8926,0.19427276473011948
6383,8927,0.18054410552349548
6383,30165,0.19662526365127725
6383,64417,0.19712793733681463
6383,64482,0.1912638322655795
6383,64718,0.17984757002870436
6383,64869,0.16834005817772357
6383,65089,0.17236507487990957
6383,65212,0.18028249665966786
6383,65346,0.1932367149758454
6383,65648,0.20929349202329703
6383,66437,0.18450487429451
6383,66673,0.18671321273669733
6383,66904,0.18570516911295468
6383,66952,0.20125078173858663
6383,2187,0.22473726758286175
6383,2313,0.21439114391143912
6383,2314,0.20390318083893041
6383,46580,0.19648397104446744
6496,6498,0.2459623149394347
6496,6499,0.24103050418839891
6496,6503,0.185391895171075
6496,6504,0.2223194748358862
6496,6505,0.3038132944363409
6496,6518,0.19772344013490725
6496,6525,0.2706308366685725
6496,6549,0.2868421052631579
6496,6649,0.21896927171546093
6496,77182,0.2866276945560833
6496,7939,0.12244309997118986
6496,20977,0.12856022994512672
6496,24212,0.09020044543429843
6496,24213,0.09234171965717446
6496,24214,0.15778546712802768
6496,6651,0.17024189867640346
6496,74008,0.19003579952267302
6496,8889,0.19444908878114028
6496,8895,0.19310853141698914
6496,8915,0.16734989148782253
6496,8916,0.15489585827148672
6496,8917,0.09034013605442177
6496,8919,0.189209726443769
6496,8921,0.19571807502841987
6496,8922,0.18676677616142656
6496,8923,0.17284831193533048
6496,8925,0.18414011189491608
6496,8926,0.20315880571181308
6496,8927,0.1826012058570198
6496,30165,0.19045346062052507
6496,64417,0.1951165371809101
6496,64482,0.18376777251184834
6496,64718,0.17050691244239632
6496,64869,0.16112167300380228
6496,65089,0.16561664757541047
6496,65212,0.17083293118424864
6496,65346,0.1869084122117051
6496,65648,0.20147039855539792
6496,66437,0.172438822065533
6496,66673,0.17946514874879174
6496,66904,0.18445839874411302
6496,66952,0.18883248730964466
6496,2187,0.22739109848484848
6496,2313,0.2014711382620621
6496,2314,0.19720858102868957
6496,46580,0.20438218390804597
6498,6499,0.3195221533343415
6498,6503,0.20556834833577559
6498,6504,0.23944742900997698
6498,6505,0.2627944041083761
6498,6518,0.19547775346462437
6498,6525,0.24336356141797197
6498,6549,0.25962866349547337
6498,6649,0.17278317794088474
6498,77182,0.23799843627834247
6498,7939,0.08507734303912648
6498,20977,0.12329656067488644
6498,24212,0.08175248419150859
6498,24213,0.08183856502242152
6498,24214,0.16924603174603176
6498,6651,0.1692967075784142
6498,74008,0.1979970226011639
6498,8889,0.1931547619047619
6498,8895,0.19807629605477667
6498,8915,0.15758557828640876
6498,8916,0.1444065073307893
6498,8917,0.08298202795651209
6498,8919,0.19377510040160642
6498,8921,0.19253112033195022
6498,8922,0.1751188589540412
6498,8923,0.15700338712891015
6498,8925,0.1590633831247477
6498,8926,0.18902439024390244
6498,8927,0.1804190617467087
6498,30165,0.2208844379430629
6498,64417,0.2220006297890207
6498,64482,0.22339826596104043
6498,64718,0.20982658959537573
6498,64869,0.19185940630122017
6498,65089,0.19716376944190303
6498,65212,0.19983393301965127
6498,65346,0.21604477611940298
6498,65648,0.23249062537800896
6498,66437,0.1943327777233062
6498,66673,0.19963573813619345
6498,66904,0.21102707977555502
6498,66952,0.22292537313432836
6498,2187,0.21941431670281997
6498,2313,0.2209315832268556
6498,2314,0.22736077481840195
6498,46580,0.2182577949212472
6499,6503,0.18665136737425894
6499,6504,0.2246852278772832
6499,6505,0.25136251032204787
6499,6518,0.19345491733424236
6499,6525,0.2411810411810412
6499,6549,0.25343953656770457
6499,6649,0.16553620531622365
6499,77182,0.2360331067100207
6499,7939,0.07880041365046536
6499,20977,0.11332675222112537
6499,24212,0.07736625514403292
6499,24213,0.0715592600121976
6499,24214,0.15149863760217983
6499,6651,0.15742236582301203
6499,74008,0.19098245164595876
6499,8889,0.18893102963899425
6499,8895,0.1900763358778626
6499,8915,0.14452907300761658
6499,8916,0.13756711720051842
6499,8917,0.07943262411347518
6499,8919,0.18418997031713794
6499,8921,0.18530599565082323
6499,8922,0.1602692377660542
6499,8923,0.14691856199559794
6499,8925,0.15082759903291798
6499,8926,0.17283108914266235
6499,8927,0.16723783413296778
6499,30165,0.22489698546952938
6499,64417,0.22187405236025473
6499,64482,0.2220181503889369
6499,64718,0.21080074487895717
6499,64869,0.1966227566086111
6499,65089,0.19902525476295968
6499,65212,0.20044622936189202
6499,65346,0.2111124274375074
6499,65648,0.22664359861591696
6499,66437,0.19823495919529321
6499,66673,0.19832456653029418
6499,66904,0.2037595729867719
6499,66952,0.21939532230462064
6499,2187,0.22641905361452103
6499,2313,0.22342563644484145
6499,2314,0.22585128561501042
6499,46580,0.21147169811320754
6503,6504,0.2876757110166721
6503,6505,0.22151563328033916
6503,6518,0.18746321365509122
6503,6525,0.20702091849002163
6503,6549,0.18896321070234115
6503,6649,0.16010947656517277
6503,77182,0.1667027027027027
6503,7939,0.11723795330352707
6503,20977,0.1597222222222222
6503,24212,0.12438057482656095
6503,24213,0.1255495847581827
6503,24214,0.1898376852505293
6503,6651,0.17482281471481606
6503,74008,0.14072072072072073
6503,8889,0.14807852965747703
6503,8895,0.1729834791059281
6503,8915,0.17383314957736126
6503,8916,0.16587155963302752
6503,8917,0.13734939759036144
6503,8919,0.176185619581846
6503,8921,0.16483516483516483
6503,8922,0.17823834196891192
6503,8923,0.17609162491052255
6503,8925,0.17511856986501276
6503,8926,0.1885818402672335
6503,8927,0.1827130113811135
6503,30165,0.13613422452598553
6503,64417,0.12939574046557703
6503,64482,0.1442676906198574
6503,64718,0.12547656425207446
6503,64869,0.11335861778339655
6503,65089,0.11364115538688593
6503,65212,0.11638803109360026
6503,65346,0.14955640050697086
6503,65648,0.15152425289082444
6503,66437,0.11935110081112399
6503,66673,0.12213006370958047
6503,66904,0.14464534075104313
6503,66952,0.14895833333333333
6503,2187,0.12512899896800825
6503,2313,0.13996290483663862
6503,2314,0.1511258878645912
6503,46580,0.19203581526861452
6504,6505,0.26905615292712065
6504,6518,0.2093973442288049
6504,6525,0.24749236807675534
6504,6549,0.22700211254081046
6504,6649,0.18061165608770918
6504,77182,0.2114047287899861
6504,7939,0.1178476695718075
6504,20977,0.14610941216445802
6504,24212,0.11780203236733158
6504,24213,0.11378799110452187
6504,24214,0.18850306390428948
6504,6651,0.18302687411598303
6504,74008,0.17317317317317318
6504,8889,0.17319704713231118
6504,8895,0.1928802588996764
6504,8915,0.16756594724220625
6504,8916,0.1545102709139625
6504,8917,0.11593146190302589
6504,8919,0.19523166891587945
6504,8921,0.1856353591160221
6504,8922,0.18228867165037377
6504,8923,0.16578947368421051
6504,8925,0.1760119940029985
6504,8926,0.20307612095933264
6504,8927,0.18974090552211462
6504,30165,0.1710543379587602
6504,64417,0.1684511063526053
6504,64482,0.1783480979676915
6504,64718,0.16793561018055253
6504,64869,0.15025007655404715
6504,65089,0.1539643515673018
6504,65212,0.15822719270995134
6504,65346,0.1869033412887828
6504,65648,0.19831042382588773
6504,66437,0.1581712497205455
6504,66673,0.1606337458077946
6504,66904,0.18416824886811742
6504,66952,0.19072529336915028
6504,2187,0.16809222759390108
6504,2313,0.19595431402229255
6504,2314,0.20725689404934688
6504,46580,0.2226703459987264
6505,6518,0.20934913889510176
6505,6525,0.2853408405389101
6505,6549,0.2796809860431394
6505,6649,0.20277777777777778
6505,77182,0.2769811320754717
6505,7939,0.11346863468634687
6505,20977,0.13531723750701852
6505,24212,0.1
6505,24213,0.09372210651591788
6505,24214,0.17425742574257425
6505,6651,0.17734109655507035
6505,74008,0.18672007394854415
6505,8889,0.1906742936384122
6505,8895,0.20271580989330748
6505,8915,0.17227214377406933
6505,8916,0.16016322366743177
6505,8917,0.10348905972797161
6505,8919,0.19939879759519039
6505,8921,0.19714399047996828
6505,8922,0.18980099502487563
6505,8923,0.17211877201811776
6505,8925,0.18132716049382716
6505,8926,0.19863945578231293
6505,8927,0.19136789221283398
6505,30165,0.19824604743083005
6505,64417,0.19551099464509514
6505,64482,0.19375844698365893
6505,64718,0.17715641766405282
6505,64869,0.1614785992217899
6505,65089,0.16733496332518338
6505,65212,0.1688849452824608
6505,65346,0.19089026915113871
6505,65648,0.2114714553738944
6505,66437,0.17162276975361088
6505,66673,0.1778877887788779
6505,66904,0.18972760536658084
6505,66952,0.1969198367776754
6505,2187,0.22026112185686653
6505,2313,0.20535599330500837
6505,2314,0.206091506775795
6505,46580,0.22285605628446473
6518,6525,0.23950564670786278
6518,6549,0.21669793621013134
6518,6649,0.19691340382966563
6518,77182,0.19879984514130855
6518,7939,0.11289733284618195
6518,20977,0.15134417524062396
6518,24212,0.10966340933767643
6518,24213,0.11107130060910068
6518,24214,0.18774928774928776
6518,6651,0.18176795580110497
6518,74008,0.17025119028074207
6518,8889,0.16232686980609418
6518,8895,0.1750574472529768
6518,8915,0.1666179479684303
6518,8916,0.1569141193595342
6518,8917,0.10733076113644335
6518,8919,0.18096485483518882
6518,8921,0.17846353042727664
6518,8922,0.1685642876978617
6518,8923,0.16757220474692594
6518,8925,0.172454041435658
6518,8926,0.1851572327044025
6518,8927,0.176083101089435
6518,30165,0.16165987780040733
6518,64417,0.15837421163279608
6518,64482,0.16297709923664122
6518,64718,0.14572758037225042
6518,64869,0.13843534007813282
6518,65089,0.13929001203369434
6518,65212,0.14133953864832052
6518,65346,0.1718568102444703
6518,65648,0.1701686480508709
6518,66437,0.14785949506037321
6518,66673,0.14836223506743737
6518,66904,0.1651754012214174
6518,66952,0.16989424529597583
6518,2187,0.15061041943672188
6518,2313,0.1531496062992126
6518,2314,0.15767749036873968
6518,46580,0.17237237237237238
6525,6549,0.32212389380530976
6525,6649,0.20078922934076138
6525,77182,0.2500870776732846
6525,7939,0.10408107367844426
6525,20977,0.13535559520774917
6525,24212,0.09338731443994602
6525,24213,0.09397590361445783
6525,24214,0.17483473900159563
6525,6651,0.17978031831427932
6525,74008,0.19678418645817966
6525,8889,0.18937908496732025
6525,8895,0.19876677548059485
6525,8915,0.16561255563363786
6525,8916,0.14977973568281938
6525,8917,0.09576719576719576
6525,8919,0.19778984828619592
6525,8921,0.20126723816623182
6525,8922,0.18210789893011609
6525,8923,0.1709796672828096
6525,8925,0.17939651107967938
6525,8926,0.2055026455026455
6525,8927,0.19241364695910151
6525,30165,0.19969150450878026
6525,64417,0.2005064963664391
6525,64482,0.2004742145820984
6525,64718,0.18927349567317367
6525,64869,0.17217160212604404
6525,65089,0.17715484363081618
6525,65212,0.18146792525524946
6525,65346,0.2060314918601548
6525,65648,0.2163727635474321
6525,66437,0.18484001242621934
6525,66673,0.192171581769437
6525,66904,0.19757591554802553
6525,66952,0.21134480560866795
6525,2187,0.20610862326329085
6525,2313,0.21000495294700347
6525,2314,0.21261772674493615
6525,46580,0.20313049595497715
6549,6649,0.1898553676919943
6549,77182,0.26161762341212413
6549,7939,0.08899188876013905
6549,20977,0.12201533406352684
6549,24212,0.08308469130135414
6549,24213,0.08316245158350422
6549,24214,0.1644
6549,6651,0.1679795194958645
6549,74008,0.2045267489711934
6549,8889,0.1930641044888155
6549,8895,0.19703947368421051
6549,8915,0.15513712648383135
6549,8916,0.14114784019468668
6549,8917,0.08431018935978359
6549,8919,0.19691577698695137
6549,8921,0.19563025210084034
6549,8922,0.17998792027380714
6549,8923,0.15902202465144474
6549,8925,0.1799833541406575
6549,8926,0.19894498869630747
6549,8927,0.181493993993994
6549,30165,0.21576810286487705
6549,64417,0.21314741035856574
6549,64482,0.2136271643804812
6549,64718,0.19963493130944376
6549,64869,0.18658280922431866
6549,65089,0.19023230290835924
6549,65212,0.19626341102478728
6549,65346,0.20751430704155263
6549,65648,0.22597843208530233
6549,66437,0.19475138121546962
6549,66673,0.20218300520248902
6549,66904,0.2047176729406013
6549,66952,0.21822972811115104
6549,2187,0.2192513368983957
6549,2313,0.21962616822429906
6549,2314,0.2220199077445982
6549,46580,0.20067157019507514
6649,77182,0.19693701466781707
6649,7939,0.14653937947494033
6649,20977,0.14744110479285133
6649,24212,0.10846681922196796
6649,24213,0.12243033348560987
6649,24214,0.1660602050942772
6649,6651,0.17833981841763943
6649,74008,0.15025722902252972
6649,8889,0.15683865683865683
6649,8895,0.1662374151252634
6649,8915,0.18226774991169198
6649,8916,0.15785813630041726
6649,8917,0.10802469135802469
6649,8919,0.16045775505234966
6649,8921,0.17059538274605104
6649,8922,0.1872085276482345
6649,8923,0.18914246196403872
6649,8925,0.18178633975481612
6649,8926,0.18226744186046512
6649,8927,0.17071742313323574
6649,30165,0.1339572192513369
6649,64417,0.1313895327558863
6649,64482,0.13368912608405603
6649,64718,0.11512365944407967
6649,64869,0.10891601158460902
6649,65089,0.11172199170124482
6649,65212,0.11347220768345022
6649,65346,0.1370472682627379
6649,65648,0.13942307692307693
6649,66437,0.11982197877439234
6649,66673,0.12177819815559233
6649,66904,0.13122849019901242
6649,66952,0.13067202757036187
6649,2187,0.1456047502258939
6649,2313,0.132702740297677
6649,2314,0.12706701479547433
6649,46580,0.1533525116176145
77182,7939,0.09845463609172482
77182,20977,0.12508735150244585
77182,24212,0.08664702994599902
77182,24213,0.0816969696969697
77182,24214,0.1654373024236038
77182,6651,0.17161853313941408
77182,74008,0.19597069597069597
77182,8889,0.20532199653597857
77182,8895,0.19174343227567384
77182,8915,0.15819086777753733
77182,8916,0.1416648833725658
77182,8917,0.0813786500718047
77182,8919,0.18002788428023703
77182,8921,0.18953792502179598
77182,8922,0.16481907550721606
77182,8923,0.16052014495843103
77182,8925,0.17036553524804177
77182,8926,0.1903548323858067
77182,8927,0.17752059631227932
77182,30165,0.18873271367036953
77182,64417,0.19518914909399174
77182,64482,0.1983112733911456
77182,64718,0.1797426719551127
77182,64869,0.17604657610202384
77182,65089,0.1803674151048432
77182,65212,0.18392957482674657
77182,65346,0.2024524204879295
77182,65648,0.21353587748548844
77182,66437,0.18595082789764175
77182,66673,0.18790697674418605
77182,66904,0.19100983688208192
77182,66952,0.2028491416047729
77182,2187,0.22937853107344633
77182,2313,0.18926520567209656
77182,2314,0.18758352569554124
77182,46580,0.19605568445475638
7939,20977,0.13333333333333333
7939,24212,0.11595466434176112
7939,24213,0.11064189189189189
7939,24214,0.10273021749190189
7939,6651,0.12
7939,74008,0.06456755679553607
7939,8889,0.07615182621150633
7939,8895,0.09155530281489906
7939,8915,0.13484302624806999
7939,8916,0.10897110998479473
7939,8917,0.11918367346938775
7939,8919,0.09123757904245709
7939,8921,0.09472743521000894
7939,8922,0.12808570097810898
7939,8923,0.12212994626282364
7939,8925,0.1324200913242009
7939,8926,0.11090011393847322
7939,8927,0.11301636788776305
7939,30165,0.053689348262991675
7939,64417,0.0513251454427925
7939,64482,0.05432912844036697
7939,64718,0.04576976421636616
7939,64869,0.0430095818815331
7939,65089,0.04348299912816042
7939,65212,0.046511627906976744
7939,65346,0.05897262588712403
7939,65648,0.05898208339939749
7939,66437,0.049757869249394675
7939,66673,0.051663306451612906
7939,66904,0.05750535508320975
7939,66952,0.05649717514124294
7939,2187,0.06164195496979682
7939,2313,0.06075757575757576
7939,2314,0.05963229416466827
7939,46580,0.07986203236932873
20977,24212,0.2313810556760665
20977,24213,0.2213633169360506
20977,24214,0.2290845378887429
20977,6651,0.21711899791231734
20977,74008,0.12575668814684632
20977,8889,0.1401156069364162
20977,8895,0.17539988968560397
20977,8915,0.2066115702479339
20977,8916,0.19006381039197812
20977,8917,0.1694915254237288
20977,8919,0.1693152268130598
20977,8921,0.17219679633867277
20977,8922,0.21633176571184268
20977,8923,0.20567375886524822
20977,8925,0.21454711802378773
20977,8926,0.19957004657828736
20977,8927,0.20729013254786452
20977,30165,0.09770927601809955
20977,64417,0.0928717424629535
20977,64482,0.09750246931000424
20977,64718,0.08091759872175303
20977,64869,0.07710531983631273
20977,65089,0.07888205460235244
20977,65212,0.07921653971708378
20977,65346,0.10596792858323689
20977,65648,0.10365190365190365
20977,66437,0.08094615476048972
20977,66673,0.08433287993075306
20977,66904,0.1037431429493385
20977,66952,0.10127751269816838
20977,2187,0.08399787347155768
20977,2313,0.08952157323158204
20977,2314,0.09283942963422194
20977,46580,0.12550100200400802
24212,24213,0.2292817679558011
24212,24214,0.1773640372366487
24212,6651,0.1602771362586605
24212,74008,0.08652482269503546
24212,8889,0.09345568703211785
24212,8895,0.11274509803921569
24212,8915,0.1649214659685864
24212,8916,0.14760914760914762
24212,8917,0.16110183639398998
24212,8919,0.11539638812366085
24212,8921,0.11698911729141476
24212,8922,0.16175071360608945
24212,8923,0.1550348953140578
24212,8925,0.14489069649211997
24212,8926,0.14235841737781227
24212,8927,0.14399363564041368
24212,30165,0.06373753432576962
24212,64417,0.05938921377517869
24212,64482,0.06298645142692419
24212,64718,0.053071652537452094
24212,64869,0.05067863397548161
24212,65089,0.049781181619256015
24212,65212,0.05172985520061899
24212,65346,0.07231792597646257
24212,65648,0.0672295682650948
24212,66437,0.05447706867265227
24212,66673,0.05711397523376295
24212,66904,0.06996842280206082
24212,66952,0.06734113183686374
24212,2187,0.05382628788908522
24212,2313,0.06105485869729484
24212,2314,0.06215050327528359
24212,46580,0.0915398985855351
24213,24214,0.18005808325266215
24213,6651,0.1598360655737705
24213,74008,0.08373493975903615
24213,8889,0.09188801148600144
24213,8895,0.10876993166287016
24213,8915,0.15660184237461616
24213,8916,0.14907786885245902
24213,8917,0.14907332796132153
24213,8919,0.11586290567182286
24213,8921,0.11409796893667862
24213,8922,0.1537028411737308
24213,8923,0.14119359534206696
24213,8925,0.14751630707476165
24213,8926,0.13870844478410393
24213,8927,0.13933463796477494
24213,30165,0.06663781912591951
24213,64417,0.06283266259898741
24213,64482,0.06710829493087557
24213,64718,0.056277558598282665
24213,64869,0.053011258060990274
24213,65089,0.05257405180894087
24213,65212,0.05396755325019314
24213,65346,0.07480448826929616
24213,65648,0.07212227352332432
24213,66437,0.05692829457364341
24213,66673,0.06019687026754165
24213,66904,0.0740003318400531
24213,66952,0.07253476611883691
24213,2187,0.05499864535356272
24213,2313,0.06489586477512828
24213,2314,0.0672309166400511
24213,46580,0.09358430540827148
24214,6651,0.22833843017329256
24214,74008,0.17952928297755885
24214,8889,0.18099832214765102
24214,8895,0.2046613255644574
24214,8915,0.21904761904761905
24214,8916,0.2057538237436271
24214,8917,0.1456132292145154
24214,8919,0.21066054577913798
24214,8921,0.20280772123339183
24214,8922,0.21238030095759233
24214,8923,0.20720084715848924
24214,8925,0.2138205499276411
24214,8926,0.22815533980582525
24214,8927,0.21459096459096458
24214,30165,0.14690337444098117
24214,64417,0.13600098195654842
24214,64482,0.14940347071583515
24214,64718,0.12560867640548914
24214,64869,0.11351576318801374
24214,65089,0.11868660462198055
24214,65212,0.1185083745918045
24214,65346,0.15885212482358477
24214,65648,0.15773853687490724
24214,66437,0.12097974132997596
24214,66673,0.12525252525252525
24214,66904,0.14936747447035512
24214,66952,0.15446796002351557
24214,2187,0.11634942644648935
24214,2313,0.1247404125709539
24214,2314,0.13087248322147652
24214,46580,0.16070630308448816
6651,74008,0.18471796720129754
6651,8889,0.19409194924069065
6651,8895,0.24076339613408368
6651,8915,0.2520947176684882
6651,8916,0.21621621621621623
6651,8917,0.13371080139372823
6651,8919,0.21521521521521522
6651,8921,0.233844606487302
6651,8922,0.253516295025729
6651,8923,0.23477956613016096
6651,8925,0.23405771286070537
6651,8926,0.25135460565924145
6651,8927,0.2459615970740628
6651,30165,0.157752566180443
6651,64417,0.14923907707412862
6651,64482,0.15572005383580081
6651,64718,0.13228329111135587
6651,64869,0.12661525635681534
6651,65089,0.1296122086338455
6651,65212,0.1290390485212083
6651,65346,0.16389880490454758
6651,65648,0.16116248348745046
6651,66437,0.13514442916093536
6651,66673,0.1368545994065282
6651,66904,0.16049757281553398
6651,66952,0.15671750181554103
6651,2187,0.13223036120232382
6651,2313,0.139831095112834
6651,2314,0.13436282291817
6651,46580,0.16707021791767554
74008,8889,0.21757618710134657
74008,8895,0.22806201550387598
74008,8915,0.17712038944017974
74008,8916,0.16477800483002045
74008,8917,0.08842315369261478
74008,8919,0.21795479690216532
74008,8921,0.22620929497312678
74008,8922,0.18903107861060328
74008,8923,0.18085894113291373
74008,8925,0.1784247853676745
74008,8926,0.21776155717761558
74008,8927,0.20576989920055613
74008,30165,0.22606268784886216
74008,64417,0.22274501952147363
74008,64482,0.22177117829291743
74008,64718,0.1991962736322952
74008,64869,0.20086146272855135
74008,65089,0.20485222761358624
74008,65212,0.20502352001420077
74008,65346,0.22415424651052757
74008,65648,0.22478943774186205
74008,66437,0.20550146516683995
74008,66673,0.2048473097430926
74008,66904,0.21093299504094107
74008,66952,0.2193031908896155
74008,2187,0.1849363153144118
74008,2313,0.18370180497703728
74008,2314,0.18120657328774678
74008,46580,0.17514775839700158
8889,8895,0.2158174644021273
8889,8915,0.18106995884773663
8889,8916,0.16352739726027396
8889,8917,0.09950011901928113
8889,8919,0.2145634499823259
8889,8921,0.21798029556650247
8889,8922,0.19167717528373265
8889,8923,0.18381725021349274
8889,8925,0.18717504332755633
8889,8926,0.21157998037291462
8889,8927,0.20275862068965517
8889,30165,0.18460505705974492
8889,64417,0.18603439291297552
8889,64482,0.185620038018562
8889,64718,0.16571861964353432
8889,64869,0.16323569420513284
8889,65089,0.16625738972260118
8889,65212,0.16555382786060552
8889,65346,0.19280431239814466
8889,65648,0.19530403371462973
8889,66437,0.16727059053961413
8889,66673,0.17016552280985062
8889,66904,0.18484922775189996
8889,66952,0.18456973293768547
8889,2187,0.17796610169491525
8889,2313,0.1670462309268959
8889,2314,0.16188235294117648
8889,46580,0.17861169270413915
8895,8915,0.2148298628745556
8895,8916,0.19503634996239658
8895,8917,0.11298957452803607
8895,8919,0.24783745725206197
8895,8921,0.26573568103622747
8895,8922,0.23390081421169504
8895,8923,0.22205513784461153
8895,8925,0.21122860020140988
8895,8926,0.25318761384335153
8895,8927,0.2627788104089219
8895,30165,0.206984667802385
8895,64417,0.2021324354657688
8895,64482,0.2004833836858006
8895,64718,0.18389166072701355
8895,64869,0.1815354713313897
8895,65089,0.18022917071275976
8895,65212,0.18002345582486318
8895,65346,0.20880021863897238
8895,65648,0.21384554870853548
8895,66437,0.18209519806661764
8895,66673,0.1831275720164609
8895,66904,0.20441767068273092
8895,66952,0.2032825019384854
8895,2187,0.17075386012715713
8895,2313,0.18184061189242537
8895,2314,0.1775163064330477
8895,46580,0.1967242620590353
8915,8916,0.23443656422379827
8915,8917,0.158
8915,8919,0.21580627993613624
8915,8921,0.2148303970549566
8915,8922,0.2530703386676591
8915,8923,0.24071947952544967
8915,8925,0.24344422700587084
8915,8926,0.23484365028717294
8915,8927,0.23049530592424733
8915,30165,0.13353399917909425
8915,64417,0.13080852124081227
8915,64482,0.14057990930328432
8915,64718,0.11367435640254096
8915,64869,0.11118150142540387
8915,65089,0.11169819296206276
8915,65212,0.1098118422451366
8915,65346,0.1485905398948877
8915,65648,0.14285714285714285
8915,66437,0.11515713788704628
8915,66673,0.11670673076923077
8915,66904,0.13837353123067409
8915,66952,0.13952797981297313
8915,2187,0.12147841819591626
8915,2313,0.12438092542804585
8915,2314,0.11910743313137284
8915,46580,0.16034243405830634
8916,8917,0.1875
8916,8919,0.19884119041348433
8916,8921,0.19745057232049948
8916,8922,0.23479542941393292
8916,8923,0.2239089184060721
8916,8925,0.22007722007722008
8916,8926,0.2223984771573604
8916,8927,0.21010553245922609
8916,30165,0.1276595744680851
8916,64417,0.12309408702119747
8916,64482,0.128320392317123
8916,64718,0.10561897373379142
8916,64869,0.10309711286089239
8916,65089,0.10534624289623237
8916,65212,0.10214655810510732
8916,65346,0.14043430020605485
8916,65648,0.13199404761904762
8916,66437,0.10791782086795937
8916,66673,0.11079171158222542
8916,66904,0.1308497536945813
8916,66952,0.12912735849056603
8916,2187,0.10443764345830145
8916,2313,0.11346720966156439
8916,2314,0.10856807511737089
8916,46580,0.13746017296313154
8917,8919,0.12432269717037929
8917,8921,0.11846381093057608
8917,8922,0.1534608378870674
8917,8923,0.14666666666666667
8917,8925,0.16047548291233285
8917,8926,0.14522821576763487
8917,8927,0.13896353166986564
8917,30165,0.06412453584690088
8917,64417,0.062242268041237114
8917,64482,0.0680972818311874
8917,64718,0.054091379905627804
8917,64869,0.051204165762638316
8917,65089,0.051911381407471764
8917,65212,0.052943110818809605
8917,65346,0.07319535588086824
8917,65648,0.0706401766004415
8917,66437,0.05476819601249099
8917,66673,0.05897821187077385
8917,66904,0.07173342087984241
8917,66952,0.06955298530790872
8917,2187,0.05572005383580081
8917,2313,0.062285287528005974
8917,2314,0.06243102632823585
8917,46580,0.09107515657620041
8919,8921,0.2423369677021189
8919,8922,0.23128376640082327
8919,8923,0.2072002072002072
8919,8925,0.21490880253766853
8919,8926,0.2521306818181818
8919,8927,0.22823529411764706
8919,30165,0.19360393603936038
8919,64417,0.18344796482128764
8919,64482,0.1898873653281097
8919,64718,0.16782644289807613
8919,64869,0.16143148886511718
8919,65089,0.16228582554517135
8919,65212,0.16413075488367526
8919,65346,0.19410625345877144
8919,65648,0.20108912206136273
8919,66437,0.1668605265940573
8919,66673,0.16666666666666666
8919,66904,0.18627583412130216
8919,66952,0.19198008124754293
8919,2187,0.15552758068207828
8919,2313,0.16567089868060741
8919,2314,0.16310955891863924
8919,46580,0.18250321632052932
8921,8922,0.25930747201249676
8921,8923,0.22964509394572025
8921,8925,0.21585557299843014
8921,8926,0.25
8921,8927,0.24286724829049752
8921,30165,0.19781434184675836
8921,64417,0.19269478683704624
8921,64482,0.19393865330563362
8921,64718,0.16993263931414573
8921,64869,0.1685502727981294
8921,65089,0.16781922664848545
8921,65212,0.16925191439230317
8921,65346,0.19834368530020705
8921,65648,0.20450331125827814
8921,66437,0.1741156534632493
8921,66673,0.17812568425662362
8921,66904,0.1909127679654847
8921,66952,0.19537375849451125
8921,2187,0.16389494208051383
8921,2313,0.1726027397260274
8921,2314,0.16623678101624967
8921,46580,0.18339416058394162
8922,8923,0.2411194833153929
8922,8925,0.25843529847979235
8922,8926,0.2559926244622004
8922,8927,0.24705152079453754
8922,30165,0.1531262715312627
8922,64417,0.14698259903739355
8922,64482,0.1492376197544191
8922,64718,0.12420171768332966
8922,64869,0.1185046339685515
8922,65089,0.12100647316767592
8922,65212,0.1223802001053186
8922,65346,0.15806703039750586
8922,65648,0.1599112426035503
8922,66437,0.12351462522851919
8922,66673,0.1305588585017836
8922,66904,0.14813692820357469
8922,66952,0.15039347129116876
8922,2187,0.13268814465809245
8922,2313,0.13817624093697714
8922,2314,0.13325574629036951
8922,46580,0.16968477531857815
8923,8925,0.24249334853667806
8923,8926,0.2365792759051186
8923,8927,0.23079355042681
8923,30165,0.14283765347885402
8923,64417,0.13590188305252726
8923,64482,0.14145810663764963
8923,64718,0.11424152027400288
8923,64869,0.11313830344972213
8923,65089,0.11388684790595151
8923,65212,0.1120261851969169
8923,65346,0.15023622047244095
8923,65648,0.14023939707403577
8923,66437,0.11701760441836383
8923,66673,0.12290569650550502
8923,66904,0.1392114914425428
8923,66952,0.13631709814246015
8923,2187,0.12378267555099949
8923,2313,0.12356723511322337
8923,2314,0.11750984108470623
8923,46580,0.15386353366470853
8925,8926,0.24823830877642536
8925,8927,0.23324742268041238
8925,30165,0.1355191256830601
8925,64417,0.1279890967662
8925,64482,0.1357064920894708
8925,64718,0.11531611754229741
8925,64869,0.10888071466106149
8925,65089,0.11138040042149631
8925,65212,0.10808807961041711
8925,65346,0.14450592885375493
8925,65648,0.14108873974645786
8925,66437,0.11479768786127167
8925,66673,0.11820472818912757
8925,66904,0.1386748844375963
8925,66952,0.13762551683402244
8925,2187,0.1262776555828697
8925,2313,0.12279960568933954
8925,2314,0.12475950865768833
8925,46580,0.15908045977011495
8926,8927,0.2547876769358868
8926,30165,0.17604806059814548
8926,64417,0.17132950741272118
8926,64482,0.17340965266033564
8926,64718,0.154045028546806
8926,64869,0.14934069303894512
8926,65089,0.15258408531583265
8926,65212,0.14897559971172655
8926,65346,0.18618214445939885
8926,65648,0.18826545143833665
8926,66437,0.15913423797241225
8926,66673,0.1570735090152566
8926,66904,0.17965557501459428
8926,66952,0.18151118615449557
8926,2187,0.15228052967140757
8926,2313,0.16415905427189684
8926,2314,0.1611593391206945
8926,46580,0.18565226379987596
8927,30165,0.16948043449810235
8927,64417,0.1639148121560182
8927,64482,0.1659502409795493
8927,64718,0.14822006472491908
8927,64869,0.14380757420675538
8927,65089,0.14586111396040619
8927,65212,0.14363786347700558
8927,65346,0.17974493623405852
8927,65648,0.18028811867066039
8927,66437,0.14753548675533698
8927,66673,0.15149409312022238
8927,66904,0.17352467418362863
8927,66952,0.17114329911404866
8927,2187,0.14325980392156862
8927,2313,0.15488984416980117
8927,2314,0.1531127313516545
8927,46580,0.18585182084554205
30165,64417,0.4246190858059342
30165,64482,0.30741533670688986
30165,64718,0.28062304241090325
30165,64869,0.2844721515872365
30165,65089,0.2831967213114754
30165,65212,0.2783158240315167
30165,65346,0.284139365574623
30165,65648,0.2967781278585222
30165,66437,0.2721862871927555
30165,66673,0.2676625659050967
30165,66904,0.2687036849050858
30165,66952,0.27851511825167147
30165,2187,0.21668281511494758
30165,2313,0.23487208533937506
30165,2314,0.2275888717156105
30165,46580,0.1885245901639344
64417,64482,0.33236561153774113
64417,64718,0.3050250020493483
64417,64869,0.3084387178875368
64417,65089,0.30999601752289924
64417,65212,0.3038317533657293
64417,65346,0.2891483516483517
64417,65648,0.30738060781476123
64417,66437,0.2849702380952381
64417,66673,0.28173166006906425
64417,66904,0.27518710420264825
64417,66952,0.29057964140024667
64417,2187,0.23311381290104694
64417,2313,0.2414317673378076
64417,2314,0.2325390304026294
64417,46580,0.18779852366478506
64482,64718,0.28135048231511256
64482,64869,0.2829663583531145
64482,65089,0.2879099202761568
64482,65212,0.2762996316004912
64482,65346,0.3007154882154882
64482,65648,0.2935696202531646
64482,66437,0.26475374732334045
64482,66673,0.2586943258084198
64482,66904,0.27138792928266614
64482,66952,0.2778441920701335
64482,2187,0.21918532886616118
64482,2313,0.217213495678037
64482,2314,0.2133320617966813
64482,46580,0.1845938701783009
64718,64869,0.3036330881249062
64718,65089,0.3239039268013725
64718,65212,0.32375919117647056
64718,65346,0.26999186771482786
64718,65648,0.3100606719188626
64718,66437,0.3018270979988927
64718,66673,0.2926848810191491
64718,66904,0.2785527855278553
64718,66952,0.3059902860226659
64718,2187,0.21495107632093932
64718,2313,0.24580911464914498
64718,2314,0.24383088869715272
64718,46580,0.18639319659829914
64869,65089,0.32597258243794
64869,65212,0.3123618682775895
64869,65346,0.2690099182182008
64869,65648,0.2844052410721932
64869,66437,0.3008192328305643
64869,66673,0.29406740177046126
64869,66904,0.27240545674322225
64869,66952,0.2725966009977171
64869,2187,0.2093724101559557
64869,2313,0.23032444587214906
64869,2314,0.22416052416052415
64869,46580,0.17475820216195714
65089,65212,0.32082468110353013
65089,65346,0.27755388119852814
65089,65648,0.30099783080260306
65089,66437,0.30903205918618987
65089,66673,0.3021492770613521
65089,66904,0.2720600932481437
65089,66952,0.2851896139391869
65089,2187,0.21098702082704499
65089,2313,0.2312886888013506
65089,2314,0.2292694965449161
65089,46580,0.1752704498007212
65212,65346,0.27322212467076384
65212,65648,0.29958173579644476
65212,66437,0.3122719863385857
65212,66673,0.3086819258089976
65212,66904,0.28074469014946246
65212,66952,0.291260460702269
65212,2187,0.2133738601823708
65212,2313,0.24599280340202814
65212,2314,0.2412727576415567
65212,46580,0.18351447532942194
65346,65648,0.31038349405696347
65346,66437,0.2724904642292306
65346,66673,0.2677299914554258
65346,66904,0.28921236741141954
65346,66952,0.2932687011127024
65346,2187,0.20324896108802418
65346,2313,0.2197054342305739
65346,2314,0.21832460732984293
65346,46580,0.20050257902393864
65648,66437,0.30583873957367935
65648,66673,0.29882996791847516
65648,66904,0.28705012504077415
65648,66952,0.3206173242038909
65648,2187,0.21834182491894397
65648,2313,0.2521423530597843
65648,2314,0.24852316302207483
65648,46580,0.21033163265306123
66437,66673,0.3376061120543294
66437,66904,0.28164967562557924
66437,66952,0.2864289612515918
66437,2187,0.2093914710110206
66437,2313,0.2428423594342877
66437,2314,0.23942791559989407
66437,46580,0.18020148026315788
66673,66904,0.273721939256744
66673,66952,0.2809863724853991
66673,2187,0.21347854569276123
66673,2313,0.247078611898017
66673,2314,0.23929152358575817
66673,46580,0.18895875519556646
66904,66952,0.2932347182945399
66904,2187,0.19771439189816967
66904,2313,0.22793375075742275
66904,2314,0.2305282940070996
66904,46580,0.20218863991662325
66952,2187,0.20847442115859796
66952,2313,0.2492988782051282
66952,2314,0.2471655328798186
66952,46580,0.20510229856024248
2187,2313,0.23933038999264164
2187,2314,0.22096924510717614
2187,46580,0.20436371944254056
2313,2314,0.41554131380178533
2313,46580,0.258627325208467
2314,46580,0.24380600948866632
